Filename,RMS,Pitch,Var,ZCR,Jitter,Shimmer,TEO,Label
1001_DFA_FEA_XX.wav,1329,166,265,0.085,30.37,36.55,1707763,FEA (Fear)
1001_IEO_ANG_HI.wav,1498,191,327,0.1182,34.82,32.46,1350713,ANG (Angry)
1001_DFA_SAD_XX.wav,381,153,329,0.088,44.76,27.9,96046,SAD (Sadness)
1001_DFA_DIS_XX.wav,484,163,282,0.0933,41.71,27.68,149727,DIS (Disgust)
1001_DFA_HAP_XX.wav,1223,178,337,0.086,37.29,36.29,1189217,HAP (Happy)
1001_DFA_ANG_XX.wav,1231,151,229,0.1029,35.4,32.21,1301803,ANG (Angry)
1001_DFA_NEU_XX.wav,595,157,343,0.0832,45.02,37.02,205136,NEU (Neutral)
1001_IEO_DIS_HI.wav,878,179,342,0.1092,41.31,29.77,530729,DIS (Disgust)
1001_IEO_DIS_MD.wav,403,158,233,0.0952,36.77,31.81,74322,DIS (Disgust)
1001_IEO_DIS_LO.wav,207,159,297,0.0797,43.38,23.97,8062,DIS (Disgust)
1001_IEO_ANG_LO.wav,508,152,327,0.0786,42.71,24.83,143596,ANG (Angry)
1001_IEO_ANG_MD.wav,654,175,325,0.1011,44.92,27.61,205143,ANG (Angry)
1001_IEO_FEA_LO.wav,557,165,326,0.1013,35.9,29.89,157359,FEA (Fear)
1001_IEO_FEA_MD.wav,893,146,303,0.1061,37.88,31.34,503557,FEA (Fear)
1001_IEO_FEA_HI.wav,1692,167,325,0.1001,36.19,42.85,2222033,FEA (Fear)
1001_IEO_HAP_HI.wav,2003,207,323,0.1336,28.03,33.59,2522246,HAP (Happy)
1001_IEO_HAP_LO.wav,541,163,341,0.0921,42.83,31.9,208230,HAP (Happy)
1001_IEO_HAP_MD.wav,791,162,346,0.0959,43.45,33.06,410360,HAP (Happy)
1001_IEO_NEU_XX.wav,379,162,304,0.0968,45.7,26.02,44465,NEU (Neutral)
1001_IEO_SAD_MD.wav,325,175,268,0.0852,35.96,24.0,26891,SAD (Sadness)
1001_IEO_SAD_HI.wav,386,155,235,0.0857,41.27,22.46,35683,SAD (Sadness)
1001_IEO_SAD_LO.wav,304,164,270,0.0792,35.13,19.12,32153,SAD (Sadness)
1001_IOM_ANG_XX.wav,813,159,308,0.0826,37.38,31.93,277617,ANG (Angry)
1001_IOM_DIS_XX.wav,329,152,261,0.075,44.49,27.78,41106,DIS (Disgust)
1001_IOM_SAD_XX.wav,490,153,341,0.0783,41.29,24.8,76171,SAD (Sadness)
1001_IOM_HAP_XX.wav,1130,184,304,0.0699,34.48,31.49,504356,HAP (Happy)
1001_IOM_NEU_XX.wav,639,164,334,0.0684,41.77,30.0,180639,NEU (Neutral)
1001_ITH_FEA_XX.wav,1506,179,329,0.0891,34.65,36.98,1639661,FEA (Fear)
1001_IOM_FEA_XX.wav,1281,156,331,0.0863,42.69,25.25,861348,FEA (Fear)
1001_ITH_DIS_XX.wav,377,156,305,0.1121,40.92,23.91,87065,DIS (Disgust)
1001_ITH_ANG_XX.wav,846,154,335,0.0969,46.2,41.6,602965,ANG (Angry)
1001_ITH_SAD_XX.wav,304,160,324,0.0884,42.29,23.69,35620,SAD (Sadness)
1001_ITH_HAP_XX.wav,1129,179,334,0.0857,35.69,38.7,1009326,HAP (Happy)
1001_ITH_NEU_XX.wav,528,170,340,0.0836,48.08,31.46,143244,NEU (Neutral)
1001_ITS_DIS_XX.wav,579,162,340,0.1407,39.24,29.88,189777,DIS (Disgust)
1001_ITS_FEA_XX.wav,1523,181,342,0.1271,31.56,36.19,1558081,FEA (Fear)
1001_ITS_ANG_XX.wav,1115,169,342,0.1425,40.27,33.87,1116858,ANG (Angry)
1001_ITS_NEU_XX.wav,570,183,334,0.1188,31.65,30.54,217891,NEU (Neutral)
1001_ITS_HAP_XX.wav,1294,183,317,0.1282,31.08,35.87,1158069,HAP (Happy)
1001_IWL_FEA_XX.wav,1357,170,345,0.0836,35.86,37.0,1092402,FEA (Fear)
1001_ITS_SAD_XX.wav,322,163,342,0.1116,41.9,27.81,54739,SAD (Sadness)
1001_IWL_DIS_XX.wav,517,167,338,0.0701,41.72,26.03,130756,DIS (Disgust)
1001_IWL_HAP_XX.wav,1250,193,334,0.0802,31.33,27.53,684431,HAP (Happy)
1001_IWW_ANG_XX.wav,773,179,344,0.1089,36.95,33.99,345042,ANG (Angry)
1001_IWL_ANG_XX.wav,1684,173,340,0.0922,30.27,28.86,1375566,ANG (Angry)
1001_IWW_DIS_XX.wav,477,151,340,0.1005,40.71,29.63,97960,DIS (Disgust)
1001_IWW_FEA_XX.wav,857,162,264,0.1142,41.57,32.01,523254,FEA (Fear)
1001_IWL_NEU_XX.wav,880,172,301,0.0742,34.56,26.05,389700,NEU (Neutral)
1001_IWW_HAP_XX.wav,766,168,285,0.1063,40.16,32.29,280556,HAP (Happy)
1001_IWL_SAD_XX.wav,393,159,339,0.0669,44.63,22.75,53531,SAD (Sadness)
1001_IWW_NEU_XX.wav,514,165,342,0.091,42.07,33.45,85115,NEU (Neutral)
1001_IWW_SAD_XX.wav,337,161,322,0.1027,43.29,23.61,57461,SAD (Sadness)
1001_MTI_FEA_XX.wav,1663,181,341,0.0776,30.18,31.17,1014051,FEA (Fear)
1001_MTI_NEU_XX.wav,877,182,334,0.0764,39.66,25.73,301188,NEU (Neutral)
1001_MTI_DIS_XX.wav,767,162,335,0.073,42.96,24.53,185222,DIS (Disgust)
1001_MTI_HAP_XX.wav,1573,184,338,0.0853,34.07,34.6,1302131,HAP (Happy)
1001_MTI_ANG_XX.wav,1325,174,328,0.0868,42.64,28.76,829265,ANG (Angry)
1001_TAI_FEA_XX.wav,1487,192,340,0.1068,32.18,29.33,1371209,FEA (Fear)
1001_MTI_SAD_XX.wav,506,179,327,0.0752,39.19,26.0,82081,SAD (Sadness)
1001_TAI_ANG_XX.wav,1390,180,341,0.1168,36.22,26.84,1394994,ANG (Angry)
1001_TAI_HAP_XX.wav,955,173,336,0.0998,45.0,29.86,656560,HAP (Happy)
1001_TAI_NEU_XX.wav,544,176,345,0.0989,49.81,28.74,184158,NEU (Neutral)
1001_TAI_DIS_XX.wav,663,160,336,0.1191,47.77,26.54,169740,DIS (Disgust)
1001_TAI_SAD_XX.wav,332,152,344,0.0855,44.44,25.73,27629,SAD (Sadness)
1001_TIE_DIS_XX.wav,821,162,340,0.1145,37.24,33.07,336665,DIS (Disgust)
1001_TIE_FEA_XX.wav,820,160,252,0.1075,38.0,30.82,488195,FEA (Fear)
1001_TIE_HAP_XX.wav,1181,166,342,0.1085,37.48,37.79,911787,HAP (Happy)
1001_TIE_ANG_XX.wav,663,165,339,0.1201,42.54,26.32,277022,ANG (Angry)
1001_TIE_NEU_XX.wav,491,145,255,0.0849,41.68,30.29,153761,NEU (Neutral)
1001_TSI_ANG_XX.wav,1348,179,330,0.2092,37.22,26.98,1538809,ANG (Angry)
1001_TSI_FEA_XX.wav,1607,194,335,0.1728,34.0,39.02,2380930,FEA (Fear)
1001_TSI_HAP_XX.wav,1181,176,345,0.1475,35.34,33.05,1040884,HAP (Happy)
1001_TSI_DIS_XX.wav,642,166,341,0.2138,40.1,27.6,299455,DIS (Disgust)
1001_TIE_SAD_XX.wav,284,152,310,0.0928,38.48,22.95,44339,SAD (Sadness)
1001_TSI_NEU_XX.wav,548,179,307,0.14,41.89,33.16,227979,NEU (Neutral)
1001_TSI_SAD_XX.wav,369,172,338,0.1303,42.03,27.57,127101,SAD (Sadness)
1001_WSI_HAP_XX.wav,1447,174,342,0.1337,38.3,34.9,1322371,HAP (Happy)
1001_WSI_FEA_XX.wav,1604,200,335,0.1312,23.97,41.18,1488569,FEA (Fear)
1001_WSI_DIS_XX.wav,496,173,337,0.1268,39.31,31.13,183392,DIS (Disgust)
1001_WSI_ANG_XX.wav,1216,192,325,0.1605,36.2,31.84,1040119,ANG (Angry)
1001_WSI_SAD_XX.wav,397,161,318,0.1106,44.88,30.22,115708,SAD (Sadness)
1002_DFA_ANG_XX.wav,1982,222,339,0.1856,27.88,44.75,11308869,ANG (Angry)
1002_DFA_HAP_XX.wav,640,213,339,0.1041,30.89,32.29,559212,HAP (Happy)
1001_WSI_NEU_XX.wav,620,169,330,0.1123,43.72,32.01,313116,NEU (Neutral)
1002_DFA_DIS_XX.wav,368,185,341,0.1361,40.31,32.16,146394,DIS (Disgust)
1002_DFA_FEA_XX.wav,473,206,342,0.0913,26.93,30.38,185189,FEA (Fear)
1002_DFA_NEU_XX.wav,276,168,218,0.0763,30.09,32.41,26675,NEU (Neutral)
1002_DFA_SAD_XX.wav,217,166,263,0.0858,35.16,25.71,15514,SAD (Sadness)
1002_IEO_ANG_LO.wav,1209,193,340,0.1218,31.18,39.61,3182386,ANG (Angry)
1002_IEO_ANG_HI.wav,724,180,339,0.105,31.3,37.56,889727,ANG (Angry)
1002_IEO_FEA_MD.wav,319,172,218,0.0924,26.78,30.48,38458,FEA (Fear)
1002_IEO_ANG_MD.wav,1077,189,321,0.1126,33.22,42.02,1589459,ANG (Angry)
1002_IEO_DIS_HI.wav,216,154,279,0.0647,42.01,25.97,17399,DIS (Disgust)
1002_IEO_DIS_MD.wav,889,183,339,0.1101,40.24,34.89,1281952,DIS (Disgust)
1002_IEO_DIS_LO.wav,444,169,341,0.1017,37.22,32.78,212692,DIS (Disgust)
1002_IEO_FEA_LO.wav,358,176,249,0.0875,33.46,30.05,59284,FEA (Fear)
1002_IEO_FEA_HI.wav,769,191,339,0.1153,31.02,34.31,970719,FEA (Fear)
1002_IEO_HAP_HI.wav,919,189,317,0.1294,32.1,32.13,928137,HAP (Happy)
1002_IEO_HAP_LO.wav,334,171,222,0.0798,33.97,27.63,42832,HAP (Happy)
1002_IEO_HAP_MD.wav,424,166,329,0.0921,33.99,30.83,146210,HAP (Happy)
1002_IEO_SAD_LO.wav,166,163,210,0.0632,40.27,23.33,2390,SAD (Sadness)
1002_IEO_NEU_XX.wav,251,167,229,0.0742,35.3,24.58,16991,NEU (Neutral)
1002_IEO_SAD_HI.wav,166,164,266,0.058,38.36,22.25,2864,SAD (Sadness)
1002_IEO_SAD_MD.wav,176,150,185,0.0608,38.35,23.48,3133,SAD (Sadness)
1002_IOM_ANG_XX.wav,1971,232,338,0.1327,21.21,29.31,7147040,ANG (Angry)
1002_IOM_NEU_XX.wav,375,178,343,0.0558,18.95,23.42,21956,NEU (Neutral)
1002_IOM_HAP_XX.wav,744,179,303,0.0802,27.74,26.94,361123,HAP (Happy)
1002_IOM_FEA_XX.wav,589,188,235,0.0497,22.96,21.29,60404,FEA (Fear)
1002_IOM_DIS_XX.wav,391,173,229,0.0683,23.82,29.22,55102,DIS (Disgust)
1002_IOM_SAD_XX.wav,366,159,307,0.057,29.14,19.73,35389,SAD (Sadness)
1002_ITH_ANG_XX.wav,646,199,331,0.1248,33.26,35.88,656672,ANG (Angry)
1002_ITH_NEU_XX.wav,285,186,252,0.0843,29.85,29.42,27938,NEU (Neutral)
1002_ITH_HAP_XX.wav,558,197,342,0.0946,29.95,38.59,260519,HAP (Happy)
1002_ITH_FEA_XX.wav,287,181,299,0.0812,29.58,30.11,38154,FEA (Fear)
1002_ITH_SAD_XX.wav,226,167,265,0.0916,40.28,27.07,14857,SAD (Sadness)
1002_ITH_DIS_XX.wav,376,181,339,0.1311,34.4,38.52,161299,DIS (Disgust)
1002_ITS_ANG_XX.wav,379,182,336,0.1192,36.42,32.33,100038,ANG (Angry)
1002_ITS_FEA_XX.wav,377,182,298,0.1121,41.41,30.28,70737,FEA (Fear)
1002_ITS_NEU_XX.wav,315,175,228,0.1071,27.74,31.16,19027,NEU (Neutral)
1002_ITS_DIS_XX.wav,298,170,325,0.1303,35.06,31.43,48112,DIS (Disgust)
1002_ITS_HAP_XX.wav,542,182,340,0.1518,34.31,31.46,193500,HAP (Happy)
1002_IWL_ANG_XX.wav,762,198,332,0.093,25.62,25.08,464298,ANG (Angry)
1002_IWL_DIS_XX.wav,729,208,342,0.0727,21.11,29.48,253424,DIS (Disgust)
1002_ITS_SAD_XX.wav,199,169,281,0.0837,37.28,26.56,4920,SAD (Sadness)
1002_IWL_HAP_XX.wav,488,190,340,0.0823,33.97,27.6,63732,HAP (Happy)
1002_IWW_ANG_XX.wav,686,186,340,0.124,26.41,42.86,350168,ANG (Angry)
1002_IWL_NEU_XX.wav,349,183,237,0.0614,26.03,23.9,19686,NEU (Neutral)
1002_IWL_SAD_XX.wav,311,180,236,0.0704,25.89,24.38,15841,SAD (Sadness)
1002_IWW_HAP_XX.wav,650,193,339,0.0998,30.98,32.51,265340,HAP (Happy)
1002_IWW_FEA_XX.wav,437,198,322,0.1229,27.72,27.7,79097,FEA (Fear)
1002_IWW_SAD_XX.wav,230,167,262,0.0848,31.4,25.62,10018,SAD (Sadness)
1002_IWW_NEU_XX.wav,316,185,259,0.079,22.8,27.57,15448,NEU (Neutral)
1002_IWL_FEA_XX.wav,388,181,333,0.0576,24.17,28.2,31227,FEA (Fear)
1002_IWW_DIS_XX.wav,469,188,344,0.1371,34.88,33.62,168295,DIS (Disgust)
1002_MTI_ANG_XX.wav,553,174,344,0.0971,33.11,24.64,147734,ANG (Angry)
1002_TAI_ANG_XX.wav,845,184,345,0.1208,35.16,36.01,722518,ANG (Angry)
1002_MTI_SAD_XX.wav,285,159,337,0.0674,32.74,25.27,30580,SAD (Sadness)
1002_MTI_FEA_XX.wav,436,176,340,0.0913,29.84,26.93,58417,FEA (Fear)
1002_MTI_HAP_XX.wav,802,204,339,0.0906,25.65,29.09,256863,HAP (Happy)
1002_MTI_NEU_XX.wav,278,177,340,0.0695,31.25,23.91,17911,NEU (Neutral)
1002_TAI_FEA_XX.wav,424,185,279,0.0903,28.37,26.4,46393,FEA (Fear)
1002_TAI_HAP_XX.wav,813,213,334,0.1162,26.28,33.55,504595,HAP (Happy)
1002_TAI_DIS_XX.wav,510,191,331,0.1051,31.65,32.69,157404,DIS (Disgust)
1002_MTI_DIS_XX.wav,606,189,342,0.1179,26.39,25.74,167682,DIS (Disgust)
1002_TAI_NEU_XX.wav,331,173,236,0.0897,31.34,25.35,25501,NEU (Neutral)
1002_TAI_SAD_XX.wav,285,170,338,0.1082,29.65,21.67,23844,SAD (Sadness)
1002_TIE_ANG_XX.wav,2165,262,331,0.202,20.14,37.88,8385062,ANG (Angry)
1002_TIE_HAP_XX.wav,1680,244,340,0.1478,19.89,31.36,3062061,HAP (Happy)
1002_TSI_ANG_XX.wav,688,189,337,0.2029,34.77,33.52,414387,ANG (Angry)
1002_TIE_FEA_XX.wav,1341,209,338,0.151,28.27,40.43,3070081,FEA (Fear)
1002_TSI_FEA_XX.wav,363,184,337,0.1667,38.13,24.74,69775,FEA (Fear)
1002_TSI_HAP_XX.wav,769,210,344,0.2013,33.16,32.32,525020,HAP (Happy)
1002_TIE_DIS_XX.wav,315,174,331,0.1314,28.65,24.97,47440,DIS (Disgust)
1002_TSI_DIS_XX.wav,670,204,339,0.2453,31.72,30.74,337053,DIS (Disgust)
1002_TSI_SAD_XX.wav,200,156,320,0.1596,41.96,26.35,15555,SAD (Sadness)
1002_WSI_ANG_XX.wav,1642,236,339,0.2261,24.65,38.66,3400935,ANG (Angry)
1002_TSI_NEU_XX.wav,312,181,327,0.1591,34.35,28.87,45847,NEU (Neutral)
1002_TIE_SAD_XX.wav,775,192,290,0.1188,26.42,32.85,536460,SAD (Sadness)
1002_WSI_NEU_XX.wav,313,183,250,0.1308,29.27,33.06,47535,NEU (Neutral)
1002_WSI_FEA_XX.wav,432,170,340,0.1522,31.6,31.74,202813,FEA (Fear)
1002_WSI_DIS_XX.wav,1215,219,342,0.2244,27.83,32.74,2500721,DIS (Disgust)
1002_WSI_HAP_XX.wav,575,191,345,0.165,31.67,31.3,257935,HAP (Happy)
1002_WSI_SAD_XX.wav,238,166,324,0.1395,39.43,25.16,16494,SAD (Sadness)
1003_DFA_FEA_XX.wav,325,181,244,0.0734,26.58,29.57,34394,FEA (Fear)
1003_DFA_DIS_XX.wav,208,151,263,0.086,40.48,26.49,17576,DIS (Disgust)
1003_DFA_ANG_XX.wav,1618,211,339,0.1616,29.49,46.08,7941397,ANG (Angry)
1003_IEO_ANG_HI.wav,2478,191,332,0.1279,28.26,35.06,9442818,ANG (Angry)
1003_DFA_NEU_XX.wav,338,166,288,0.0999,30.41,29.19,58335,NEU (Neutral)
1003_DFA_HAP_XX.wav,524,174,271,0.0779,34.43,36.54,307756,HAP (Happy)
1003_IEO_DIS_LO.wav,247,156,222,0.0722,36.12,25.92,18660,DIS (Disgust)
1003_IEO_DIS_MD.wav,245,169,334,0.1005,42.97,30.66,24341,DIS (Disgust)
1003_DFA_SAD_XX.wav,216,164,321,0.0725,34.89,29.07,12838,SAD (Sadness)
1003_IEO_ANG_LO.wav,1147,199,289,0.0958,30.5,26.48,1395331,ANG (Angry)
1003_IEO_ANG_MD.wav,1569,218,342,0.1097,30.51,34.7,3287915,ANG (Angry)
1003_IEO_DIS_HI.wav,405,162,345,0.0815,32.53,28.14,171160,DIS (Disgust)
1003_IEO_FEA_HI.wav,299,161,213,0.069,31.16,25.88,26869,FEA (Fear)
1003_IEO_FEA_LO.wav,266,168,219,0.0736,30.89,24.27,20026,FEA (Fear)
1003_IEO_FEA_MD.wav,236,164,342,0.0744,36.08,25.06,18672,FEA (Fear)
1003_IEO_HAP_HI.wav,433,163,256,0.0804,39.05,31.26,80867,HAP (Happy)
1003_IEO_HAP_LO.wav,305,174,298,0.076,30.19,28.34,31704,HAP (Happy)
1003_IEO_HAP_MD.wav,409,184,329,0.078,28.06,28.64,69990,HAP (Happy)
1003_IEO_NEU_XX.wav,333,167,251,0.0782,35.06,28.4,42576,NEU (Neutral)
1003_IEO_SAD_HI.wav,173,152,329,0.0647,34.64,23.83,3908,SAD (Sadness)
1003_IEO_SAD_LO.wav,181,154,210,0.0583,38.68,25.08,3317,SAD (Sadness)
1003_IEO_SAD_MD.wav,177,153,189,0.0623,38.2,24.03,4333,SAD (Sadness)
1003_IOM_ANG_XX.wav,2180,220,343,0.1434,18.83,27.43,6523029,ANG (Angry)
1003_IOM_FEA_XX.wav,351,178,202,0.0666,23.0,21.38,25132,FEA (Fear)
1003_IOM_HAP_XX.wav,497,179,333,0.0811,24.8,24.42,168409,HAP (Happy)
1003_IOM_DIS_XX.wav,429,168,219,0.0903,24.72,22.4,85710,DIS (Disgust)
1003_IOM_NEU_XX.wav,540,181,340,0.0809,28.6,23.96,189685,NEU (Neutral)
1003_IOM_SAD_XX.wav,272,171,225,0.0697,26.35,17.25,17154,SAD (Sadness)
1003_ITH_ANG_XX.wav,1635,216,344,0.1456,30.36,36.41,6802593,ANG (Angry)
1003_ITH_HAP_XX.wav,462,178,245,0.0934,26.28,33.47,142658,HAP (Happy)
1003_ITH_DIS_XX.wav,271,162,341,0.0851,34.1,23.51,37185,DIS (Disgust)
1003_ITH_FEA_XX.wav,275,167,204,0.0869,28.9,25.06,24049,FEA (Fear)
1003_ITH_SAD_XX.wav,261,158,253,0.0808,31.89,31.35,32536,SAD (Sadness)
1003_ITS_FEA_XX.wav,272,175,228,0.1078,29.7,28.12,15637,FEA (Fear)
1003_ITH_NEU_XX.wav,519,179,340,0.104,26.72,31.48,227786,NEU (Neutral)
1003_ITS_DIS_XX.wav,247,184,300,0.1025,21.93,22.75,18221,DIS (Disgust)
1003_ITS_ANG_XX.wav,1398,218,340,0.1753,24.77,34.41,4061233,ANG (Angry)
1003_ITS_HAP_XX.wav,513,208,321,0.1139,23.02,26.9,163622,HAP (Happy)
1003_ITS_SAD_XX.wav,231,165,332,0.0929,31.11,25.43,8340,SAD (Sadness)
1003_IWL_ANG_XX.wav,2762,266,341,0.1321,17.42,31.03,8914216,ANG (Angry)
1003_ITS_NEU_XX.wav,468,209,229,0.1129,17.72,25.26,91548,NEU (Neutral)
1003_IWL_FEA_XX.wav,390,190,315,0.066,22.27,25.28,65443,FEA (Fear)
1003_IWW_FEA_XX.wav,835,226,254,0.116,18.14,28.93,186283,FEA (Fear)
1003_IWW_DIS_XX.wav,289,162,317,0.1023,33.19,24.04,28818,DIS (Disgust)
1003_IWL_HAP_XX.wav,638,184,298,0.0841,25.42,28.04,262587,HAP (Happy)
1003_IWL_NEU_XX.wav,479,171,286,0.0808,22.73,22.26,185150,NEU (Neutral)
1003_IWL_SAD_XX.wav,266,175,340,0.0634,26.73,21.56,11730,SAD (Sadness)
1003_IWW_SAD_XX.wav,244,171,237,0.083,26.49,23.53,8046,SAD (Sadness)
1003_IWL_DIS_XX.wav,370,163,342,0.0759,29.58,19.68,66715,DIS (Disgust)
1003_IWW_ANG_XX.wav,1256,208,339,0.1213,27.42,32.83,3580448,ANG (Angry)
1003_MTI_ANG_XX.wav,2968,271,310,0.1519,11.76,30.57,7320053,ANG (Angry)
1003_IWW_NEU_XX.wav,348,173,227,0.0964,28.37,29.94,45342,NEU (Neutral)
1003_IWW_HAP_XX.wav,669,186,328,0.099,31.12,32.18,338652,HAP (Happy)
1003_MTI_FEA_XX.wav,391,178,341,0.0777,24.3,24.02,45371,FEA (Fear)
1003_MTI_HAP_XX.wav,688,192,336,0.096,21.5,23.92,348322,HAP (Happy)
1003_TAI_ANG_XX.wav,1936,222,327,0.151,29.18,34.86,6275405,ANG (Angry)
1003_TAI_DIS_XX.wav,405,159,281,0.1113,27.97,23.97,154882,DIS (Disgust)
1003_MTI_NEU_XX.wav,380,169,320,0.0788,24.56,23.2,73382,NEU (Neutral)
1003_MTI_DIS_XX.wav,308,170,345,0.0793,30.45,24.17,34642,DIS (Disgust)
1003_TAI_FEA_XX.wav,466,181,277,0.1027,22.41,25.21,64349,FEA (Fear)
1003_MTI_SAD_XX.wav,310,177,229,0.073,23.6,20.92,33863,SAD (Sadness)
1003_TAI_SAD_XX.wav,437,197,298,0.1251,21.78,21.22,54502,SAD (Sadness)
1003_TAI_HAP_XX.wav,835,193,327,0.1123,20.65,24.61,483013,HAP (Happy)
1003_TIE_ANG_XX.wav,1545,237,345,0.1514,20.75,35.69,5232806,ANG (Angry)
1003_TIE_FEA_XX.wav,989,224,345,0.1096,23.39,34.44,1036973,FEA (Fear)
1003_TAI_NEU_XX.wav,451,170,302,0.0986,27.83,23.57,132438,NEU (Neutral)
1003_TIE_HAP_XX.wav,349,166,344,0.0934,33.49,27.3,89123,HAP (Happy)
1003_TIE_NEU_XX.wav,388,164,290,0.1113,29.53,26.75,172237,NEU (Neutral)
1003_TIE_DIS_XX.wav,364,163,334,0.1039,34.34,28.59,186450,DIS (Disgust)
1003_TSI_FEA_XX.wav,641,209,342,0.1456,24.61,29.57,263078,FEA (Fear)
1003_TSI_DIS_XX.wav,340,178,295,0.1586,31.86,25.31,91196,DIS (Disgust)
1003_TSI_ANG_XX.wav,1138,225,307,0.2062,20.64,28.68,2407930,ANG (Angry)
1003_TSI_HAP_XX.wav,889,217,327,0.1477,14.9,23.31,161523,HAP (Happy)
1003_TIE_SAD_XX.wav,240,166,212,0.0832,34.75,27.99,22938,SAD (Sadness)
1003_TSI_SAD_XX.wav,503,196,287,0.1015,20.08,20.74,23121,SAD (Sadness)
1003_TSI_NEU_XX.wav,614,203,323,0.1496,15.99,23.77,110511,NEU (Neutral)
1003_WSI_ANG_XX.wav,1743,246,332,0.1908,20.19,37.29,6117273,ANG (Angry)
1003_WSI_HAP_XX.wav,658,207,328,0.1258,22.53,30.19,323271,HAP (Happy)
1003_WSI_FEA_XX.wav,254,170,223,0.1011,32.58,28.99,13463,FEA (Fear)
1003_WSI_DIS_XX.wav,260,167,344,0.1513,34.45,25.97,31899,DIS (Disgust)
1003_WSI_NEU_XX.wav,540,198,227,0.1339,26.27,28.54,137266,NEU (Neutral)
1003_WSI_SAD_XX.wav,321,183,321,0.1019,31.63,26.13,33737,SAD (Sadness)
1004_DFA_DIS_XX.wav,264,163,282,0.088,34.36,25.71,39474,DIS (Disgust)
1004_DFA_ANG_XX.wav,1148,193,334,0.1427,24.41,34.02,4577582,ANG (Angry)
1004_DFA_HAP_XX.wav,509,186,286,0.089,30.67,31.31,278516,HAP (Happy)
1004_DFA_FEA_XX.wav,237,163,322,0.0907,36.75,27.69,22307,FEA (Fear)
1004_DFA_SAD_XX.wav,186,166,219,0.0783,36.1,34.22,8321,SAD (Sadness)
1004_IEO_ANG_LO.wav,986,202,305,0.11,27.18,35.73,1178031,ANG (Angry)
1004_DFA_NEU_XX.wav,291,179,312,0.1096,35.44,27.26,45771,NEU (Neutral)
1004_IEO_ANG_MD.wav,2195,249,343,0.1412,19.43,40.83,6122575,ANG (Angry)
1004_IEO_DIS_LO.wav,208,156,276,0.0768,35.63,22.8,8085,DIS (Disgust)
1004_IEO_ANG_HI.wav,2084,229,345,0.1733,30.27,37.48,9738721,ANG (Angry)
1004_IEO_FEA_MD.wav,292,177,285,0.0979,30.94,28.33,21229,FEA (Fear)
1004_IEO_NEU_XX.wav,313,171,290,0.0822,27.3,28.56,43564,NEU (Neutral)
1004_IEO_HAP_LO.wav,276,167,340,0.0845,30.39,26.39,31984,HAP (Happy)
1004_IEO_FEA_HI.wav,194,168,277,0.0787,31.38,23.79,7173,FEA (Fear)
1004_IEO_DIS_MD.wav,432,172,344,0.097,28.23,24.39,111178,DIS (Disgust)
1004_IEO_DIS_HI.wav,250,158,277,0.0747,35.51,26.79,23869,DIS (Disgust)
1004_IEO_HAP_HI.wav,2379,240,344,0.1521,23.51,34.12,8464503,HAP (Happy)
1004_IEO_HAP_MD.wav,520,173,323,0.1233,33.9,29.59,183387,HAP (Happy)
1004_IEO_FEA_LO.wav,247,172,290,0.0997,32.33,25.23,18383,FEA (Fear)
1004_IEO_SAD_LO.wav,183,165,258,0.0831,34.26,21.81,4746,SAD (Sadness)
1004_IOM_ANG_XX.wav,1106,184,219,0.1083,23.9,28.57,1261471,ANG (Angry)
1004_IEO_SAD_MD.wav,154,158,276,0.067,41.8,24.73,2245,SAD (Sadness)
1004_IOM_FEA_XX.wav,295,177,248,0.0703,24.88,21.96,10991,FEA (Fear)
1004_IEO_SAD_HI.wav,176,164,231,0.0638,37.89,24.78,4025,SAD (Sadness)
1004_IOM_HAP_XX.wav,626,174,344,0.0949,20.52,27.29,404081,HAP (Happy)
1004_IOM_DIS_XX.wav,318,171,265,0.0587,24.1,20.19,17652,DIS (Disgust)
1004_IOM_NEU_XX.wav,291,157,290,0.0679,28.46,20.3,18051,NEU (Neutral)
1004_IOM_SAD_XX.wav,265,166,219,0.0572,25.71,19.29,13301,SAD (Sadness)
1004_ITH_HAP_XX.wav,271,179,331,0.0989,28.44,29.01,38148,HAP (Happy)
1004_ITH_ANG_XX.wav,1113,192,332,0.1241,28.36,45.35,1924380,ANG (Angry)
1004_ITH_DIS_XX.wav,226,166,342,0.0798,37.93,24.19,15916,DIS (Disgust)
1004_ITH_FEA_XX.wav,213,167,314,0.1152,40.67,25.88,26219,FEA (Fear)
1004_ITS_NEU_XX.wav,320,179,314,0.1649,26.57,32.08,36060,NEU (Neutral)
1004_ITS_DIS_XX.wav,260,174,293,0.0988,36.17,25.75,24823,DIS (Disgust)
1004_ITS_FEA_XX.wav,217,165,250,0.1294,29.75,27.64,9055,FEA (Fear)
1004_ITS_HAP_XX.wav,354,178,261,0.1145,26.19,27.96,28218,HAP (Happy)
1004_ITH_SAD_XX.wav,208,158,229,0.0696,30.33,24.47,11306,SAD (Sadness)
1004_ITS_ANG_XX.wav,592,190,292,0.1511,24.4,37.14,288610,ANG (Angry)
1004_IWL_DIS_XX.wav,542,181,343,0.0921,32.24,27.32,126455,DIS (Disgust)
1004_ITH_NEU_XX.wav,271,163,297,0.0904,32.36,26.99,30499,NEU (Neutral)
1004_ITS_SAD_XX.wav,248,194,280,0.0744,30.62,29.26,5820,SAD (Sadness)
1004_IWL_ANG_XX.wav,1573,203,342,0.1117,19.85,36.75,2602968,ANG (Angry)
1004_IWL_FEA_XX.wav,218,168,324,0.0745,30.18,23.3,8875,FEA (Fear)
1004_IWL_HAP_XX.wav,379,186,344,0.0756,28.68,30.29,81092,HAP (Happy)
1004_IWW_ANG_XX.wav,541,166,336,0.1229,33.98,32.83,206342,ANG (Angry)
1004_IWW_FEA_XX.wav,336,175,267,0.0993,30.45,28.13,25798,FEA (Fear)
1004_IWL_SAD_XX.wav,439,197,326,0.0796,28.28,29.67,94454,SAD (Sadness)
1004_IWW_DIS_XX.wav,226,156,204,0.0939,34.48,23.97,10237,DIS (Disgust)
1004_IWL_NEU_XX.wav,332,163,340,0.0745,29.14,27.81,58028,NEU (Neutral)
1004_IWW_NEU_XX.wav,293,172,312,0.1021,27.96,29.97,32341,NEU (Neutral)
1004_IWW_SAD_XX.wav,214,163,200,0.0815,25.63,19.89,5484,SAD (Sadness)
1004_MTI_DIS_XX.wav,288,163,341,0.0841,37.24,24.07,20211,DIS (Disgust)
1004_MTI_ANG_XX.wav,667,184,308,0.0911,28.27,37.45,313721,ANG (Angry)
1004_IWW_HAP_XX.wav,281,166,302,0.0889,34.02,28.92,33723,HAP (Happy)
1004_MTI_FEA_XX.wav,253,169,342,0.0788,28.83,24.38,11253,FEA (Fear)
1004_MTI_HAP_XX.wav,330,157,340,0.0782,33.39,24.24,40571,HAP (Happy)
1004_MTI_SAD_XX.wav,221,168,336,0.068,32.05,24.29,12240,SAD (Sadness)
1004_TAI_ANG_XX.wav,489,187,336,0.12,25.54,30.86,148719,ANG (Angry)
1004_MTI_NEU_XX.wav,355,170,291,0.0871,31.69,23.86,43637,NEU (Neutral)
1004_TAI_FEA_XX.wav,313,166,281,0.0986,34.8,25.29,24514,FEA (Fear)
1004_TAI_HAP_XX.wav,323,183,344,0.099,26.27,26.92,25970,HAP (Happy)
1004_TIE_ANG_XX.wav,2051,238,331,0.2131,24.8,43.82,10149054,ANG (Angry)
1004_TAI_DIS_XX.wav,267,167,344,0.0981,36.05,25.57,20982,DIS (Disgust)
1004_TAI_NEU_XX.wav,313,171,280,0.1056,31.91,23.61,37255,NEU (Neutral)
1004_TAI_SAD_XX.wav,206,175,256,0.0985,32.9,23.62,8482,SAD (Sadness)
1004_TIE_NEU_XX.wav,256,163,299,0.0928,39.79,26.65,33803,NEU (Neutral)
1004_TIE_FEA_XX.wav,342,187,295,0.1049,29.25,27.65,51084,FEA (Fear)
1004_TIE_HAP_XX.wav,1322,211,316,0.1264,18.91,33.7,1786111,HAP (Happy)
1004_TSI_ANG_XX.wav,681,195,332,0.2091,29.23,36.58,389627,ANG (Angry)
1004_TIE_SAD_XX.wav,173,173,212,0.0833,34.89,23.98,4243,SAD (Sadness)
1004_TSI_FEA_XX.wav,317,172,296,0.1821,32.92,34.13,38249,FEA (Fear)
1004_TSI_DIS_XX.wav,310,174,329,0.173,31.46,26.07,48645,DIS (Disgust)
1004_TIE_DIS_XX.wav,385,165,344,0.1024,36.0,26.29,88211,DIS (Disgust)
1004_WSI_ANG_XX.wav,1089,210,338,0.1772,20.18,36.83,1563342,ANG (Angry)
1004_TSI_NEU_XX.wav,383,174,289,0.2404,29.67,31.79,45785,NEU (Neutral)
1004_WSI_FEA_XX.wav,455,190,256,0.1211,17.74,28.57,75571,FEA (Fear)
1004_WSI_DIS_XX.wav,312,162,321,0.1245,41.35,27.27,38945,DIS (Disgust)
1004_TSI_HAP_XX.wav,306,174,299,0.2227,35.22,32.68,57647,HAP (Happy)
1004_WSI_HAP_XX.wav,706,213,329,0.1588,23.08,33.04,367556,HAP (Happy)
1005_DFA_ANG_XX.wav,1794,216,343,0.1256,24.34,40.79,4462835,ANG (Angry)
1004_WSI_NEU_XX.wav,436,172,284,0.1386,30.43,31.64,125456,NEU (Neutral)
1004_WSI_SAD_XX.wav,195,164,311,0.0834,31.43,24.28,6478,SAD (Sadness)
1004_TSI_SAD_XX.wav,180,173,296,0.1565,30.58,22.79,6697,SAD (Sadness)
1005_DFA_HAP_XX.wav,1051,183,332,0.1128,28.75,35.15,2002690,HAP (Happy)
1005_IEO_ANG_HI.wav,3029,232,272,0.1409,19.79,33.84,8054880,ANG (Angry)
1005_DFA_NEU_XX.wav,401,168,337,0.0826,38.12,34.73,114996,NEU (Neutral)
1005_IEO_DIS_MD.wav,711,161,302,0.0989,34.7,29.05,273550,DIS (Disgust)
1005_IEO_DIS_LO.wav,224,151,230,0.0767,34.61,21.36,9633,DIS (Disgust)
1005_IEO_DIS_HI.wav,912,177,339,0.1179,32.3,27.14,650535,DIS (Disgust)
1005_IEO_FEA_LO.wav,267,143,227,0.0763,36.99,27.66,19560,FEA (Fear)
1005_IEO_FEA_HI.wav,1225,190,312,0.1185,28.83,30.04,2042593,FEA (Fear)
1005_DFA_SAD_XX.wav,307,148,320,0.0917,36.67,24.64,51406,SAD (Sadness)
1005_IEO_ANG_LO.wav,433,158,321,0.0975,38.78,30.09,61113,ANG (Angry)
1005_IEO_FEA_MD.wav,397,152,345,0.1017,40.87,30.55,117581,FEA (Fear)
1005_DFA_FEA_XX.wav,1721,220,299,0.0965,19.68,40.65,2443057,FEA (Fear)
1005_IEO_ANG_MD.wav,788,168,300,0.108,28.71,32.02,403141,ANG (Angry)
1005_IEO_HAP_LO.wav,263,160,331,0.088,36.7,25.86,14587,HAP (Happy)
1005_IEO_SAD_HI.wav,305,146,208,0.0843,37.05,28.08,32806,SAD (Sadness)
1005_IEO_HAP_MD.wav,447,152,328,0.1054,38.96,29.57,66974,HAP (Happy)
1005_DFA_DIS_XX.wav,864,174,336,0.139,35.94,32.1,1257329,DIS (Disgust)
1005_IEO_HAP_HI.wav,1285,189,334,0.1203,27.78,33.43,983083,HAP (Happy)
1005_IEO_NEU_XX.wav,312,161,328,0.0804,38.11,23.54,24044,NEU (Neutral)
1005_IEO_SAD_MD.wav,213,159,343,0.0734,38.73,23.95,6817,SAD (Sadness)
1005_IOM_DIS_XX.wav,300,147,311,0.0886,34.31,23.45,33295,DIS (Disgust)
1005_IOM_NEU_XX.wav,375,140,346,0.0731,43.88,23.04,61766,NEU (Neutral)
1005_IEO_SAD_LO.wav,157,141,216,0.0658,35.97,25.6,1907,SAD (Sadness)
1005_IOM_FEA_XX.wav,380,148,330,0.0796,32.2,20.45,40862,FEA (Fear)
1005_IOM_SAD_XX.wav,259,143,269,0.06,36.33,19.91,11289,SAD (Sadness)
1005_IOM_HAP_XX.wav,1295,177,212,0.1015,24.12,33.81,1031905,HAP (Happy)
1005_ITH_FEA_XX.wav,793,169,327,0.1037,32.02,34.09,508822,FEA (Fear)
1005_ITH_HAP_XX.wav,735,160,341,0.0949,32.99,31.63,412229,HAP (Happy)
1005_IOM_ANG_XX.wav,2000,196,289,0.1193,20.48,31.57,3950191,ANG (Angry)
1005_ITH_NEU_XX.wav,421,151,331,0.0941,40.65,35.54,190734,NEU (Neutral)
1005_ITH_SAD_XX.wav,356,152,302,0.0894,38.48,30.57,107279,SAD (Sadness)
1005_ITH_ANG_XX.wav,1075,173,340,0.1054,31.92,36.38,2197852,ANG (Angry)
1005_ITS_HAP_XX.wav,1014,199,333,0.1387,29.92,35.21,747824,HAP (Happy)
1005_ITS_SAD_XX.wav,520,173,310,0.1587,29.04,26.92,171183,SAD (Sadness)
1005_ITS_FEA_XX.wav,462,154,244,0.0962,30.65,23.13,68898,FEA (Fear)
1005_ITS_ANG_XX.wav,1032,192,334,0.141,31.04,31.08,1614832,ANG (Angry)
1005_ITH_DIS_XX.wav,692,150,340,0.1205,37.43,33.48,767094,DIS (Disgust)
1005_ITS_NEU_XX.wav,404,158,324,0.1323,42.94,30.59,152353,NEU (Neutral)
1005_IWL_DIS_XX.wav,771,140,332,0.0948,29.79,23.2,302262,DIS (Disgust)
1005_ITS_DIS_XX.wav,417,153,344,0.1843,42.59,23.75,174002,DIS (Disgust)
1005_IWL_HAP_XX.wav,801,178,327,0.0818,26.82,29.01,360708,HAP (Happy)
1005_IWL_FEA_XX.wav,694,163,321,0.0692,28.96,28.05,151245,FEA (Fear)
1005_IWL_ANG_XX.wav,1539,183,333,0.0877,27.8,27.74,1770033,ANG (Angry)
1005_IWW_NEU_XX.wav,324,164,341,0.0871,43.45,26.41,27560,NEU (Neutral)
1005_IWL_SAD_XX.wav,347,149,289,0.0595,36.45,21.84,29416,SAD (Sadness)
1005_IWW_HAP_XX.wav,448,159,331,0.106,31.55,28.45,42037,HAP (Happy)
1005_IWW_DIS_XX.wav,272,156,339,0.0911,45.93,26.33,28413,DIS (Disgust)
1005_IWW_SAD_XX.wav,307,145,216,0.0872,40.41,20.36,20033,SAD (Sadness)
1005_IWW_FEA_XX.wav,217,134,214,0.0731,36.03,23.24,10011,FEA (Fear)
1005_IWL_NEU_XX.wav,550,149,323,0.0778,32.26,22.14,167991,NEU (Neutral)
1005_IWW_ANG_XX.wav,315,145,298,0.0951,39.92,28.17,77188,ANG (Angry)
1005_MTI_DIS_XX.wav,489,156,325,0.0783,39.44,21.66,101866,DIS (Disgust)
1005_MTI_FEA_XX.wav,334,150,207,0.0648,26.17,25.0,18247,FEA (Fear)
1005_TAI_FEA_XX.wav,1677,191,340,0.1244,18.11,24.89,1386928,FEA (Fear)
1005_MTI_SAD_XX.wav,512,163,345,0.078,41.26,19.39,74890,SAD (Sadness)
1005_MTI_HAP_XX.wav,986,175,337,0.0837,30.33,22.84,522214,HAP (Happy)
1005_MTI_NEU_XX.wav,377,166,342,0.0765,35.59,20.94,62800,NEU (Neutral)
1005_TAI_ANG_XX.wav,1014,182,345,0.12,26.63,25.1,684209,ANG (Angry)
1005_MTI_ANG_XX.wav,1124,175,342,0.0885,37.47,27.14,1176032,ANG (Angry)
1005_TAI_DIS_XX.wav,773,165,337,0.1294,36.56,26.62,425662,DIS (Disgust)
1005_TIE_ANG_XX.wav,1462,172,343,0.1286,34.81,33.58,2126050,ANG (Angry)
1005_TAI_HAP_XX.wav,449,171,336,0.0973,41.13,25.31,54246,HAP (Happy)
1005_TIE_DIS_XX.wav,969,167,346,0.1234,33.83,31.61,1255520,DIS (Disgust)
1005_TIE_FEA_XX.wav,1458,184,305,0.1101,23.64,33.24,2092335,FEA (Fear)
1005_TAI_NEU_XX.wav,269,148,345,0.0803,40.91,23.02,28379,NEU (Neutral)
1005_TIE_NEU_XX.wav,327,169,340,0.0905,44.51,25.12,52543,NEU (Neutral)
1005_TAI_SAD_XX.wav,253,145,343,0.083,38.02,21.13,11544,SAD (Sadness)
1005_TSI_ANG_XX.wav,1569,203,333,0.2173,32.51,30.72,2492214,ANG (Angry)
1005_TIE_HAP_XX.wav,1715,198,333,0.1171,23.76,31.28,2786387,HAP (Happy)
1005_TSI_FEA_XX.wav,823,181,339,0.1677,34.83,29.45,386137,FEA (Fear)
1005_TIE_SAD_XX.wav,312,153,343,0.0818,36.57,26.39,44237,SAD (Sadness)
1005_TSI_HAP_XX.wav,1312,195,341,0.233,30.68,29.84,1153746,HAP (Happy)
1005_TSI_NEU_XX.wav,389,156,302,0.1773,36.64,24.87,67683,NEU (Neutral)
1005_TSI_SAD_XX.wav,636,170,336,0.2093,36.5,22.95,229465,SAD (Sadness)
1005_TSI_DIS_XX.wav,566,170,313,0.2256,37.2,21.66,243663,DIS (Disgust)
1005_WSI_ANG_XX.wav,1914,203,253,0.1835,21.3,39.44,3115398,ANG (Angry)
1005_WSI_SAD_XX.wav,403,136,219,0.0997,32.56,24.78,55334,SAD (Sadness)
1005_WSI_FEA_XX.wav,776,169,308,0.1291,25.81,31.61,270238,FEA (Fear)
1006_DFA_FEA_XX.wav,296,188,328,0.0553,31.62,25.82,7158,FEA (Fear)
1005_WSI_HAP_XX.wav,848,182,269,0.1455,25.92,38.81,497847,HAP (Happy)
1006_DFA_DIS_XX.wav,281,181,338,0.0789,34.56,22.91,10080,DIS (Disgust)
1005_WSI_NEU_XX.wav,427,150,243,0.1259,38.8,28.29,128017,NEU (Neutral)
1006_DFA_ANG_XX.wav,2644,255,329,0.1181,21.44,35.01,11303904,ANG (Angry)
1005_WSI_DIS_XX.wav,417,160,336,0.1501,30.2,24.61,91585,DIS (Disgust)
1006_DFA_NEU_XX.wav,401,177,237,0.0564,27.98,26.07,21833,NEU (Neutral)
1006_IEO_ANG_MD.wav,918,207,327,0.0874,20.84,29.67,312051,ANG (Angry)
1006_IEO_ANG_HI.wav,2510,248,334,0.0884,17.56,29.52,5309313,ANG (Angry)
1006_DFA_HAP_XX.wav,650,220,341,0.0752,19.89,29.71,245655,HAP (Happy)
1006_IEO_ANG_LO.wav,380,193,343,0.0572,24.45,24.16,21138,ANG (Angry)
1006_IEO_FEA_LO.wav,246,191,344,0.0566,33.53,26.01,2618,FEA (Fear)
1006_IEO_DIS_MD.wav,572,205,326,0.0705,26.63,32.98,107656,DIS (Disgust)
1006_IEO_DIS_HI.wav,852,209,273,0.0756,22.45,29.17,313934,DIS (Disgust)
1006_IEO_FEA_HI.wav,340,198,289,0.0712,25.55,27.62,15548,FEA (Fear)
1006_DFA_SAD_XX.wav,338,200,335,0.0569,31.14,26.22,12908,SAD (Sadness)
1006_IEO_DIS_LO.wav,282,176,309,0.0507,34.9,22.81,7987,DIS (Disgust)
1006_IEO_HAP_LO.wav,371,186,274,0.0656,28.38,27.24,34929,HAP (Happy)
1006_IEO_HAP_HI.wav,1099,240,333,0.0887,21.11,38.23,462613,HAP (Happy)
1006_IEO_HAP_MD.wav,535,209,341,0.0671,27.28,30.33,112378,HAP (Happy)
1006_IEO_NEU_XX.wav,318,172,203,0.0531,34.98,22.34,10440,NEU (Neutral)
1006_IEO_SAD_LO.wav,234,170,286,0.0477,41.4,19.78,1809,SAD (Sadness)
1006_IEO_FEA_MD.wav,292,194,244,0.0586,30.78,24.6,8131,FEA (Fear)
1006_IEO_SAD_MD.wav,283,183,343,0.0543,28.73,20.81,4614,SAD (Sadness)
1006_IEO_SAD_HI.wav,204,178,277,0.065,34.73,23.35,1898,SAD (Sadness)
1006_IOM_DIS_XX.wav,339,178,321,0.0451,29.24,19.77,10171,DIS (Disgust)
1006_IOM_ANG_XX.wav,2115,260,333,0.0792,15.39,32.83,3557686,ANG (Angry)
1006_IOM_HAP_XX.wav,683,194,342,0.0638,25.62,28.54,171375,HAP (Happy)
1006_IOM_SAD_XX.wav,375,185,346,0.0535,23.65,23.18,18268,SAD (Sadness)
1006_ITH_ANG_XX.wav,967,209,337,0.0822,20.03,32.81,623432,ANG (Angry)
1006_IOM_NEU_XX.wav,427,173,239,0.0494,25.63,18.63,29726,NEU (Neutral)
1006_ITH_FEA_XX.wav,296,190,285,0.0544,25.75,26.11,10784,FEA (Fear)
1006_ITH_NEU_XX.wav,384,175,238,0.0568,28.05,26.81,22535,NEU (Neutral)
1006_IOM_FEA_XX.wav,492,188,333,0.0456,22.03,24.05,21899,FEA (Fear)
1006_ITS_DIS_XX.wav,250,180,219,0.0701,32.46,21.72,4023,DIS (Disgust)
1006_ITH_SAD_XX.wav,293,183,218,0.0499,26.88,24.16,10024,SAD (Sadness)
1006_ITH_HAP_XX.wav,514,200,248,0.0603,25.53,26.63,75873,HAP (Happy)
1006_ITH_DIS_XX.wav,286,177,345,0.0534,29.01,23.35,8540,DIS (Disgust)
1006_ITS_ANG_XX.wav,1041,227,346,0.1093,17.72,35.03,578857,ANG (Angry)
1006_ITS_HAP_XX.wav,621,218,329,0.0854,25.05,34.08,106997,HAP (Happy)
1006_ITS_NEU_XX.wav,395,190,222,0.0725,19.41,25.78,19057,NEU (Neutral)
1006_ITS_FEA_XX.wav,331,188,253,0.0904,28.66,27.14,14183,FEA (Fear)
1006_IWL_ANG_XX.wav,3947,252,341,0.0832,15.24,27.92,11514340,ANG (Angry)
1006_IWL_HAP_XX.wav,660,203,333,0.0628,27.73,28.65,151850,HAP (Happy)
1006_IWW_ANG_XX.wav,771,198,328,0.0698,31.68,28.02,188343,ANG (Angry)
1006_IWL_NEU_XX.wav,421,184,276,0.05,21.96,22.64,34444,NEU (Neutral)
1006_IWL_DIS_XX.wav,601,191,305,0.0597,24.42,25.08,102834,DIS (Disgust)
1006_IWL_FEA_XX.wav,471,215,232,0.0588,15.12,23.95,38330,FEA (Fear)
1006_IWL_SAD_XX.wav,453,192,334,0.0562,24.38,21.85,27032,SAD (Sadness)
1006_ITS_SAD_XX.wav,274,179,341,0.0731,33.87,24.26,5954,SAD (Sadness)
1006_IWW_DIS_XX.wav,272,176,340,0.0555,32.26,22.47,6628,DIS (Disgust)
1006_IWW_HAP_XX.wav,437,206,331,0.0735,21.67,31.94,28822,HAP (Happy)
1006_IWW_FEA_XX.wav,303,171,231,0.0634,22.43,22.41,11128,FEA (Fear)
1006_MTI_ANG_XX.wav,2333,217,328,0.0716,20.44,32.1,3555310,ANG (Angry)
1006_IWW_NEU_XX.wav,403,180,262,0.0599,23.95,27.57,25326,NEU (Neutral)
1006_MTI_HAP_XX.wav,751,209,342,0.0593,26.24,30.62,147996,HAP (Happy)
1006_MTI_DIS_XX.wav,416,177,335,0.0553,24.36,22.02,27395,DIS (Disgust)
1006_TAI_ANG_XX.wav,1483,240,345,0.0819,20.63,29.61,1362420,ANG (Angry)
1006_MTI_FEA_XX.wav,376,194,342,0.0505,26.9,27.2,12756,FEA (Fear)
1006_IWW_SAD_XX.wav,306,193,333,0.0584,27.91,22.42,7156,SAD (Sadness)
1006_TAI_DIS_XX.wav,518,197,335,0.0675,28.41,28.96,59126,DIS (Disgust)
1006_TAI_FEA_XX.wav,353,194,306,0.0626,17.16,25.71,9218,FEA (Fear)
1006_MTI_SAD_XX.wav,370,201,344,0.0544,25.89,26.45,19042,SAD (Sadness)
1006_MTI_NEU_XX.wav,455,190,330,0.053,25.59,25.98,37253,NEU (Neutral)
1006_TAI_NEU_XX.wav,393,179,342,0.0612,29.97,24.43,18331,NEU (Neutral)
1006_TAI_HAP_XX.wav,824,214,335,0.068,26.47,31.79,291356,HAP (Happy)
1006_TIE_HAP_XX.wav,403,177,233,0.06,28.09,27.38,24294,HAP (Happy)
1006_TIE_DIS_XX.wav,803,193,346,0.0783,24.41,30.54,284139,DIS (Disgust)
1006_TIE_ANG_XX.wav,511,196,255,0.0854,20.07,30.9,138998,ANG (Angry)
1006_TIE_FEA_XX.wav,1040,236,336,0.0861,14.78,34.73,439769,FEA (Fear)
1006_TAI_SAD_XX.wav,290,201,343,0.0681,27.28,27.34,8839,SAD (Sadness)
1006_TSI_ANG_XX.wav,1060,210,329,0.106,29.08,34.95,728553,ANG (Angry)
1006_TIE_NEU_XX.wav,403,177,233,0.06,28.09,27.38,24294,NEU (Neutral)
1006_TSI_FEA_XX.wav,358,209,323,0.1734,21.57,22.48,21857,FEA (Fear)
1006_TIE_SAD_XX.wav,273,203,341,0.0639,21.3,23.05,4651,SAD (Sadness)
1006_TSI_HAP_XX.wav,1045,222,323,0.1274,30.8,38.42,600693,HAP (Happy)
1006_TSI_NEU_XX.wav,372,190,238,0.1244,22.94,29.01,24024,NEU (Neutral)
1006_TSI_DIS_XX.wav,336,189,342,0.1645,31.01,25.09,25615,DIS (Disgust)
1006_TSI_SAD_XX.wav,265,195,343,0.1397,31.42,22.38,9546,SAD (Sadness)
1006_WSI_DIS_XX.wav,373,187,322,0.1133,28.79,25.21,34756,DIS (Disgust)
1006_WSI_FEA_XX.wav,391,197,343,0.0797,26.47,24.68,20287,FEA (Fear)
1006_WSI_ANG_XX.wav,1131,222,336,0.1181,25.56,37.33,587777,ANG (Angry)
1006_WSI_NEU_XX.wav,424,193,331,0.0765,24.94,23.04,35587,NEU (Neutral)
1007_DFA_HAP_XX.wav,431,219,330,0.0523,17.7,27.94,20135,HAP (Happy)
1007_DFA_DIS_XX.wav,281,196,342,0.0505,38.81,22.37,5105,DIS (Disgust)
1006_WSI_HAP_XX.wav,690,213,335,0.1024,28.59,32.74,147950,HAP (Happy)
1007_DFA_FEA_XX.wav,315,187,330,0.0474,35.08,24.44,5225,FEA (Fear)
1007_DFA_SAD_XX.wav,271,184,340,0.0426,36.21,22.29,2550,SAD (Sadness)
1007_DFA_ANG_XX.wav,3134,264,342,0.1065,16.79,34.1,8765226,ANG (Angry)
1007_IEO_ANG_LO.wav,2263,227,328,0.0878,21.11,38.73,2595591,ANG (Angry)
1007_IEO_ANG_HI.wav,4851,250,333,0.1101,20.2,29.95,29997384,ANG (Angry)
1007_DFA_NEU_XX.wav,413,194,342,0.0522,33.37,27.8,25135,NEU (Neutral)
1007_IEO_DIS_LO.wav,708,201,316,0.0731,31.37,31.7,147004,DIS (Disgust)
1006_WSI_SAD_XX.wav,276,196,343,0.0799,28.09,22.64,8279,SAD (Sadness)
1007_IEO_DIS_HI.wav,1383,185,340,0.0853,28.22,27.7,1617125,DIS (Disgust)
1007_IEO_DIS_MD.wav,1951,225,329,0.0915,20.77,31.28,2501525,DIS (Disgust)
1007_IEO_ANG_MD.wav,282,190,339,0.0517,26.54,29.06,6268,ANG (Angry)
1007_IEO_FEA_HI.wav,1852,243,323,0.0863,14.86,38.06,2132844,FEA (Fear)
1007_IEO_HAP_HI.wav,2131,211,336,0.0882,38.97,47.42,2860026,HAP (Happy)
1007_IEO_FEA_LO.wav,238,178,342,0.0454,32.5,23.86,2097,FEA (Fear)
1007_IEO_HAP_LO.wav,572,166,256,0.0565,36.52,29.4,45092,HAP (Happy)
1007_IEO_HAP_MD.wav,448,175,339,0.0586,31.12,22.44,20021,HAP (Happy)
1007_IEO_FEA_MD.wav,643,198,344,0.0808,31.29,28.09,183962,FEA (Fear)
1007_IEO_NEU_XX.wav,371,168,344,0.0483,33.15,26.49,11868,NEU (Neutral)
1007_IEO_SAD_HI.wav,242,177,211,0.0439,30.17,21.7,1827,SAD (Sadness)
1007_IEO_SAD_LO.wav,283,178,339,0.0458,35.54,21.49,3685,SAD (Sadness)
1007_IEO_SAD_MD.wav,221,171,344,0.0473,37.59,22.16,1629,SAD (Sadness)
1007_IOM_ANG_XX.wav,957,178,334,0.0618,25.2,22.33,282502,ANG (Angry)
1007_IOM_NEU_XX.wav,462,177,347,0.0514,26.41,23.03,37674,NEU (Neutral)
1007_IOM_SAD_XX.wav,323,174,197,0.0463,19.38,18.47,4611,SAD (Sadness)
1007_IOM_DIS_XX.wav,338,176,309,0.0511,30.61,20.17,9402,DIS (Disgust)
1007_IOM_FEA_XX.wav,282,171,341,0.049,28.59,21.38,3738,FEA (Fear)
1007_ITH_ANG_XX.wav,552,191,341,0.0611,33.06,32.72,139977,ANG (Angry)
1007_IOM_HAP_XX.wav,415,195,314,0.0468,20.65,22.63,15513,HAP (Happy)
1007_ITH_HAP_XX.wav,359,197,343,0.0518,28.88,26.79,25706,HAP (Happy)
1007_ITH_DIS_XX.wav,278,178,331,0.0535,38.69,22.83,12699,DIS (Disgust)
1007_ITH_SAD_XX.wav,257,185,335,0.0455,30.46,22.42,2785,SAD (Sadness)
1007_ITS_HAP_XX.wav,742,224,321,0.0919,16.6,30.97,139799,HAP (Happy)
1007_ITH_FEA_XX.wav,270,189,332,0.0452,27.37,24.23,2461,FEA (Fear)
1007_ITS_ANG_XX.wav,1988,223,330,0.0809,21.51,37.28,3068660,ANG (Angry)
1007_ITS_FEA_XX.wav,437,196,342,0.0599,23.52,22.93,17763,FEA (Fear)
1007_ITH_NEU_XX.wav,355,181,346,0.0517,25.47,24.14,18101,NEU (Neutral)
1007_ITS_NEU_XX.wav,455,190,338,0.0578,29.19,25.62,34580,NEU (Neutral)
1007_ITS_SAD_XX.wav,267,193,329,0.0445,31.48,20.96,1874,SAD (Sadness)
1007_IWL_ANG_XX.wav,1192,199,331,0.059,33.9,30.31,389232,ANG (Angry)
1007_ITS_DIS_XX.wav,336,187,344,0.0475,29.54,22.85,10035,DIS (Disgust)
1007_IWL_FEA_XX.wav,412,207,327,0.0481,19.55,24.65,18683,FEA (Fear)
1007_IWL_NEU_XX.wav,465,177,344,0.0537,29.18,22.59,32245,NEU (Neutral)
1007_IWL_HAP_XX.wav,511,179,344,0.0562,33.76,23.68,66093,HAP (Happy)
1007_IWL_SAD_XX.wav,400,185,277,0.0486,22.66,22.75,11318,SAD (Sadness)
1007_IWW_ANG_XX.wav,1391,203,343,0.0688,24.23,36.71,744746,ANG (Angry)
1007_IWL_DIS_XX.wav,447,193,342,0.0557,29.68,19.48,37182,DIS (Disgust)
1007_IWW_FEA_XX.wav,294,197,343,0.0545,28.97,27.52,5237,FEA (Fear)
1007_IWW_DIS_XX.wav,381,184,341,0.0505,22.96,23.42,14837,DIS (Disgust)
1007_IWW_NEU_XX.wav,372,175,344,0.0545,30.27,24.19,22276,NEU (Neutral)
1007_IWW_HAP_XX.wav,316,200,345,0.0475,30.44,25.14,6385,HAP (Happy)
1007_IWW_SAD_XX.wav,279,171,343,0.0479,32.37,21.8,3805,SAD (Sadness)
1007_MTI_FEA_XX.wav,331,182,344,0.0426,25.81,23.24,6454,FEA (Fear)
1007_MTI_HAP_XX.wav,367,184,345,0.0493,29.31,21.2,9165,HAP (Happy)
1007_MTI_ANG_XX.wav,624,187,344,0.0522,32.64,25.15,74720,ANG (Angry)
1007_MTI_SAD_XX.wav,294,186,328,0.0427,23.44,19.9,4083,SAD (Sadness)
1007_MTI_NEU_XX.wav,371,183,331,0.0472,31.19,21.56,10036,NEU (Neutral)
1007_TAI_ANG_XX.wav,1532,205,341,0.0793,23.69,29.71,1107101,ANG (Angry)
1007_MTI_DIS_XX.wav,373,172,341,0.0449,29.38,21.44,15060,DIS (Disgust)
1007_TAI_DIS_XX.wav,406,182,341,0.06,23.21,24.2,24847,DIS (Disgust)
1007_TAI_HAP_XX.wav,369,190,325,0.0565,27.98,21.3,11566,HAP (Happy)
1007_TAI_SAD_XX.wav,332,206,245,0.0608,24.16,19.15,10723,SAD (Sadness)
1007_TIE_HAP_XX.wav,467,186,342,0.0618,40.15,27.74,65842,HAP (Happy)
1007_TIE_FEA_XX.wav,342,188,252,0.0554,23.83,29.67,18650,FEA (Fear)
1007_TAI_FEA_XX.wav,285,187,340,0.0508,26.28,22.97,4813,FEA (Fear)
1007_TAI_NEU_XX.wav,487,196,337,0.058,30.59,28.91,52793,NEU (Neutral)
1007_TSI_ANG_XX.wav,2173,254,341,0.1033,21.0,39.63,5616027,ANG (Angry)
1007_TIE_ANG_XX.wav,496,185,343,0.0641,30.95,29.25,88755,ANG (Angry)
1007_TIE_DIS_XX.wav,301,184,343,0.054,30.43,22.0,7839,DIS (Disgust)
1007_TSI_DIS_XX.wav,730,217,343,0.0976,32.8,33.8,257500,DIS (Disgust)
1007_TIE_NEU_XX.wav,336,178,344,0.0533,32.47,28.12,17390,NEU (Neutral)
1007_TSI_HAP_XX.wav,417,199,346,0.0826,29.69,30.12,35071,HAP (Happy)
1007_TIE_SAD_XX.wav,240,177,334,0.0449,35.91,24.47,1949,SAD (Sadness)
1007_TSI_FEA_XX.wav,219,189,337,0.0678,33.36,21.87,2191,FEA (Fear)
1007_TSI_NEU_XX.wav,392,212,342,0.0654,27.8,26.69,25541,NEU (Neutral)
1007_TSI_SAD_XX.wav,287,205,341,0.0553,24.0,23.55,3790,SAD (Sadness)
1007_WSI_FEA_XX.wav,252,177,331,0.0465,36.27,24.94,2263,FEA (Fear)
1007_WSI_ANG_XX.wav,3651,247,326,0.1114,13.97,36.86,9230414,ANG (Angry)
1007_WSI_HAP_XX.wav,511,207,330,0.0548,30.75,29.19,69504,HAP (Happy)
1008_DFA_FEA_XX.wav,958,256,343,0.1179,19.82,28.63,778457,FEA (Fear)
1007_WSI_DIS_XX.wav,267,186,333,0.059,32.74,25.18,6976,DIS (Disgust)
1007_WSI_SAD_XX.wav,283,192,330,0.046,25.86,23.51,4485,SAD (Sadness)
1008_DFA_NEU_XX.wav,430,195,245,0.0747,29.61,29.37,36940,NEU (Neutral)
1008_DFA_ANG_XX.wav,1156,226,301,0.1157,23.34,34.23,1416399,ANG (Angry)
1008_DFA_HAP_XX.wav,739,218,336,0.0867,24.52,33.63,505649,HAP (Happy)
1007_WSI_NEU_XX.wav,512,195,343,0.0607,21.56,28.65,57515,NEU (Neutral)
1008_DFA_DIS_XX.wav,648,214,342,0.0753,21.36,39.88,195847,DIS (Disgust)
1008_IEO_ANG_LO.wav,723,213,253,0.0886,18.89,27.09,241004,ANG (Angry)
1008_IEO_ANG_HI.wav,4800,246,326,0.1462,20.86,33.06,29239336,ANG (Angry)
1008_IEO_ANG_MD.wav,1914,266,331,0.1337,18.05,30.36,4869933,ANG (Angry)
1008_IEO_FEA_MD.wav,664,200,326,0.0694,21.34,31.6,97817,FEA (Fear)
1008_IEO_HAP_HI.wav,2482,241,328,0.1191,18.29,36.49,5327482,HAP (Happy)
1008_IEO_DIS_LO.wav,485,206,345,0.0662,21.29,27.77,99067,DIS (Disgust)
1008_IEO_HAP_LO.wav,630,230,332,0.061,18.81,30.86,113654,HAP (Happy)
1008_IEO_DIS_MD.wav,948,215,335,0.083,25.57,36.76,522471,DIS (Disgust)
1008_IEO_DIS_HI.wav,913,241,339,0.0987,24.09,30.41,734236,DIS (Disgust)
1008_DFA_SAD_XX.wav,489,207,284,0.0684,23.14,36.84,85829,SAD (Sadness)
1008_IEO_FEA_LO.wav,735,233,266,0.0731,14.11,32.4,228241,FEA (Fear)
1008_IEO_NEU_XX.wav,463,192,218,0.0706,20.07,24.38,30419,NEU (Neutral)
1008_IEO_FEA_HI.wav,2192,268,333,0.1062,18.33,30.17,6509820,FEA (Fear)
1008_IEO_HAP_MD.wav,858,258,333,0.0846,18.43,31.52,375626,HAP (Happy)
1008_IEO_SAD_MD.wav,581,200,219,0.0644,24.21,28.47,78211,SAD (Sadness)
1008_IOM_NEU_XX.wav,562,182,205,0.0593,13.12,20.97,58363,NEU (Neutral)
1008_IEO_SAD_HI.wav,496,209,326,0.0589,21.71,29.88,84700,SAD (Sadness)
1008_IEO_SAD_LO.wav,329,195,329,0.0583,26.17,27.77,16809,SAD (Sadness)
1008_IOM_HAP_XX.wav,886,203,325,0.0706,12.45,24.76,227820,HAP (Happy)
1008_IOM_ANG_XX.wav,1253,214,223,0.071,14.59,25.88,683410,ANG (Angry)
1008_IOM_DIS_XX.wav,552,200,346,0.0563,20.77,23.66,100257,DIS (Disgust)
1008_IOM_FEA_XX.wav,767,235,264,0.0614,14.34,29.94,194167,FEA (Fear)
1008_ITH_HAP_XX.wav,840,240,298,0.0772,15.32,35.09,376936,HAP (Happy)
1008_ITH_ANG_XX.wav,745,218,325,0.0901,20.12,32.54,527907,ANG (Angry)
1008_IOM_SAD_XX.wav,730,205,330,0.059,18.39,25.37,155429,SAD (Sadness)
1008_ITH_DIS_XX.wav,483,208,315,0.0729,21.25,30.59,94280,DIS (Disgust)
1008_ITH_FEA_XX.wav,636,220,345,0.0731,23.08,31.72,242153,FEA (Fear)
1008_ITS_ANG_XX.wav,908,235,344,0.117,17.24,30.25,462609,ANG (Angry)
1008_ITS_DIS_XX.wav,609,212,344,0.0852,22.0,31.26,171597,DIS (Disgust)
1008_ITH_NEU_XX.wav,478,202,344,0.0748,21.18,28.57,87516,NEU (Neutral)
1008_ITS_FEA_XX.wav,888,248,343,0.0937,21.52,34.04,500334,FEA (Fear)
1008_ITS_HAP_XX.wav,1084,259,337,0.0899,17.81,34.09,437448,HAP (Happy)
1008_ITS_NEU_XX.wav,493,211,342,0.0803,16.96,25.79,61497,NEU (Neutral)
1008_ITH_SAD_XX.wav,424,208,343,0.0619,22.49,29.11,60139,SAD (Sadness)
1008_ITS_SAD_XX.wav,406,207,344,0.0815,26.39,26.93,26639,SAD (Sadness)
1008_IWL_HAP_XX.wav,858,242,321,0.0715,18.05,28.66,329382,HAP (Happy)
1008_IWL_NEU_XX.wav,612,205,328,0.0628,17.29,21.41,168239,NEU (Neutral)
1008_IWL_FEA_XX.wav,1190,250,339,0.0903,23.65,32.56,1058997,FEA (Fear)
1008_IWL_DIS_XX.wav,971,229,333,0.0731,24.0,31.69,400232,DIS (Disgust)
1008_IWL_ANG_XX.wav,1299,234,330,0.0901,23.56,31.32,1480173,ANG (Angry)
1008_IWW_DIS_XX.wav,1236,256,344,0.0677,14.55,34.36,453166,DIS (Disgust)
1008_IWL_SAD_XX.wav,638,235,344,0.0679,18.74,26.22,124861,SAD (Sadness)
1008_IWW_FEA_XX.wav,1225,242,342,0.0849,18.81,34.91,438740,FEA (Fear)
1008_IWW_NEU_XX.wav,609,207,331,0.074,17.5,29.14,103894,NEU (Neutral)
1008_IWW_ANG_XX.wav,1364,227,340,0.102,21.99,35.71,1055620,ANG (Angry)
1008_IWW_HAP_XX.wav,1204,222,331,0.0859,21.92,33.69,403899,HAP (Happy)
1008_IWW_SAD_XX.wav,780,215,330,0.0659,13.24,30.4,144934,SAD (Sadness)
1008_MTI_HAP_XX.wav,866,222,332,0.0684,18.28,26.31,240591,HAP (Happy)
1008_MTI_NEU_XX.wav,495,188,210,0.0614,16.86,24.47,34059,NEU (Neutral)
1008_MTI_FEA_XX.wav,1006,270,342,0.0691,14.25,28.37,411090,FEA (Fear)
1008_MTI_ANG_XX.wav,1431,242,340,0.0908,19.31,30.4,1004978,ANG (Angry)
1008_MTI_DIS_XX.wav,1096,241,340,0.0773,18.37,27.46,578091,DIS (Disgust)
1008_MTI_SAD_XX.wav,738,225,231,0.0663,18.66,26.44,114327,SAD (Sadness)
1008_TAI_HAP_XX.wav,1036,231,328,0.0779,18.07,29.92,395489,HAP (Happy)
1008_TAI_FEA_XX.wav,892,255,331,0.0767,14.8,29.25,261787,FEA (Fear)
1008_TAI_ANG_XX.wav,1183,230,331,0.08,20.92,29.1,729625,ANG (Angry)
1008_TAI_NEU_XX.wav,532,216,345,0.0684,16.15,27.06,51332,NEU (Neutral)
1008_TAI_DIS_XX.wav,1008,225,314,0.0725,19.39,33.68,410716,DIS (Disgust)
1008_TAI_SAD_XX.wav,872,220,321,0.0719,17.47,29.62,211456,SAD (Sadness)
1008_TIE_NEU_XX.wav,336,194,340,0.0612,23.27,25.85,28820,NEU (Neutral)
1008_TIE_HAP_XX.wav,630,212,344,0.0777,24.89,33.7,138529,HAP (Happy)
1008_TSI_FEA_XX.wav,842,266,338,0.149,21.32,28.57,537629,FEA (Fear)
1008_TIE_FEA_XX.wav,1001,226,341,0.0973,19.41,31.94,986829,FEA (Fear)
1008_TSI_ANG_XX.wav,966,246,332,0.168,18.92,37.15,750338,ANG (Angry)
1008_TSI_DIS_XX.wav,643,234,345,0.1577,22.05,31.14,202698,DIS (Disgust)
1008_TIE_ANG_XX.wav,1724,238,342,0.1182,15.91,31.56,5398288,ANG (Angry)
1008_TIE_DIS_XX.wav,794,204,333,0.0977,23.49,32.18,559306,DIS (Disgust)
1009_DFA_ANG_XX.wav,2633,255,343,0.1187,21.15,41.54,7641567,ANG (Angry)
1008_TSI_HAP_XX.wav,739,235,327,0.1299,23.0,30.2,332636,HAP (Happy)
1008_TSI_SAD_XX.wav,437,227,261,0.1326,17.05,27.94,51063,SAD (Sadness)
1008_TIE_SAD_XX.wav,409,192,342,0.0784,28.14,29.18,63742,SAD (Sadness)
1009_DFA_DIS_XX.wav,467,204,314,0.0819,22.48,29.23,51594,DIS (Disgust)
1008_TSI_NEU_XX.wav,403,197,236,0.1015,24.7,33.07,42519,NEU (Neutral)
1009_DFA_FEA_XX.wav,1493,239,333,0.1043,21.35,35.51,1595756,FEA (Fear)
1009_DFA_HAP_XX.wav,522,207,272,0.0742,26.03,31.64,194452,HAP (Happy)
1009_DFA_NEU_XX.wav,439,190,340,0.074,27.62,31.22,59730,NEU (Neutral)
1009_IEO_ANG_LO.wav,699,214,342,0.0756,23.73,37.5,215781,ANG (Angry)
1009_IEO_ANG_HI.wav,6097,234,332,0.1334,21.54,31.94,32428279,ANG (Angry)
1009_DFA_SAD_XX.wav,253,190,342,0.056,28.08,25.87,7876,SAD (Sadness)
1009_IEO_ANG_MD.wav,1876,237,343,0.1054,24.84,35.95,2530997,ANG (Angry)
1009_IEO_DIS_MD.wav,1001,231,342,0.0935,17.72,33.23,479108,DIS (Disgust)
1009_IEO_DIS_LO.wav,449,202,310,0.0752,30.86,37.02,89607,DIS (Disgust)
1009_IEO_FEA_LO.wav,434,194,255,0.0803,31.41,30.5,47670,FEA (Fear)
1009_IEO_FEA_MD.wav,1520,229,281,0.1032,19.59,33.36,1779655,FEA (Fear)
1009_IEO_FEA_HI.wav,2761,227,338,0.108,29.15,34.85,10890849,FEA (Fear)
1009_IEO_DIS_HI.wav,1454,237,330,0.0812,22.69,33.31,1534884,DIS (Disgust)
1009_IEO_HAP_HI.wav,2688,272,332,0.1187,19.01,33.48,4247722,HAP (Happy)
1009_IEO_HAP_LO.wav,483,207,342,0.0692,26.65,34.64,105427,HAP (Happy)
1009_IEO_NEU_XX.wav,271,192,329,0.0613,28.31,25.26,10082,NEU (Neutral)
1009_IEO_HAP_MD.wav,1399,217,326,0.0878,21.11,35.19,1003890,HAP (Happy)
1009_IEO_SAD_MD.wav,247,174,342,0.0647,32.52,23.47,8674,SAD (Sadness)
1009_IEO_SAD_LO.wav,197,185,347,0.052,36.98,21.34,2491,SAD (Sadness)
1009_IOM_NEU_XX.wav,615,199,199,0.0637,17.06,22.54,92457,NEU (Neutral)
1009_IOM_FEA_XX.wav,1562,239,343,0.065,21.78,30.0,1294259,FEA (Fear)
1009_IOM_HAP_XX.wav,1472,255,344,0.0799,15.57,28.13,976897,HAP (Happy)
1009_IOM_ANG_XX.wav,2823,277,343,0.1048,17.8,29.86,7654298,ANG (Angry)
1009_IOM_DIS_XX.wav,645,199,340,0.0666,19.01,22.81,82299,DIS (Disgust)
1009_IEO_SAD_HI.wav,205,191,338,0.0557,35.3,20.9,2839,SAD (Sadness)
1009_IOM_SAD_XX.wav,514,189,199,0.0604,17.86,16.23,42923,SAD (Sadness)
1009_ITH_ANG_XX.wav,2513,261,345,0.1068,19.71,41.27,4563219,ANG (Angry)
1009_ITH_DIS_XX.wav,277,178,321,0.0673,32.22,26.28,12000,DIS (Disgust)
1009_ITH_FEA_XX.wav,1371,239,338,0.0879,26.31,35.46,2006269,FEA (Fear)
1009_ITH_HAP_XX.wav,945,211,308,0.0767,18.86,31.53,468236,HAP (Happy)
1009_ITS_FEA_XX.wav,1723,277,325,0.1025,14.32,33.02,1728982,FEA (Fear)
1009_ITS_DIS_XX.wav,451,207,330,0.0724,17.37,30.67,54329,DIS (Disgust)
1009_ITH_NEU_XX.wav,360,199,247,0.0682,18.87,28.58,27501,NEU (Neutral)
1009_ITS_HAP_XX.wav,1014,240,344,0.0891,23.65,36.06,488771,HAP (Happy)
1009_ITS_ANG_XX.wav,1818,244,337,0.1313,19.75,30.24,2541474,ANG (Angry)
1009_ITH_SAD_XX.wav,286,190,340,0.058,31.38,23.76,11679,SAD (Sadness)
1009_ITS_NEU_XX.wav,336,195,340,0.0908,26.96,25.44,19981,NEU (Neutral)
1009_IWL_FEA_XX.wav,3068,239,342,0.0911,25.01,35.79,4728885,FEA (Fear)
1009_ITS_SAD_XX.wav,265,193,343,0.0887,24.4,25.62,9992,SAD (Sadness)
1009_IWL_ANG_XX.wav,2328,241,335,0.0829,25.15,37.85,3540926,ANG (Angry)
1009_IWL_NEU_XX.wav,454,197,339,0.058,20.56,24.34,35827,NEU (Neutral)
1009_IWL_DIS_XX.wav,649,200,342,0.0676,21.01,20.37,96027,DIS (Disgust)
1009_IWL_HAP_XX.wav,772,208,343,0.0698,28.31,29.89,199502,HAP (Happy)
1009_IWW_HAP_XX.wav,759,202,332,0.075,26.96,25.27,154579,HAP (Happy)
1009_IWW_FEA_XX.wav,885,216,247,0.0749,19.28,30.92,337911,FEA (Fear)
1009_IWW_NEU_XX.wav,436,194,218,0.0666,16.85,21.92,23560,NEU (Neutral)
1009_IWL_SAD_XX.wav,305,180,340,0.0563,25.54,19.97,10658,SAD (Sadness)
1009_IWW_ANG_XX.wav,2242,252,323,0.1202,16.87,34.41,4061382,ANG (Angry)
1009_IWW_DIS_XX.wav,529,200,284,0.0626,21.75,26.44,70054,DIS (Disgust)
1009_TAI_ANG_XX.wav,3467,264,341,0.1287,22.17,32.72,6424549,ANG (Angry)
1009_IWW_SAD_XX.wav,273,185,337,0.061,31.68,22.07,8080,SAD (Sadness)
1009_TAI_HAP_XX.wav,1627,244,330,0.0885,17.57,31.39,1207528,HAP (Happy)
1009_TAI_NEU_XX.wav,502,198,340,0.0796,27.96,23.11,46757,NEU (Neutral)
1009_TAI_FEA_XX.wav,2251,240,342,0.0911,24.78,31.81,3004928,FEA (Fear)
1009_TAI_DIS_XX.wav,506,198,342,0.0753,23.39,24.21,35920,DIS (Disgust)
1009_TIE_FEA_XX.wav,1408,251,333,0.084,24.23,36.34,1233062,FEA (Fear)
1009_TIE_ANG_XX.wav,2712,257,343,0.1117,15.91,36.15,7423504,ANG (Angry)
1009_TAI_SAD_XX.wav,570,202,345,0.0699,24.47,24.41,62261,SAD (Sadness)
1009_TIE_HAP_XX.wav,949,205,249,0.0841,20.3,37.96,945933,HAP (Happy)
1009_TIE_NEU_XX.wav,314,183,342,0.0741,31.04,25.37,36339,NEU (Neutral)
1009_TIE_DIS_XX.wav,529,192,289,0.09,23.92,25.65,190271,DIS (Disgust)
1009_TIE_SAD_XX.wav,261,172,290,0.0637,37.08,23.14,7569,SAD (Sadness)
1009_TSI_ANG_XX.wav,2306,258,329,0.2046,21.28,40.48,6374668,ANG (Angry)
1009_TSI_DIS_XX.wav,333,199,335,0.1004,25.64,30.72,28143,DIS (Disgust)
1009_TSI_NEU_XX.wav,371,206,336,0.1427,30.69,27.15,37243,NEU (Neutral)
1009_TSI_FEA_XX.wav,1574,229,336,0.1252,27.01,36.73,2174086,FEA (Fear)
1009_TSI_HAP_XX.wav,955,211,343,0.1365,25.13,33.92,399160,HAP (Happy)
1009_TSI_SAD_XX.wav,277,189,320,0.1282,32.74,24.77,15704,SAD (Sadness)
1009_WSI_FEA_XX.wav,2802,246,339,0.1531,24.95,27.83,7802346,FEA (Fear)
1009_WSI_ANG_XX.wav,2737,252,336,0.1808,23.64,33.19,6998627,ANG (Angry)
1009_WSI_DIS_XX.wav,438,194,333,0.1166,25.34,30.09,87574,DIS (Disgust)
1009_WSI_NEU_XX.wav,423,189,240,0.1049,21.7,27.72,71870,NEU (Neutral)
1009_WSI_HAP_XX.wav,1295,243,328,0.1253,23.15,34.67,997358,HAP (Happy)
1010_DFA_ANG_XX.wav,1493,232,263,0.1248,20.19,38.21,1657497,ANG (Angry)
1010_DFA_HAP_XX.wav,591,236,326,0.0917,13.42,30.63,170968,HAP (Happy)
1009_WSI_SAD_XX.wav,310,190,264,0.0916,25.0,26.11,26894,SAD (Sadness)
1010_DFA_FEA_XX.wav,697,230,266,0.0798,14.01,38.04,115554,FEA (Fear)
1010_DFA_DIS_XX.wav,272,191,239,0.0676,23.15,24.07,9073,DIS (Disgust)
1010_DFA_SAD_XX.wav,256,183,217,0.058,29.92,25.74,5196,SAD (Sadness)
1010_DFA_NEU_XX.wav,356,210,244,0.0834,20.68,26.55,21542,NEU (Neutral)
1010_IEO_ANG_HI.wav,4562,250,325,0.1455,25.13,39.51,24632209,ANG (Angry)
1010_IEO_ANG_LO.wav,572,193,248,0.0851,25.29,26.09,128287,ANG (Angry)
1010_IEO_ANG_MD.wav,1546,243,325,0.1078,20.56,32.49,1788610,ANG (Angry)
1010_IEO_DIS_LO.wav,274,197,330,0.0576,21.65,20.86,16302,DIS (Disgust)
1010_IEO_HAP_HI.wav,1887,242,310,0.1041,15.81,32.38,2807973,HAP (Happy)
1010_IEO_FEA_LO.wav,376,202,322,0.0705,20.57,25.15,18387,FEA (Fear)
1010_IEO_DIS_MD.wav,519,196,294,0.0781,22.84,24.63,153701,DIS (Disgust)
1010_IEO_DIS_HI.wav,868,220,339,0.0816,20.56,27.82,304696,DIS (Disgust)
1010_IEO_FEA_MD.wav,373,205,277,0.0602,20.21,26.51,23814,FEA (Fear)
1010_IEO_HAP_LO.wav,244,189,217,0.0495,27.24,23.51,3848,HAP (Happy)
1010_IEO_FEA_HI.wav,3237,216,324,0.1124,28.77,34.9,17699714,FEA (Fear)
1010_IEO_HAP_MD.wav,410,213,323,0.0611,18.87,22.44,22882,HAP (Happy)
1010_IEO_NEU_XX.wav,316,187,343,0.0638,26.94,24.41,8671,NEU (Neutral)
1010_IEO_SAD_LO.wav,231,190,259,0.0555,27.55,21.21,2172,SAD (Sadness)
1010_IOM_HAP_XX.wav,686,209,340,0.0611,21.51,26.09,65025,HAP (Happy)
1010_IEO_SAD_HI.wav,487,196,344,0.0701,26.69,24.26,44788,SAD (Sadness)
1010_IOM_ANG_XX.wav,808,210,336,0.0743,21.48,21.75,312596,ANG (Angry)
1010_IEO_SAD_MD.wav,212,189,345,0.0561,29.53,20.33,2319,SAD (Sadness)
1010_IOM_FEA_XX.wav,472,206,183,0.0446,10.22,20.32,11195,FEA (Fear)
1010_IOM_DIS_XX.wav,348,191,256,0.0554,24.37,20.24,27949,DIS (Disgust)
1010_IOM_SAD_XX.wav,267,186,250,0.0477,20.05,20.36,2983,SAD (Sadness)
1010_IOM_NEU_XX.wav,425,192,336,0.0554,23.79,18.82,19785,NEU (Neutral)
1010_ITH_FEA_XX.wav,1600,248,340,0.0997,24.53,37.42,1572159,FEA (Fear)
1010_ITH_ANG_XX.wav,958,219,335,0.0909,23.87,38.5,705591,ANG (Angry)
1010_ITH_HAP_XX.wav,819,236,334,0.0753,24.89,35.76,307165,HAP (Happy)
1010_ITH_DIS_XX.wav,412,196,253,0.0856,26.41,29.45,33566,DIS (Disgust)
1010_ITS_HAP_XX.wav,841,231,326,0.1149,31.73,32.04,185863,HAP (Happy)
1010_ITH_SAD_XX.wav,369,202,336,0.0654,20.06,27.31,13690,SAD (Sadness)
1010_ITH_NEU_XX.wav,396,201,343,0.0816,25.72,28.4,25914,NEU (Neutral)
1010_ITS_FEA_XX.wav,1082,260,342,0.0869,18.19,34.36,588373,FEA (Fear)
1010_ITS_ANG_XX.wav,1115,227,336,0.1018,19.13,35.72,661018,ANG (Angry)
1010_ITS_NEU_XX.wav,380,202,343,0.0748,24.35,26.83,13935,NEU (Neutral)
1010_ITS_DIS_XX.wav,589,199,299,0.0984,26.99,30.62,130608,DIS (Disgust)
1010_ITS_SAD_XX.wav,257,194,331,0.067,31.28,27.88,4659,SAD (Sadness)
1010_IWL_ANG_XX.wav,2478,247,317,0.0887,16.86,26.79,2781671,ANG (Angry)
1010_IWL_HAP_XX.wav,1002,254,324,0.0662,13.39,26.53,296893,HAP (Happy)
1010_IWL_DIS_XX.wav,425,200,219,0.0516,17.69,21.61,20048,DIS (Disgust)
1010_IWL_SAD_XX.wav,331,195,220,0.0497,18.08,21.95,6773,SAD (Sadness)
1010_IWL_FEA_XX.wav,1378,248,336,0.0663,21.28,25.83,528924,FEA (Fear)
1010_IWW_ANG_XX.wav,1789,247,327,0.1051,14.43,34.82,1780288,ANG (Angry)
1010_IWW_DIS_XX.wav,465,203,328,0.0702,14.78,24.41,31622,DIS (Disgust)
1010_IWW_NEU_XX.wav,341,205,326,0.065,20.51,25.49,10498,NEU (Neutral)
1010_IWL_NEU_XX.wav,431,203,344,0.0537,19.53,19.7,21770,NEU (Neutral)
1010_IWW_HAP_XX.wav,682,242,329,0.0655,20.67,24.9,120325,HAP (Happy)
1010_IWW_FEA_XX.wav,424,208,343,0.0678,21.74,28.27,35724,FEA (Fear)
1010_IWW_SAD_XX.wav,299,190,330,0.0531,19.58,21.8,7338,SAD (Sadness)
1010_MTI_ANG_XX.wav,1602,221,343,0.0845,23.93,29.61,1235621,ANG (Angry)
1010_MTI_HAP_XX.wav,1002,233,280,0.0715,16.04,34.78,267129,HAP (Happy)
1010_MTI_FEA_XX.wav,519,212,343,0.0658,23.13,25.03,32619,FEA (Fear)
1010_MTI_SAD_XX.wav,344,203,321,0.0546,15.0,21.45,8576,SAD (Sadness)
1010_MTI_DIS_XX.wav,556,210,335,0.0634,22.07,27.18,43434,DIS (Disgust)
1010_TAI_ANG_XX.wav,1934,251,337,0.1007,17.97,36.94,2344174,ANG (Angry)
1010_TAI_HAP_XX.wav,988,243,340,0.0885,24.22,28.04,347533,HAP (Happy)
1010_MTI_NEU_XX.wav,547,195,340,0.0641,21.61,21.94,45724,NEU (Neutral)
1010_TAI_DIS_XX.wav,362,192,272,0.0694,23.45,22.59,17298,DIS (Disgust)
1010_TAI_FEA_XX.wav,1197,224,345,0.0837,20.22,31.61,398848,FEA (Fear)
1010_TAI_SAD_XX.wav,379,197,344,0.0625,22.48,27.28,19421,SAD (Sadness)
1010_TAI_NEU_XX.wav,374,197,338,0.0636,25.35,25.69,19063,NEU (Neutral)
1010_TIE_NEU_XX.wav,333,190,281,0.0621,26.5,24.0,10523,NEU (Neutral)
1010_TIE_ANG_XX.wav,684,205,342,0.0968,17.58,29.85,597417,ANG (Angry)
1010_TIE_FEA_XX.wav,1023,230,344,0.0813,22.55,38.73,614947,FEA (Fear)
1010_TIE_HAP_XX.wav,450,196,315,0.0745,21.24,26.47,70541,HAP (Happy)
1010_TSI_HAP_XX.wav,883,248,343,0.1528,24.06,38.78,450537,HAP (Happy)
1010_TSI_FEA_XX.wav,767,237,341,0.1676,26.74,33.65,379539,FEA (Fear)
1010_TIE_DIS_XX.wav,284,191,330,0.0709,29.64,26.22,20722,DIS (Disgust)
1010_TSI_ANG_XX.wav,1067,230,340,0.1805,22.06,38.16,934140,ANG (Angry)
1010_TSI_DIS_XX.wav,397,197,325,0.1466,25.78,30.98,48977,DIS (Disgust)
1010_TSI_NEU_XX.wav,371,204,328,0.1409,28.55,29.69,30131,NEU (Neutral)
1010_TIE_SAD_XX.wav,235,194,328,0.0681,32.2,20.87,5003,SAD (Sadness)
1010_TSI_SAD_XX.wav,301,193,330,0.1183,25.88,31.26,18441,SAD (Sadness)
1010_WSI_HAP_XX.wav,807,254,324,0.103,16.63,36.83,169619,HAP (Happy)
1010_WSI_ANG_XX.wav,1537,230,317,0.145,17.26,34.4,1818969,ANG (Angry)
1010_WSI_NEU_XX.wav,349,180,344,0.0925,35.17,26.01,16208,NEU (Neutral)
1011_DFA_FEA_XX.wav,256,156,216,0.0573,34.38,23.29,5088,FEA (Fear)
1011_DFA_HAP_XX.wav,334,177,342,0.0624,35.14,27.78,20185,HAP (Happy)
1011_DFA_DIS_XX.wav,330,190,341,0.0617,37.47,23.36,13705,DIS (Disgust)
1010_WSI_DIS_XX.wav,365,202,341,0.092,27.16,27.94,47136,DIS (Disgust)
1010_WSI_SAD_XX.wav,328,194,344,0.0702,22.17,25.3,8991,SAD (Sadness)
1011_DFA_ANG_XX.wav,1162,166,344,0.0938,39.05,34.24,1228580,ANG (Angry)
1011_DFA_NEU_XX.wav,349,191,268,0.0582,33.79,29.7,19263,NEU (Neutral)
1010_WSI_FEA_XX.wav,1131,228,342,0.0889,21.57,36.95,488108,FEA (Fear)
1011_IEO_ANG_MD.wav,2186,204,344,0.1032,23.29,26.72,3926042,ANG (Angry)
1011_IEO_ANG_LO.wav,1389,193,332,0.0823,32.77,30.41,1329141,ANG (Angry)
1011_IEO_FEA_MD.wav,323,166,241,0.0592,38.3,25.68,10640,FEA (Fear)
1011_DFA_SAD_XX.wav,238,179,288,0.0504,40.76,24.03,4152,SAD (Sadness)
1011_IEO_DIS_LO.wav,514,174,340,0.0599,39.58,24.63,82908,DIS (Disgust)
1011_IEO_DIS_HI.wav,1714,207,342,0.1042,20.5,23.89,1709825,DIS (Disgust)
1011_IEO_DIS_MD.wav,1001,191,326,0.0816,26.2,20.12,625719,DIS (Disgust)
1011_IEO_HAP_LO.wav,289,181,233,0.0525,33.65,24.17,10339,HAP (Happy)
1011_IEO_HAP_HI.wav,710,184,268,0.0894,37.13,27.48,318801,HAP (Happy)
1011_IEO_FEA_HI.wav,3059,232,334,0.0758,17.99,29.43,9604204,FEA (Fear)
1011_IEO_ANG_HI.wav,4169,223,322,0.1259,18.88,27.75,15992965,ANG (Angry)
1011_IEO_FEA_LO.wav,343,182,347,0.0721,42.3,24.18,21138,FEA (Fear)
1011_IEO_HAP_MD.wav,254,180,233,0.0632,31.71,26.37,5725,HAP (Happy)
1011_IEO_NEU_XX.wav,341,181,345,0.0575,36.67,23.12,13865,NEU (Neutral)
1011_IEO_SAD_LO.wav,456,180,329,0.0694,33.89,20.62,41823,SAD (Sadness)
1011_IOM_HAP_XX.wav,396,167,240,0.0555,36.5,22.0,25915,HAP (Happy)
1011_IOM_ANG_XX.wav,1654,171,345,0.0972,28.06,19.84,1483070,ANG (Angry)
1011_IOM_FEA_XX.wav,546,181,337,0.0593,35.48,19.69,42239,FEA (Fear)
1011_IEO_SAD_MD.wav,271,174,218,0.0543,33.48,19.13,4279,SAD (Sadness)
1011_IOM_DIS_XX.wav,706,189,328,0.0632,31.4,21.96,128423,DIS (Disgust)
1011_IOM_NEU_XX.wav,453,166,222,0.0498,35.17,15.68,25306,NEU (Neutral)
1011_IOM_SAD_XX.wav,346,180,341,0.0471,33.46,19.5,11586,SAD (Sadness)
1011_IEO_SAD_HI.wav,587,178,341,0.0695,31.97,25.07,136324,SAD (Sadness)
1011_ITH_DIS_XX.wav,257,170,345,0.0717,45.04,23.57,6949,DIS (Disgust)
1011_ITH_FEA_XX.wav,354,170,226,0.0671,30.59,25.4,12517,FEA (Fear)
1011_ITH_HAP_XX.wav,379,175,305,0.0621,39.11,25.52,44347,HAP (Happy)
1011_ITH_SAD_XX.wav,276,170,277,0.0541,37.71,23.82,6329,SAD (Sadness)
1011_ITH_ANG_XX.wav,1287,181,334,0.094,28.87,29.91,1248841,ANG (Angry)
1011_ITS_FEA_XX.wav,374,174,225,0.0709,24.7,24.64,17402,FEA (Fear)
1011_ITS_HAP_XX.wav,306,166,344,0.0765,41.99,21.62,11601,HAP (Happy)
1011_ITH_NEU_XX.wav,410,165,333,0.0601,36.91,26.65,50126,NEU (Neutral)
1011_ITS_ANG_XX.wav,814,183,337,0.1019,36.81,32.37,314187,ANG (Angry)
1011_ITS_NEU_XX.wav,341,171,346,0.0763,48.13,27.84,18546,NEU (Neutral)
1011_ITS_SAD_XX.wav,233,182,237,0.0567,33.75,23.54,3332,SAD (Sadness)
1011_IWL_ANG_XX.wav,1774,195,323,0.077,27.74,26.71,1637125,ANG (Angry)
1011_ITS_DIS_XX.wav,525,165,343,0.0781,33.58,22.95,62130,DIS (Disgust)
1011_IWL_FEA_XX.wav,642,168,240,0.0632,24.28,19.64,60970,FEA (Fear)
1011_IWL_DIS_XX.wav,607,166,285,0.0568,34.65,21.88,54947,DIS (Disgust)
1011_IWW_FEA_XX.wav,350,177,252,0.0573,30.82,23.11,10996,FEA (Fear)
1011_IWL_HAP_XX.wav,465,182,338,0.0539,34.97,23.22,34093,HAP (Happy)
1011_IWW_ANG_XX.wav,1198,180,341,0.0728,37.88,32.24,555323,ANG (Angry)
1011_IWL_SAD_XX.wav,277,172,342,0.0474,35.57,21.28,4858,SAD (Sadness)
1011_IWW_HAP_XX.wav,421,159,270,0.0708,44.55,22.23,27325,HAP (Happy)
1011_IWW_DIS_XX.wav,632,173,342,0.0715,37.77,24.79,103427,DIS (Disgust)
1011_IWL_NEU_XX.wav,423,158,185,0.0546,36.24,20.53,29919,NEU (Neutral)
1011_IWW_SAD_XX.wav,233,165,257,0.0547,37.82,22.34,2549,SAD (Sadness)
1011_IWW_NEU_XX.wav,397,173,236,0.0547,34.04,27.27,22038,NEU (Neutral)
1011_MTI_DIS_XX.wav,394,174,271,0.052,29.69,20.56,21773,DIS (Disgust)
1011_MTI_FEA_XX.wav,439,178,337,0.0585,35.83,21.51,25008,FEA (Fear)
1011_MTI_SAD_XX.wav,317,158,263,0.0517,37.97,16.82,11987,SAD (Sadness)
1011_MTI_HAP_XX.wav,394,188,341,0.054,31.67,21.11,24888,HAP (Happy)
1011_MTI_ANG_XX.wav,2414,188,344,0.0872,25.75,22.16,2972305,ANG (Angry)
1011_MTI_NEU_XX.wav,429,175,265,0.0511,34.26,22.51,23907,NEU (Neutral)
1011_TAI_ANG_XX.wav,2490,186,255,0.0988,25.75,31.28,3109296,ANG (Angry)
1011_TAI_FEA_XX.wav,602,172,250,0.0796,32.45,26.94,60717,FEA (Fear)
1011_TAI_HAP_XX.wav,683,172,244,0.0788,36.45,31.57,134925,HAP (Happy)
1011_TAI_DIS_XX.wav,487,175,337,0.0681,34.92,25.68,33215,DIS (Disgust)
1011_TAI_SAD_XX.wav,417,185,331,0.0657,31.86,24.15,21105,SAD (Sadness)
1011_TAI_NEU_XX.wav,415,180,345,0.0584,32.45,23.18,39476,NEU (Neutral)
1011_TIE_HAP_XX.wav,383,175,210,0.062,32.17,21.47,31016,HAP (Happy)
1011_TIE_NEU_XX.wav,400,172,328,0.0614,36.32,23.63,40617,NEU (Neutral)
1011_TIE_ANG_XX.wav,717,175,340,0.0809,41.47,28.93,580821,ANG (Angry)
1011_TIE_FEA_XX.wav,612,179,342,0.0599,34.15,25.85,119712,FEA (Fear)
1011_TSI_HAP_XX.wav,412,174,334,0.1301,34.32,29.39,59118,HAP (Happy)
1011_TSI_DIS_XX.wav,451,194,328,0.1447,27.25,21.79,59784,DIS (Disgust)
1011_TSI_ANG_XX.wav,928,196,266,0.145,25.25,33.23,655902,ANG (Angry)
1011_TSI_FEA_XX.wav,484,184,263,0.1046,28.99,36.81,74554,FEA (Fear)
1011_TSI_NEU_XX.wav,307,176,341,0.0863,33.83,27.57,12183,NEU (Neutral)
1011_TSI_SAD_XX.wav,205,172,210,0.0684,32.31,23.28,3094,SAD (Sadness)
1011_TIE_SAD_XX.wav,280,174,308,0.0521,34.26,22.37,6316,SAD (Sadness)
1011_TIE_DIS_XX.wav,681,174,335,0.0691,35.01,26.21,283473,DIS (Disgust)
1011_WSI_FEA_XX.wav,440,182,241,0.0787,33.42,25.99,41375,FEA (Fear)
1011_WSI_HAP_XX.wav,656,177,268,0.0984,35.65,33.24,172361,HAP (Happy)
1012_DFA_DIS_XX.wav,390,191,325,0.0769,30.51,28.08,38451,DIS (Disgust)
1012_DFA_FEA_XX.wav,787,217,329,0.0737,16.97,32.83,162673,FEA (Fear)
1011_WSI_ANG_XX.wav,1517,199,343,0.1172,24.56,32.98,1942267,ANG (Angry)
1011_WSI_DIS_XX.wav,382,164,269,0.0787,39.44,20.05,23334,DIS (Disgust)
1011_WSI_SAD_XX.wav,289,163,308,0.0644,38.9,28.22,9305,SAD (Sadness)
1011_WSI_NEU_XX.wav,342,178,341,0.0714,37.76,26.78,20038,NEU (Neutral)
1012_DFA_ANG_XX.wav,978,207,240,0.094,23.41,42.51,526086,ANG (Angry)
1012_DFA_HAP_XX.wav,846,225,276,0.0729,19.73,40.67,413653,HAP (Happy)
1012_DFA_SAD_XX.wav,351,202,326,0.0575,23.21,27.73,23995,SAD (Sadness)
1012_DFA_NEU_XX.wav,560,203,222,0.0758,22.83,39.21,145184,NEU (Neutral)
1012_IEO_ANG_HI.wav,2835,249,324,0.0939,17.98,34.76,11496841,ANG (Angry)
1012_IEO_ANG_LO.wav,486,192,226,0.0577,27.28,23.26,89550,ANG (Angry)
1012_IEO_ANG_MD.wav,1113,224,245,0.0657,17.18,31.82,724245,ANG (Angry)
1012_IEO_FEA_LO.wav,402,191,329,0.0496,26.85,29.6,29109,FEA (Fear)
1012_IEO_DIS_LO.wav,368,190,341,0.0603,26.87,23.89,32914,DIS (Disgust)
1012_IEO_DIS_MD.wav,778,197,343,0.0823,30.37,30.56,499631,DIS (Disgust)
1012_IEO_DIS_HI.wav,1009,201,346,0.078,23.44,28.28,1088448,DIS (Disgust)
1012_IEO_FEA_HI.wav,1338,238,323,0.0723,16.66,31.15,1988032,FEA (Fear)
1012_IEO_FEA_MD.wav,508,204,214,0.051,23.8,27.25,162639,FEA (Fear)
1012_IEO_HAP_MD.wav,428,197,340,0.0612,27.49,25.82,31685,HAP (Happy)
1012_IEO_NEU_XX.wav,356,199,289,0.0638,22.85,24.56,21078,NEU (Neutral)
1012_IEO_HAP_HI.wav,689,201,335,0.0684,30.2,29.9,308215,HAP (Happy)
1012_IEO_HAP_LO.wav,365,199,260,0.0497,21.96,28.26,24027,HAP (Happy)
1012_IEO_SAD_HI.wav,395,211,243,0.0539,20.62,28.63,54348,SAD (Sadness)
1012_IOM_ANG_XX.wav,1786,223,324,0.0824,15.01,27.87,1480609,ANG (Angry)
1012_IEO_SAD_LO.wav,295,201,344,0.0468,21.42,22.58,6204,SAD (Sadness)
1012_IEO_SAD_MD.wav,280,193,203,0.0484,25.81,23.86,8306,SAD (Sadness)
1012_IOM_DIS_XX.wav,535,195,329,0.0567,21.67,19.65,31206,DIS (Disgust)
1012_IOM_HAP_XX.wav,726,215,345,0.058,19.25,27.26,133236,HAP (Happy)
1012_IOM_FEA_XX.wav,1446,231,340,0.0533,15.92,24.39,459280,FEA (Fear)
1012_IOM_NEU_XX.wav,556,201,272,0.0661,20.03,28.76,79900,NEU (Neutral)
1012_ITH_ANG_XX.wav,1219,221,342,0.0993,20.69,30.14,1343530,ANG (Angry)
1012_IOM_SAD_XX.wav,586,194,342,0.0483,18.61,21.99,40616,SAD (Sadness)
1012_ITH_NEU_XX.wav,639,214,342,0.065,17.38,29.16,142554,NEU (Neutral)
1012_ITH_FEA_XX.wav,449,201,235,0.0721,20.12,28.67,47650,FEA (Fear)
1012_ITH_HAP_XX.wav,656,204,263,0.0641,17.85,36.76,156899,HAP (Happy)
1012_ITH_DIS_XX.wav,475,200,259,0.0704,18.21,27.91,47889,DIS (Disgust)
1012_ITS_ANG_XX.wav,875,217,262,0.0936,20.27,28.32,408672,ANG (Angry)
1012_ITS_FEA_XX.wav,1157,241,337,0.086,13.09,29.75,297751,FEA (Fear)
1012_ITS_DIS_XX.wav,459,192,320,0.0932,29.87,27.11,36437,DIS (Disgust)
1012_ITH_SAD_XX.wav,373,195,270,0.0551,22.42,25.68,12856,SAD (Sadness)
1012_ITS_NEU_XX.wav,598,218,230,0.0808,14.25,32.53,61478,NEU (Neutral)
1012_ITS_HAP_XX.wav,775,210,270,0.0864,20.26,28.99,112361,HAP (Happy)
1012_IWL_FEA_XX.wav,1275,235,261,0.0691,8.56,23.65,429942,FEA (Fear)
1012_IWL_DIS_XX.wav,515,203,320,0.0568,18.56,21.68,44675,DIS (Disgust)
1012_ITS_SAD_XX.wav,403,198,221,0.069,20.07,25.83,23795,SAD (Sadness)
1012_IWL_HAP_XX.wav,728,209,247,0.0631,17.22,28.19,140283,HAP (Happy)
1012_IWL_ANG_XX.wav,1709,230,240,0.0733,11.09,25.74,1462418,ANG (Angry)
1012_IWW_ANG_XX.wav,599,201,340,0.0847,16.73,27.26,87629,ANG (Angry)
1012_IWW_DIS_XX.wav,413,192,248,0.0696,27.09,29.01,22856,DIS (Disgust)
1012_IWL_SAD_XX.wav,453,198,340,0.0538,24.92,20.14,42350,SAD (Sadness)
1012_IWL_NEU_XX.wav,656,204,293,0.0641,17.08,19.46,84799,NEU (Neutral)
1012_IWW_NEU_XX.wav,496,201,243,0.0632,20.37,27.76,39357,NEU (Neutral)
1012_IWW_FEA_XX.wav,558,194,218,0.0646,18.8,25.75,62035,FEA (Fear)
1012_IWW_HAP_XX.wav,479,202,332,0.0627,22.2,25.51,32196,HAP (Happy)
1012_IWW_SAD_XX.wav,324,186,229,0.0532,27.39,23.03,7546,SAD (Sadness)
1012_MTI_ANG_XX.wav,1069,215,325,0.0751,17.88,24.71,361358,ANG (Angry)
1012_MTI_FEA_XX.wav,1554,229,283,0.0634,15.17,27.79,568034,FEA (Fear)
1012_MTI_NEU_XX.wav,796,211,340,0.069,24.15,22.77,125436,NEU (Neutral)
1012_TAI_ANG_XX.wav,1314,224,344,0.0734,15.79,28.69,386734,ANG (Angry)
1012_MTI_DIS_XX.wav,519,206,343,0.0627,23.91,19.89,58184,DIS (Disgust)
1012_MTI_SAD_XX.wav,510,197,334,0.056,22.42,19.61,33380,SAD (Sadness)
1012_MTI_HAP_XX.wav,597,203,231,0.0676,16.26,22.67,81867,HAP (Happy)
1012_TAI_FEA_XX.wav,811,206,270,0.0734,16.55,19.96,100095,FEA (Fear)
1012_TAI_DIS_XX.wav,446,191,243,0.0585,24.44,22.95,25716,DIS (Disgust)
1012_TAI_HAP_XX.wav,730,218,257,0.0685,20.05,27.6,111297,HAP (Happy)
1012_TAI_NEU_XX.wav,694,203,339,0.0599,18.81,26.07,119151,NEU (Neutral)
1012_TAI_SAD_XX.wav,372,187,215,0.0598,22.09,23.45,18608,SAD (Sadness)
1012_TIE_ANG_XX.wav,877,203,343,0.0867,23.33,32.81,664710,ANG (Angry)
1012_TIE_DIS_XX.wav,348,188,343,0.0664,27.97,22.46,21817,DIS (Disgust)
1012_TIE_FEA_XX.wav,1253,214,211,0.0605,14.74,27.39,1053621,FEA (Fear)
1012_TIE_NEU_XX.wav,418,198,343,0.0578,22.28,22.46,39020,NEU (Neutral)
1012_TIE_SAD_XX.wav,264,190,338,0.0516,28.63,22.93,5506,SAD (Sadness)
1012_TSI_DIS_XX.wav,349,188,279,0.0961,36.08,29.9,28821,DIS (Disgust)
1012_TIE_HAP_XX.wav,471,198,343,0.0633,26.7,25.89,112776,HAP (Happy)
1012_TSI_ANG_XX.wav,842,220,303,0.1397,18.15,34.73,362533,ANG (Angry)
1012_TSI_HAP_XX.wav,574,212,329,0.1304,27.73,34.93,139012,HAP (Happy)
1012_TSI_SAD_XX.wav,337,197,271,0.0992,25.01,27.02,22769,SAD (Sadness)
1012_TSI_NEU_XX.wav,560,217,341,0.1291,25.05,33.55,107638,NEU (Neutral)
1012_WSI_ANG_XX.wav,1232,226,283,0.1379,18.34,37.12,1002375,ANG (Angry)
1012_TSI_FEA_XX.wav,546,196,234,0.1335,21.48,31.59,111946,FEA (Fear)
1012_WSI_DIS_XX.wav,409,188,285,0.0904,23.21,26.15,65400,DIS (Disgust)
1012_WSI_FEA_XX.wav,855,210,244,0.0947,21.31,35.84,289666,FEA (Fear)
1013_DFA_FEA_XX.wav,309,179,338,0.0579,27.89,24.47,9449,FEA (Fear)
1012_WSI_HAP_XX.wav,844,220,340,0.1095,18.76,33.88,314021,HAP (Happy)
1012_WSI_NEU_XX.wav,571,197,212,0.0884,18.62,23.75,110888,NEU (Neutral)
1013_DFA_DIS_XX.wav,415,197,327,0.0687,30.86,30.24,43615,DIS (Disgust)
1013_DFA_ANG_XX.wav,2717,258,340,0.1387,20.59,35.14,9578852,ANG (Angry)
1013_DFA_SAD_XX.wav,371,184,251,0.052,31.05,28.48,24743,SAD (Sadness)
1013_DFA_HAP_XX.wav,1153,229,339,0.075,22.58,36.28,1000281,HAP (Happy)
1012_WSI_SAD_XX.wav,319,196,345,0.0719,27.29,24.11,14217,SAD (Sadness)
1013_IEO_ANG_LO.wav,1472,257,343,0.0976,21.85,34.88,1906970,ANG (Angry)
1013_DFA_NEU_XX.wav,453,187,298,0.06,28.9,30.31,49138,NEU (Neutral)
1013_IEO_ANG_MD.wav,2039,263,334,0.1059,19.49,32.13,3004069,ANG (Angry)
1013_IEO_ANG_HI.wav,2218,225,328,0.1098,24.06,38.46,6875939,ANG (Angry)
1013_IEO_DIS_LO.wav,334,175,344,0.0585,29.54,23.11,20346,DIS (Disgust)
1013_IEO_FEA_HI.wav,2205,206,343,0.1037,35.32,33.75,6673060,FEA (Fear)
1013_IEO_HAP_HI.wav,2385,261,344,0.1147,18.8,36.38,7180699,HAP (Happy)
1013_IEO_DIS_MD.wav,871,211,329,0.0735,28.11,37.84,432481,DIS (Disgust)
1013_IEO_FEA_MD.wav,241,186,344,0.0504,29.8,25.78,4078,FEA (Fear)
1013_IEO_NEU_XX.wav,350,181,345,0.0554,31.04,27.3,22592,NEU (Neutral)
1013_IEO_HAP_MD.wav,495,189,345,0.0695,25.59,29.21,107190,HAP (Happy)
1013_IEO_FEA_LO.wav,228,179,253,0.0432,31.64,22.51,2416,FEA (Fear)
1013_IEO_HAP_LO.wav,432,191,337,0.054,29.99,25.78,71943,HAP (Happy)
1013_IEO_DIS_HI.wav,353,195,334,0.0554,31.22,29.11,38281,DIS (Disgust)
1013_IEO_SAD_LO.wav,268,173,222,0.0523,33.17,20.54,6065,SAD (Sadness)
1013_IEO_SAD_HI.wav,286,185,265,0.0524,31.38,22.66,9032,SAD (Sadness)
1013_IEO_SAD_MD.wav,272,185,343,0.0533,31.06,22.69,5484,SAD (Sadness)
1013_IOM_ANG_XX.wav,3524,264,341,0.1123,18.31,29.97,9201560,ANG (Angry)
1013_IOM_HAP_XX.wav,1006,204,342,0.0673,24.42,30.64,509254,HAP (Happy)
1013_IOM_DIS_XX.wav,463,187,304,0.0579,28.62,20.86,57740,DIS (Disgust)
1013_IOM_FEA_XX.wav,382,184,206,0.0469,22.35,27.09,6167,FEA (Fear)
1013_IOM_SAD_XX.wav,439,193,215,0.0424,16.48,21.35,8081,SAD (Sadness)
1013_ITH_FEA_XX.wav,326,182,339,0.0652,30.56,32.3,18263,FEA (Fear)
1013_IOM_NEU_XX.wav,534,190,345,0.0601,24.31,21.82,76549,NEU (Neutral)
1013_ITH_DIS_XX.wav,308,187,346,0.0669,34.96,31.17,26564,DIS (Disgust)
1013_ITH_NEU_XX.wav,448,193,329,0.0612,24.07,32.42,31036,NEU (Neutral)
1013_ITH_ANG_XX.wav,1728,225,345,0.1017,23.26,37.54,4157208,ANG (Angry)
1013_ITH_HAP_XX.wav,1885,244,340,0.0898,25.07,42.38,3519429,HAP (Happy)
1013_ITH_SAD_XX.wav,294,182,343,0.0522,25.98,23.97,4447,SAD (Sadness)
1013_ITS_FEA_XX.wav,281,175,335,0.0676,30.58,26.12,4863,FEA (Fear)
1013_ITS_NEU_XX.wav,425,186,342,0.0706,26.02,28.77,18925,NEU (Neutral)
1013_ITS_DIS_XX.wav,419,187,275,0.0883,31.02,27.04,31298,DIS (Disgust)
1013_ITS_ANG_XX.wav,2155,238,342,0.1218,18.91,36.18,6173768,ANG (Angry)
1013_ITS_HAP_XX.wav,933,237,342,0.1317,27.5,36.24,328358,HAP (Happy)
1013_ITS_SAD_XX.wav,255,174,198,0.06,31.24,22.59,2383,SAD (Sadness)
1013_IWL_FEA_XX.wav,472,192,197,0.047,20.62,25.46,12627,FEA (Fear)
1013_IWL_HAP_XX.wav,1114,206,245,0.0754,18.66,26.53,364410,HAP (Happy)
1013_IWL_NEU_XX.wav,720,194,329,0.0575,17.86,25.3,97608,NEU (Neutral)
1013_IWL_ANG_XX.wav,5207,270,343,0.1074,16.9,32.79,16693463,ANG (Angry)
1013_IWL_DIS_XX.wav,571,188,344,0.0519,39.76,28.94,41179,DIS (Disgust)
1013_IWW_ANG_XX.wav,1963,241,333,0.105,21.7,36.76,1899457,ANG (Angry)
1013_IWL_SAD_XX.wav,523,206,343,0.049,19.0,20.94,18032,SAD (Sadness)
1013_IWW_FEA_XX.wav,311,191,339,0.0721,24.41,25.58,7325,FEA (Fear)
1013_IWW_DIS_XX.wav,364,201,345,0.064,36.78,23.54,19855,DIS (Disgust)
1013_IWW_SAD_XX.wav,266,179,321,0.084,28.93,21.38,4195,SAD (Sadness)
1013_IWW_HAP_XX.wav,534,212,345,0.0756,29.16,34.33,33861,HAP (Happy)
1013_IWW_NEU_XX.wav,393,188,347,0.063,30.09,27.06,22199,NEU (Neutral)
1013_MTI_ANG_XX.wav,4464,260,340,0.1009,18.05,29.09,12816828,ANG (Angry)
1013_MTI_HAP_XX.wav,1810,238,343,0.084,20.97,31.75,1481975,HAP (Happy)
1013_MTI_SAD_XX.wav,334,187,345,0.0535,25.51,26.45,7945,SAD (Sadness)
1013_TAI_FEA_XX.wav,308,182,338,0.0627,33.76,26.28,6283,FEA (Fear)
1013_TAI_ANG_XX.wav,3751,233,339,0.1345,27.38,34.23,16830408,ANG (Angry)
1013_MTI_NEU_XX.wav,501,182,342,0.0636,28.38,25.96,41898,NEU (Neutral)
1013_TAI_HAP_XX.wav,1797,217,254,0.0795,19.51,27.93,1499154,HAP (Happy)
1013_TAI_NEU_XX.wav,486,203,326,0.0581,17.09,26.19,34008,NEU (Neutral)
1013_TAI_SAD_XX.wav,347,187,240,0.0532,26.68,22.44,5550,SAD (Sadness)
1013_MTI_DIS_XX.wav,459,196,330,0.0604,32.03,25.33,49346,DIS (Disgust)
1013_MTI_FEA_XX.wav,358,195,342,0.0493,25.45,29.11,8647,FEA (Fear)
1013_TAI_DIS_XX.wav,407,191,334,0.0601,32.57,27.18,30052,DIS (Disgust)
1013_TIE_FEA_XX.wav,621,217,225,0.0677,21.66,33.69,230720,FEA (Fear)
1013_TIE_ANG_XX.wav,2442,246,344,0.1159,18.44,38.19,9603019,ANG (Angry)
1013_TIE_NEU_XX.wav,514,189,210,0.0656,22.7,29.17,74709,NEU (Neutral)
1013_TIE_HAP_XX.wav,865,211,340,0.0736,28.14,31.17,813996,HAP (Happy)
1013_TIE_DIS_XX.wav,513,184,336,0.0665,28.75,31.62,72565,DIS (Disgust)
1013_TSI_FEA_XX.wav,269,190,284,0.1183,31.99,23.02,9018,FEA (Fear)
1013_TSI_DIS_XX.wav,373,189,248,0.1075,33.29,33.76,40669,DIS (Disgust)
1013_WSI_DIS_XX.wav,404,186,235,0.0971,30.38,26.35,19817,DIS (Disgust)
1013_TIE_SAD_XX.wav,265,176,332,0.0596,37.71,23.58,5051,SAD (Sadness)
1013_TSI_ANG_XX.wav,2137,230,332,0.1997,25.83,38.45,5244654,ANG (Angry)
1013_WSI_ANG_XX.wav,3191,252,343,0.1645,20.17,32.05,10886645,ANG (Angry)
1013_WSI_HAP_XX.wav,2598,268,335,0.1472,17.3,37.96,4446197,HAP (Happy)
1013_TSI_NEU_XX.wav,428,194,340,0.1198,28.99,31.85,36862,NEU (Neutral)
1013_TSI_HAP_XX.wav,1084,235,334,0.1675,25.4,39.73,1536396,HAP (Happy)
1013_WSI_FEA_XX.wav,334,182,240,0.0764,32.44,27.33,8739,FEA (Fear)
1013_TSI_SAD_XX.wav,296,179,245,0.1526,33.98,22.22,11359,SAD (Sadness)
1013_WSI_SAD_XX.wav,404,186,235,0.0971,30.38,26.35,19817,SAD (Sadness)
1013_WSI_NEU_XX.wav,499,184,284,0.102,26.14,26.21,61046,NEU (Neutral)
1014_DFA_HAP_XX.wav,768,186,346,0.0781,27.93,36.5,481301,HAP (Happy)
1014_DFA_DIS_XX.wav,289,176,243,0.0703,32.11,24.56,21410,DIS (Disgust)
1014_DFA_ANG_XX.wav,2445,211,328,0.1554,26.96,28.94,9757148,ANG (Angry)
1014_DFA_FEA_XX.wav,1228,203,331,0.0723,30.07,31.56,1784606,FEA (Fear)
1014_DFA_NEU_XX.wav,509,173,262,0.075,34.11,28.33,143499,NEU (Neutral)
1014_IEO_ANG_HI.wav,4733,238,341,0.1478,18.49,26.02,19255995,ANG (Angry)
1014_IEO_ANG_LO.wav,1183,206,334,0.0996,25.92,25.42,931620,ANG (Angry)
1014_DFA_SAD_XX.wav,274,187,297,0.0698,33.03,23.81,16377,SAD (Sadness)
1014_IEO_ANG_MD.wav,1490,192,342,0.112,29.2,27.96,1427751,ANG (Angry)
1014_IEO_HAP_LO.wav,653,189,329,0.0772,37.34,31.56,199686,HAP (Happy)
1014_IEO_DIS_HI.wav,1124,198,329,0.0973,27.81,27.35,1346472,DIS (Disgust)
1014_IEO_DIS_MD.wav,851,184,339,0.0901,33.28,28.65,424570,DIS (Disgust)
1014_IEO_FEA_LO.wav,268,187,233,0.0781,31.87,22.36,10511,FEA (Fear)
1014_IEO_DIS_LO.wav,376,175,337,0.0689,34.32,24.75,50101,DIS (Disgust)
1014_IEO_HAP_HI.wav,2828,216,291,0.1222,23.3,29.52,6899701,HAP (Happy)
1014_IEO_FEA_MD.wav,338,198,291,0.0643,31.66,25.79,28786,FEA (Fear)
1014_IEO_FEA_HI.wav,1127,194,274,0.1222,27.35,30.22,1029578,FEA (Fear)
1014_IEO_HAP_MD.wav,651,174,343,0.0929,40.09,28.42,413456,HAP (Happy)
1014_IEO_NEU_XX.wav,439,172,339,0.076,38.7,28.64,45407,NEU (Neutral)
1014_IEO_SAD_HI.wav,310,204,341,0.0485,28.17,25.55,13165,SAD (Sadness)
1014_IEO_SAD_MD.wav,269,180,207,0.0565,36.08,22.55,8214,SAD (Sadness)
1014_IEO_SAD_LO.wav,244,183,324,0.0623,38.56,25.78,7302,SAD (Sadness)
1014_IOM_DIS_XX.wav,386,185,260,0.0721,33.7,21.33,50475,DIS (Disgust)
1014_IOM_HAP_XX.wav,1388,204,333,0.0678,31.4,25.91,725305,HAP (Happy)
1014_IOM_ANG_XX.wav,1431,195,327,0.0959,25.19,24.07,1388124,ANG (Angry)
1014_IOM_FEA_XX.wav,661,191,334,0.0614,27.48,18.9,180351,FEA (Fear)
1014_IOM_NEU_XX.wav,705,192,342,0.0664,30.34,20.1,169978,NEU (Neutral)
1014_ITH_HAP_XX.wav,796,187,265,0.0843,29.48,28.87,206922,HAP (Happy)
1014_IOM_SAD_XX.wav,354,178,341,0.0532,36.43,21.76,22581,SAD (Sadness)
1014_ITH_ANG_XX.wav,576,179,342,0.0993,37.56,28.25,260663,ANG (Angry)
1014_ITH_NEU_XX.wav,815,189,327,0.077,24.16,30.54,372709,NEU (Neutral)
1014_ITH_SAD_XX.wav,224,183,328,0.053,33.38,21.37,4207,SAD (Sadness)
1014_ITH_FEA_XX.wav,1517,190,339,0.0774,28.06,28.27,1691536,FEA (Fear)
1014_ITS_ANG_XX.wav,1060,193,326,0.1217,20.49,29.54,478355,ANG (Angry)
1014_ITS_HAP_XX.wav,836,190,265,0.0902,31.2,28.45,195406,HAP (Happy)
1014_ITS_FEA_XX.wav,553,178,339,0.0674,32.44,25.33,68094,FEA (Fear)
1014_ITS_NEU_XX.wav,618,186,341,0.094,31.28,28.36,130279,NEU (Neutral)
1014_ITH_DIS_XX.wav,397,173,343,0.0811,33.92,25.28,97101,DIS (Disgust)
1014_IWL_FEA_XX.wav,462,182,340,0.0562,34.52,21.98,39396,FEA (Fear)
1014_ITS_DIS_XX.wav,361,184,338,0.0823,38.31,22.64,61566,DIS (Disgust)
1014_ITS_SAD_XX.wav,286,180,333,0.0606,40.24,22.18,9430,SAD (Sadness)
1014_IWL_ANG_XX.wav,1994,195,338,0.0915,24.27,22.84,2185393,ANG (Angry)
1014_IWL_DIS_XX.wav,362,186,341,0.0619,31.64,19.94,34311,DIS (Disgust)
1014_IWW_ANG_XX.wav,1732,200,328,0.1131,19.8,29.27,2607177,ANG (Angry)
1014_IWL_HAP_XX.wav,1206,188,343,0.0734,30.78,27.47,441132,HAP (Happy)
1014_IWW_DIS_XX.wav,374,185,336,0.0956,33.25,23.79,38428,DIS (Disgust)
1014_IWW_FEA_XX.wav,461,180,340,0.0917,30.62,27.86,66506,FEA (Fear)
1014_IWW_NEU_XX.wav,650,188,342,0.0918,37.05,24.19,127970,NEU (Neutral)
1014_IWL_NEU_XX.wav,762,185,339,0.0692,27.77,24.0,197334,NEU (Neutral)
1014_IWW_SAD_XX.wav,240,182,342,0.0643,38.26,21.91,4112,SAD (Sadness)
1014_IWW_HAP_XX.wav,807,180,309,0.0856,29.08,28.73,170055,HAP (Happy)
1014_MTI_DIS_XX.wav,412,190,341,0.0643,40.87,22.19,25586,DIS (Disgust)
1014_MTI_HAP_XX.wav,1457,202,342,0.0667,30.69,26.92,485246,HAP (Happy)
1014_MTI_NEU_XX.wav,831,187,345,0.0722,34.19,23.27,224156,NEU (Neutral)
1014_MTI_ANG_XX.wav,1833,187,263,0.0937,20.17,25.77,1364261,ANG (Angry)
1014_TAI_ANG_XX.wav,2101,193,338,0.1353,23.94,26.27,2776491,ANG (Angry)
1014_TAI_SAD_XX.wav,297,171,339,0.0578,40.43,21.22,8194,SAD (Sadness)
1014_IWL_SAD_XX.wav,294,187,263,0.052,34.74,20.55,6751,SAD (Sadness)
1014_TAI_HAP_XX.wav,1518,199,342,0.0858,28.21,34.69,812215,HAP (Happy)
1014_TAI_DIS_XX.wav,358,184,340,0.0847,39.95,23.46,27384,DIS (Disgust)
1014_TAI_NEU_XX.wav,810,186,343,0.1,29.43,24.15,258887,NEU (Neutral)
1014_MTI_SAD_XX.wav,328,182,279,0.0546,36.03,21.58,9787,SAD (Sadness)
1014_TIE_ANG_XX.wav,2112,200,338,0.1282,24.77,31.68,9006870,ANG (Angry)
1014_TAI_FEA_XX.wav,546,172,233,0.0703,31.15,25.67,62620,FEA (Fear)
1014_MTI_FEA_XX.wav,358,179,345,0.0528,38.06,26.63,22140,FEA (Fear)
1014_TIE_NEU_XX.wav,629,187,274,0.0865,30.18,25.21,180495,NEU (Neutral)
1014_TIE_FEA_XX.wav,507,169,345,0.0792,32.01,29.63,148146,FEA (Fear)
1014_TIE_DIS_XX.wav,601,182,343,0.0894,31.8,30.48,241029,DIS (Disgust)
1014_TIE_HAP_XX.wav,1504,198,331,0.1166,25.53,29.31,2148928,HAP (Happy)
1014_TSI_HAP_XX.wav,940,201,334,0.1409,28.84,30.8,582232,HAP (Happy)
1014_TSI_DIS_XX.wav,307,191,340,0.1538,30.74,23.38,51580,DIS (Disgust)
1014_TSI_FEA_XX.wav,385,193,343,0.125,29.3,29.82,61492,FEA (Fear)
1014_TSI_NEU_XX.wav,676,194,342,0.1573,31.21,30.34,187971,NEU (Neutral)
1014_TSI_ANG_XX.wav,1080,198,342,0.1755,29.22,25.88,1073582,ANG (Angry)
1014_WSI_HAP_XX.wav,1185,200,323,0.1462,28.05,38.41,805712,HAP (Happy)
1014_TIE_SAD_XX.wav,283,195,345,0.0546,40.06,20.6,11139,SAD (Sadness)
1014_WSI_NEU_XX.wav,828,183,312,0.1434,29.07,34.22,269320,NEU (Neutral)
1014_WSI_DIS_XX.wav,320,172,248,0.1071,39.06,23.56,29173,DIS (Disgust)
1015_DFA_ANG_XX.wav,949,197,325,0.0838,28.96,27.43,795267,ANG (Angry)
1014_WSI_SAD_XX.wav,244,191,300,0.0765,36.59,22.91,6393,SAD (Sadness)
1014_WSI_FEA_XX.wav,486,181,334,0.089,29.4,28.48,85282,FEA (Fear)
1014_TSI_SAD_XX.wav,270,174,342,0.1171,39.37,21.6,19886,SAD (Sadness)
1015_DFA_DIS_XX.wav,698,207,327,0.0759,21.53,26.24,108104,DIS (Disgust)
1014_WSI_ANG_XX.wav,1988,208,341,0.1792,25.09,34.83,4123557,ANG (Angry)
1015_DFA_FEA_XX.wav,692,202,321,0.0627,23.06,30.11,92501,FEA (Fear)
1015_DFA_NEU_XX.wav,524,181,251,0.0607,40.36,33.21,62996,NEU (Neutral)
1015_DFA_HAP_XX.wav,1056,212,330,0.0555,22.59,33.88,428549,HAP (Happy)
1015_IEO_ANG_HI.wav,1977,194,305,0.1037,23.72,34.56,3614967,ANG (Angry)
1015_IEO_DIS_LO.wav,467,217,334,0.0683,25.91,28.86,42941,DIS (Disgust)
1015_IEO_DIS_HI.wav,385,190,333,0.0636,30.99,24.19,32172,DIS (Disgust)
1015_IEO_FEA_HI.wav,1920,204,336,0.0863,36.54,28.96,2934183,FEA (Fear)
1015_IEO_ANG_LO.wav,1782,194,340,0.0856,27.44,31.65,1354018,ANG (Angry)
1015_IEO_FEA_LO.wav,347,185,328,0.0633,33.58,26.57,14153,FEA (Fear)
1015_IEO_ANG_MD.wav,484,182,326,0.0786,39.17,28.34,58337,ANG (Angry)
1015_DFA_SAD_XX.wav,362,174,334,0.0621,30.8,24.51,27603,SAD (Sadness)
1015_IEO_HAP_HI.wav,404,184,289,0.0707,31.43,27.32,24387,HAP (Happy)
1015_IEO_DIS_MD.wav,496,173,343,0.059,34.07,25.4,88908,DIS (Disgust)
1015_IEO_FEA_MD.wav,325,169,306,0.0637,36.96,27.96,20838,FEA (Fear)
1015_IEO_HAP_MD.wav,590,188,314,0.0718,32.02,30.96,78458,HAP (Happy)
1015_IEO_HAP_LO.wav,483,187,235,0.0677,24.07,35.44,52463,HAP (Happy)
1015_IEO_SAD_LO.wav,276,172,215,0.0476,33.37,22.54,3815,SAD (Sadness)
1015_IEO_SAD_HI.wav,220,174,340,0.0449,44.48,21.63,1648,SAD (Sadness)
1015_IEO_NEU_XX.wav,445,182,229,0.0562,36.59,29.19,46499,NEU (Neutral)
1015_IOM_HAP_XX.wav,1748,188,222,0.0719,19.18,32.68,840133,HAP (Happy)
1015_IEO_SAD_MD.wav,273,173,272,0.0552,36.07,24.88,4943,SAD (Sadness)
1015_IOM_DIS_XX.wav,496,180,342,0.0444,36.53,20.45,14813,DIS (Disgust)
1015_IOM_NEU_XX.wav,593,180,339,0.0551,35.77,18.75,34569,NEU (Neutral)
1015_IOM_ANG_XX.wav,537,177,339,0.058,33.24,23.98,26049,ANG (Angry)
1015_IOM_FEA_XX.wav,409,178,248,0.0575,29.88,22.53,17573,FEA (Fear)
1015_IOM_SAD_XX.wav,622,189,344,0.0488,30.6,18.78,54741,SAD (Sadness)
1015_ITH_HAP_XX.wav,650,193,276,0.061,35.44,31.29,70712,HAP (Happy)
1015_ITH_ANG_XX.wav,673,185,340,0.0705,31.77,35.73,358640,ANG (Angry)
1015_ITH_SAD_XX.wav,327,164,235,0.0498,36.25,27.85,10378,SAD (Sadness)
1015_ITS_HAP_XX.wav,1025,224,334,0.0999,19.65,29.8,267660,HAP (Happy)
1015_ITS_FEA_XX.wav,417,183,330,0.0745,23.95,23.74,19590,FEA (Fear)
1015_ITH_FEA_XX.wav,403,168,339,0.0539,36.94,27.22,16296,FEA (Fear)
1015_ITS_ANG_XX.wav,1023,197,344,0.1107,35.2,27.14,564739,ANG (Angry)
1015_ITH_DIS_XX.wav,303,180,344,0.0461,37.82,23.56,9321,DIS (Disgust)
1015_ITS_DIS_XX.wav,353,182,343,0.072,37.34,25.79,14158,DIS (Disgust)
1015_ITH_NEU_XX.wav,385,170,242,0.0527,36.45,27.24,17439,NEU (Neutral)
1015_IWL_HAP_XX.wav,904,189,273,0.0645,23.06,24.32,143114,HAP (Happy)
1015_ITS_NEU_XX.wav,399,182,210,0.0671,26.69,26.31,19120,NEU (Neutral)
1015_IWL_NEU_XX.wav,630,184,338,0.0543,23.61,25.24,53202,NEU (Neutral)
1015_IWL_ANG_XX.wav,1010,197,330,0.067,30.12,25.96,224478,ANG (Angry)
1015_IWL_DIS_XX.wav,555,183,342,0.0528,28.27,20.42,47718,DIS (Disgust)
1015_IWL_FEA_XX.wav,776,189,342,0.072,27.15,24.38,104311,FEA (Fear)
1015_IWW_ANG_XX.wav,343,194,339,0.079,35.66,21.77,20446,ANG (Angry)
1015_ITS_SAD_XX.wav,318,194,331,0.0523,29.74,25.07,6700,SAD (Sadness)
1015_IWW_FEA_XX.wav,469,173,344,0.0759,36.42,22.66,33848,FEA (Fear)
1015_IWL_SAD_XX.wav,463,175,343,0.0539,34.74,19.66,18444,SAD (Sadness)
1015_MTI_HAP_XX.wav,975,183,341,0.0601,33.75,27.06,273944,HAP (Happy)
1015_IWW_HAP_XX.wav,1129,187,343,0.078,30.65,33.57,468135,HAP (Happy)
1015_IWW_DIS_XX.wav,278,187,330,0.0502,36.61,23.49,4371,DIS (Disgust)
1015_MTI_NEU_XX.wav,576,192,342,0.0535,29.13,23.0,25384,NEU (Neutral)
1015_IWW_SAD_XX.wav,331,182,334,0.055,35.98,21.76,7150,SAD (Sadness)
1015_IWW_NEU_XX.wav,438,177,338,0.0544,35.67,23.64,24545,NEU (Neutral)
1015_MTI_DIS_XX.wav,524,196,340,0.0612,27.21,23.0,41280,DIS (Disgust)
1015_MTI_SAD_XX.wav,560,175,313,0.0525,32.35,24.28,38261,SAD (Sadness)
1015_MTI_FEA_XX.wav,749,190,346,0.0597,28.34,22.93,97841,FEA (Fear)
1015_MTI_ANG_XX.wav,771,190,335,0.0637,28.57,28.95,149234,ANG (Angry)
1015_TAI_NEU_XX.wav,843,200,335,0.0685,23.43,28.89,137407,NEU (Neutral)
1015_TAI_ANG_XX.wav,2761,201,245,0.0841,18.93,35.26,4488596,ANG (Angry)
1015_TAI_HAP_XX.wav,1071,207,339,0.0811,29.67,34.65,251453,HAP (Happy)
1015_TAI_SAD_XX.wav,446,168,340,0.0514,37.97,20.35,16671,SAD (Sadness)
1015_TAI_FEA_XX.wav,933,203,327,0.0714,29.4,24.84,188319,FEA (Fear)
1015_TIE_FEA_XX.wav,848,177,344,0.0647,28.46,25.67,250494,FEA (Fear)
1015_TIE_ANG_XX.wav,516,165,345,0.0885,36.05,29.23,293502,ANG (Angry)
1015_TIE_NEU_XX.wav,407,161,347,0.0707,41.75,27.07,50437,NEU (Neutral)
1015_TIE_SAD_XX.wav,419,171,338,0.0644,44.39,22.73,44730,SAD (Sadness)
1015_TAI_DIS_XX.wav,399,184,342,0.0813,28.24,24.45,20103,DIS (Disgust)
1015_TSI_ANG_XX.wav,729,187,338,0.1726,33.33,27.74,313029,ANG (Angry)
1015_TIE_HAP_XX.wav,772,174,346,0.0653,34.67,25.37,310948,HAP (Happy)
1015_TSI_HAP_XX.wav,878,221,327,0.2117,31.85,29.73,380721,HAP (Happy)
1015_TIE_DIS_XX.wav,286,184,290,0.0601,37.09,23.61,15615,DIS (Disgust)
1015_TSI_NEU_XX.wav,424,202,338,0.1299,32.59,30.19,35790,NEU (Neutral)
1015_TSI_SAD_XX.wav,319,194,343,0.1187,36.18,24.09,20609,SAD (Sadness)
1015_TSI_DIS_XX.wav,350,193,344,0.131,31.09,26.87,34469,DIS (Disgust)
1015_WSI_FEA_XX.wav,406,190,262,0.0883,26.8,26.67,23943,FEA (Fear)
1015_TSI_FEA_XX.wav,713,191,332,0.1606,30.06,31.18,154121,FEA (Fear)
1015_WSI_ANG_XX.wav,927,194,326,0.1123,26.35,28.53,437458,ANG (Angry)
1015_WSI_HAP_XX.wav,819,201,272,0.0964,20.31,33.09,89908,HAP (Happy)
1015_WSI_DIS_XX.wav,512,171,340,0.0655,34.76,26.9,45015,DIS (Disgust)
1016_DFA_ANG_XX.wav,3628,196,239,0.0963,23.1,31.76,11395542,ANG (Angry)
1016_DFA_HAP_XX.wav,1388,182,342,0.0696,27.51,37.91,697234,HAP (Happy)
1015_WSI_SAD_XX.wav,378,186,249,0.0589,31.31,25.45,16779,SAD (Sadness)
1015_WSI_NEU_XX.wav,377,173,325,0.0612,36.25,28.5,23213,NEU (Neutral)
1016_DFA_NEU_XX.wav,817,163,227,0.0643,37.02,34.68,172610,NEU (Neutral)
1016_DFA_FEA_XX.wav,278,167,342,0.0836,35.1,21.14,17774,FEA (Fear)
1016_IEO_ANG_LO.wav,874,200,343,0.0658,34.26,26.12,205246,ANG (Angry)
1016_DFA_DIS_XX.wav,1479,177,342,0.095,26.4,30.63,2325209,DIS (Disgust)
1016_DFA_SAD_XX.wav,433,193,341,0.0653,44.15,27.87,31804,SAD (Sadness)
1016_IEO_FEA_LO.wav,346,183,290,0.0595,33.92,21.63,17195,FEA (Fear)
1016_IEO_DIS_MD.wav,1141,186,333,0.079,31.76,29.89,528399,DIS (Disgust)
1016_IEO_ANG_MD.wav,1171,180,251,0.0723,30.04,27.43,551202,ANG (Angry)
1016_IEO_ANG_HI.wav,5359,236,334,0.1122,16.67,27.38,17554248,ANG (Angry)
1016_IEO_FEA_HI.wav,612,188,324,0.0764,28.8,24.41,84774,FEA (Fear)
1016_IEO_DIS_LO.wav,340,187,342,0.0599,33.48,22.62,12668,DIS (Disgust)
1016_IEO_FEA_MD.wav,472,163,336,0.0639,40.28,23.75,44636,FEA (Fear)
1016_IEO_HAP_LO.wav,389,180,333,0.0795,31.0,23.87,31894,HAP (Happy)
1016_IEO_DIS_HI.wav,498,181,341,0.0597,36.92,26.07,68110,DIS (Disgust)
1016_IEO_NEU_XX.wav,536,186,334,0.0631,34.61,25.62,57529,NEU (Neutral)
1016_IEO_HAP_HI.wav,504,166,341,0.0635,40.16,23.03,31840,HAP (Happy)
1016_IEO_HAP_MD.wav,536,195,334,0.069,34.75,29.84,71296,HAP (Happy)
1016_IOM_ANG_XX.wav,1099,178,342,0.0633,29.1,21.8,405204,ANG (Angry)
1016_IEO_SAD_LO.wav,317,182,344,0.0755,35.9,22.98,20597,SAD (Sadness)
1016_IEO_SAD_MD.wav,288,186,247,0.06,32.6,22.04,9747,SAD (Sadness)
1016_IOM_HAP_XX.wav,1075,174,297,0.0589,32.81,24.92,351527,HAP (Happy)
1016_IOM_NEU_XX.wav,710,174,237,0.0512,34.59,19.04,82464,NEU (Neutral)
1016_IOM_SAD_XX.wav,294,175,331,0.0537,48.19,17.09,6192,SAD (Sadness)
1016_IOM_FEA_XX.wav,1154,174,335,0.0582,36.9,27.51,277059,FEA (Fear)
1016_IOM_DIS_XX.wav,492,164,344,0.0506,36.55,20.88,26995,DIS (Disgust)
1016_IEO_SAD_HI.wav,313,181,343,0.0627,35.47,22.58,16793,SAD (Sadness)
1016_ITH_ANG_XX.wav,1941,195,319,0.0835,27.56,34.19,3318482,ANG (Angry)
1016_ITH_HAP_XX.wav,867,184,342,0.0639,35.41,27.29,391531,HAP (Happy)
1016_ITS_NEU_XX.wav,851,184,325,0.1003,31.44,33.31,216091,NEU (Neutral)
1016_ITH_FEA_XX.wav,1059,186,327,0.0677,25.31,28.99,264748,FEA (Fear)
1016_ITS_ANG_XX.wav,2558,199,340,0.1134,30.43,32.22,3879454,ANG (Angry)
1016_ITH_DIS_XX.wav,424,183,334,0.0936,37.07,26.78,82628,DIS (Disgust)
1016_ITS_FEA_XX.wav,359,177,337,0.1053,30.64,29.03,40646,FEA (Fear)
1016_ITS_HAP_XX.wav,799,210,322,0.093,30.23,27.32,207959,HAP (Happy)
1016_ITH_NEU_XX.wav,587,175,343,0.0633,34.67,31.74,68251,NEU (Neutral)
1016_ITS_DIS_XX.wav,825,197,323,0.1298,32.08,28.68,263763,DIS (Disgust)
1016_ITS_SAD_XX.wav,378,172,299,0.1033,34.63,29.44,55511,SAD (Sadness)
1016_ITH_SAD_XX.wav,391,183,342,0.0732,36.85,26.67,49868,SAD (Sadness)
1016_IWL_ANG_XX.wav,4821,230,331,0.0852,18.46,29.06,10947304,ANG (Angry)
1016_IWL_NEU_XX.wav,683,168,331,0.0547,40.5,22.98,100602,NEU (Neutral)
1016_IWW_ANG_XX.wav,1430,184,342,0.0874,36.73,27.23,1421883,ANG (Angry)
1016_IWW_NEU_XX.wav,736,179,338,0.0658,38.65,25.03,69201,NEU (Neutral)
1016_IWL_DIS_XX.wav,636,197,341,0.0585,34.69,23.93,50928,DIS (Disgust)
1016_IWW_DIS_XX.wav,398,194,341,0.0916,34.13,29.42,55803,DIS (Disgust)
1016_IWW_HAP_XX.wav,1323,183,345,0.0753,34.92,34.55,390276,HAP (Happy)
1016_IWL_HAP_XX.wav,491,192,334,0.0529,25.1,21.81,19343,HAP (Happy)
1016_IWW_FEA_XX.wav,411,190,343,0.0863,30.1,33.38,29426,FEA (Fear)
1016_IWL_FEA_XX.wav,1559,198,342,0.0654,32.31,29.54,1162041,FEA (Fear)
1016_IWL_SAD_XX.wav,541,178,344,0.0533,39.05,26.7,35998,SAD (Sadness)
1016_MTI_ANG_XX.wav,2605,193,331,0.0751,29.01,24.14,3691716,ANG (Angry)
1016_MTI_NEU_XX.wav,949,182,318,0.0521,30.49,25.44,97386,NEU (Neutral)
1016_MTI_FEA_XX.wav,1378,226,337,0.0491,21.94,22.85,278069,FEA (Fear)
1016_MTI_HAP_XX.wav,711,191,339,0.0527,37.83,20.5,146590,HAP (Happy)
1016_MTI_DIS_XX.wav,1841,200,342,0.0657,35.7,21.96,1328921,DIS (Disgust)
1016_IWW_SAD_XX.wav,293,186,341,0.0605,40.71,21.81,8064,SAD (Sadness)
1016_TAI_HAP_XX.wav,1314,198,328,0.0695,32.9,38.39,591509,HAP (Happy)
1016_MTI_SAD_XX.wav,756,175,340,0.0507,32.98,27.01,89862,SAD (Sadness)
1016_TAI_ANG_XX.wav,2341,201,324,0.1053,24.81,32.22,2924442,ANG (Angry)
1016_TAI_DIS_XX.wav,1136,190,340,0.0925,31.91,27.74,589820,DIS (Disgust)
1016_TAI_SAD_XX.wav,547,179,340,0.071,37.48,27.31,46667,SAD (Sadness)
1016_TAI_NEU_XX.wav,510,177,322,0.0615,37.99,22.89,36878,NEU (Neutral)
1016_TIE_ANG_XX.wav,2405,207,343,0.0872,24.94,32.43,3874829,ANG (Angry)
1016_TIE_FEA_XX.wav,955,185,336,0.0788,37.43,36.06,440869,FEA (Fear)
1016_TSI_ANG_XX.wav,2498,204,257,0.1977,25.73,31.45,4530426,ANG (Angry)
1016_TIE_DIS_XX.wav,506,199,338,0.0961,32.47,31.33,217912,DIS (Disgust)
1016_TAI_FEA_XX.wav,477,186,341,0.0796,34.2,30.08,41637,FEA (Fear)
1016_TIE_HAP_XX.wav,1088,186,347,0.0908,31.11,28.32,700791,HAP (Happy)
1016_TIE_SAD_XX.wav,389,178,341,0.0531,43.63,24.91,29112,SAD (Sadness)
1016_TSI_NEU_XX.wav,684,185,333,0.1639,35.51,29.17,224011,NEU (Neutral)
1016_TIE_NEU_XX.wav,393,169,339,0.0696,45.33,23.3,53691,NEU (Neutral)
1016_TSI_HAP_XX.wav,569,202,336,0.2035,38.4,26.83,230334,HAP (Happy)
1016_TSI_FEA_XX.wav,608,197,321,0.158,35.16,27.96,258609,FEA (Fear)
1016_TSI_SAD_XX.wav,514,180,335,0.2366,36.76,27.29,206661,SAD (Sadness)
1016_WSI_ANG_XX.wav,2882,197,346,0.1444,28.04,32.43,5872624,ANG (Angry)
1016_TSI_DIS_XX.wav,1151,199,327,0.2626,33.47,27.01,1322870,DIS (Disgust)
1016_WSI_FEA_XX.wav,547,182,309,0.1082,36.33,27.28,83834,FEA (Fear)
1017_DFA_DIS_XX.wav,267,177,285,0.0587,35.53,24.11,6865,DIS (Disgust)
1017_DFA_ANG_XX.wav,678,194,207,0.064,30.11,34.74,111607,ANG (Angry)
1016_WSI_DIS_XX.wav,1091,191,340,0.1559,36.8,29.61,591133,DIS (Disgust)
1016_WSI_SAD_XX.wav,437,163,333,0.0907,38.54,26.61,48875,SAD (Sadness)
1017_DFA_FEA_XX.wav,453,171,333,0.0602,36.19,34.86,27755,FEA (Fear)
1017_DFA_NEU_XX.wav,567,184,262,0.0571,41.51,32.99,62923,NEU (Neutral)
1016_WSI_HAP_XX.wav,903,207,342,0.1017,30.17,34.9,221282,HAP (Happy)
1016_WSI_NEU_XX.wav,871,182,330,0.0861,34.49,32.6,224587,NEU (Neutral)
1017_DFA_HAP_XX.wav,847,191,334,0.0611,27.69,39.54,214216,HAP (Happy)
1017_DFA_SAD_XX.wav,378,156,341,0.053,39.87,33.35,17672,SAD (Sadness)
1017_IEO_ANG_LO.wav,1435,196,326,0.0825,32.38,38.89,728968,ANG (Angry)
1017_IEO_ANG_MD.wav,1033,210,334,0.0676,23.02,36.21,452936,ANG (Angry)
1017_IEO_FEA_LO.wav,326,190,286,0.0483,31.43,22.53,8565,FEA (Fear)
1017_IEO_DIS_LO.wav,292,170,229,0.0607,39.08,22.14,9951,DIS (Disgust)
1017_IEO_HAP_HI.wav,666,185,332,0.0627,33.62,37.91,132748,HAP (Happy)
1017_IEO_DIS_HI.wav,379,165,238,0.0644,43.99,26.34,18350,DIS (Disgust)
1017_IEO_DIS_MD.wav,329,178,237,0.0563,31.55,26.9,14976,DIS (Disgust)
1017_IEO_HAP_MD.wav,447,171,338,0.0616,38.92,30.07,45082,HAP (Happy)
1017_IEO_ANG_HI.wav,1391,198,335,0.092,37.29,40.58,742110,ANG (Angry)
1017_IEO_FEA_HI.wav,381,185,264,0.0724,36.73,24.5,25390,FEA (Fear)
1017_IEO_HAP_LO.wav,539,179,333,0.0631,40.55,35.41,77690,HAP (Happy)
1017_IEO_FEA_MD.wav,291,181,334,0.0544,29.81,24.3,7355,FEA (Fear)
1017_IEO_NEU_XX.wav,428,184,323,0.0647,33.72,29.18,27909,NEU (Neutral)
1017_IEO_SAD_LO.wav,275,174,218,0.0508,31.81,21.32,4918,SAD (Sadness)
1017_IEO_SAD_HI.wav,253,184,251,0.045,34.25,21.16,1984,SAD (Sadness)
1017_IEO_SAD_MD.wav,271,166,226,0.0512,41.07,23.11,6135,SAD (Sadness)
1017_IOM_FEA_XX.wav,566,170,330,0.0458,35.18,17.84,27257,FEA (Fear)
1017_IOM_HAP_XX.wav,517,167,244,0.0535,43.81,21.51,45194,HAP (Happy)
1017_IOM_ANG_XX.wav,526,174,340,0.0583,38.23,23.26,58750,ANG (Angry)
1017_IOM_SAD_XX.wav,426,173,220,0.0502,39.01,20.55,17558,SAD (Sadness)
1017_ITH_HAP_XX.wav,819,176,303,0.0631,37.64,32.26,186279,HAP (Happy)
1017_IOM_NEU_XX.wav,688,161,268,0.0524,38.61,31.16,117493,NEU (Neutral)
1017_IOM_DIS_XX.wav,393,165,287,0.0525,40.59,22.52,18609,DIS (Disgust)
1017_ITH_NEU_XX.wav,474,168,345,0.0575,42.75,33.94,41979,NEU (Neutral)
1017_ITH_FEA_XX.wav,364,167,245,0.0632,45.95,25.71,20454,FEA (Fear)
1017_ITH_SAD_XX.wav,401,166,339,0.0549,43.95,28.71,31874,SAD (Sadness)
1017_ITH_DIS_XX.wav,346,186,343,0.0637,41.93,24.69,17050,DIS (Disgust)
1017_ITS_FEA_XX.wav,389,164,336,0.0889,43.57,24.83,20147,FEA (Fear)
1017_ITH_ANG_XX.wav,408,180,325,0.0675,35.09,27.31,32663,ANG (Angry)
1017_ITS_DIS_XX.wav,265,169,344,0.0759,40.38,20.69,8281,DIS (Disgust)
1017_ITS_ANG_XX.wav,340,180,209,0.0636,33.19,23.48,12872,ANG (Angry)
1017_ITS_NEU_XX.wav,421,176,331,0.0725,42.69,26.43,23422,NEU (Neutral)
1017_IWL_ANG_XX.wav,1344,200,305,0.0606,33.21,35.57,436406,ANG (Angry)
1017_ITS_HAP_XX.wav,635,168,334,0.0744,41.3,34.69,97678,HAP (Happy)
1017_IWL_HAP_XX.wav,1414,201,317,0.0601,32.04,27.67,426763,HAP (Happy)
1017_ITS_SAD_XX.wav,321,160,252,0.0645,34.54,23.05,10344,SAD (Sadness)
1017_IWL_DIS_XX.wav,450,170,343,0.0493,43.29,19.75,19941,DIS (Disgust)
1017_IWL_FEA_XX.wav,1196,201,333,0.0579,29.47,31.15,379011,FEA (Fear)
1017_IWL_NEU_XX.wav,794,180,324,0.0516,30.24,27.83,117260,NEU (Neutral)
1017_IWL_SAD_XX.wav,517,171,330,0.0485,46.49,21.11,23824,SAD (Sadness)
1017_IWW_FEA_XX.wav,332,181,322,0.0549,35.21,21.29,8277,FEA (Fear)
1017_IWW_ANG_XX.wav,332,181,322,0.0549,35.21,21.29,8277,ANG (Angry)
1017_IWW_DIS_XX.wav,246,183,337,0.0588,37.4,22.46,3912,DIS (Disgust)
1017_IWW_HAP_XX.wav,635,204,322,0.0694,31.4,42.65,78762,HAP (Happy)
1017_IWW_NEU_XX.wav,432,169,326,0.074,34.83,23.77,24792,NEU (Neutral)
1017_IWW_SAD_XX.wav,347,162,230,0.0639,35.82,22.49,11789,SAD (Sadness)
1017_MTI_NEU_XX.wav,667,196,344,0.0556,39.78,25.94,61240,NEU (Neutral)
1017_MTI_HAP_XX.wav,1044,191,332,0.0649,31.19,26.67,197895,HAP (Happy)
1017_MTI_ANG_XX.wav,826,187,339,0.0633,31.55,26.79,91179,ANG (Angry)
1017_MTI_FEA_XX.wav,416,159,266,0.0521,42.46,24.39,12774,FEA (Fear)
1017_TAI_ANG_XX.wav,734,185,274,0.0822,38.13,34.97,112511,ANG (Angry)
1017_TAI_FEA_XX.wav,834,185,341,0.0695,41.21,33.04,146613,FEA (Fear)
1017_MTI_SAD_XX.wav,545,186,338,0.0532,37.89,23.2,37851,SAD (Sadness)
1017_TAI_HAP_XX.wav,552,178,317,0.0579,39.14,31.96,51002,HAP (Happy)
1017_TAI_NEU_XX.wav,421,174,281,0.0538,37.56,20.96,17055,NEU (Neutral)
1017_TAI_SAD_XX.wav,520,179,333,0.0555,39.46,27.45,34809,SAD (Sadness)
1017_MTI_DIS_XX.wav,353,174,340,0.0517,44.81,18.8,8874,DIS (Disgust)
1017_TAI_DIS_XX.wav,815,189,340,0.0742,32.05,31.62,148201,DIS (Disgust)
1017_TIE_HAP_XX.wav,464,172,343,0.0575,41.18,29.27,37536,HAP (Happy)
1017_TIE_NEU_XX.wav,419,167,291,0.0524,39.42,27.39,32292,NEU (Neutral)
1017_TIE_FEA_XX.wav,641,167,341,0.0691,39.21,29.44,119192,FEA (Fear)
1017_TSI_ANG_XX.wav,408,180,336,0.1332,38.19,28.38,35674,ANG (Angry)
1017_TSI_DIS_XX.wav,382,190,331,0.143,30.84,29.4,33224,DIS (Disgust)
1017_TIE_SAD_XX.wav,290,166,255,0.0496,38.59,25.01,8404,SAD (Sadness)
1017_TSI_FEA_XX.wav,616,193,282,0.1259,23.48,28.52,104190,FEA (Fear)
1017_TSI_NEU_XX.wav,570,189,310,0.1357,35.15,28.0,77595,NEU (Neutral)
1017_TIE_ANG_XX.wav,281,175,341,0.0664,40.96,26.24,13924,ANG (Angry)
1017_TSI_HAP_XX.wav,692,180,341,0.1335,35.63,28.53,174080,HAP (Happy)
1017_TIE_DIS_XX.wav,340,184,290,0.0677,34.35,23.15,15016,DIS (Disgust)
1017_TSI_SAD_XX.wav,321,168,299,0.1067,34.68,27.93,19773,SAD (Sadness)
1017_WSI_ANG_XX.wav,804,173,346,0.1209,36.92,35.13,163644,ANG (Angry)
1017_WSI_HAP_XX.wav,1323,183,343,0.1206,26.85,42.36,503023,HAP (Happy)
1018_DFA_ANG_XX.wav,836,203,277,0.1189,23.25,38.58,613867,ANG (Angry)
1017_WSI_SAD_XX.wav,447,184,278,0.0738,42.47,27.0,44533,SAD (Sadness)
1017_WSI_FEA_XX.wav,754,177,325,0.0898,26.58,34.39,170005,FEA (Fear)
1017_WSI_DIS_XX.wav,469,185,334,0.118,38.23,27.09,57607,DIS (Disgust)
1018_DFA_SAD_XX.wav,294,177,231,0.0516,31.98,24.38,9622,SAD (Sadness)
1017_WSI_NEU_XX.wav,595,167,331,0.0918,39.06,29.87,116926,NEU (Neutral)
1018_DFA_FEA_XX.wav,499,203,247,0.0629,22.32,37.34,81325,FEA (Fear)
1018_DFA_HAP_XX.wav,773,231,337,0.0691,23.43,36.21,218385,HAP (Happy)
1018_DFA_DIS_XX.wav,329,189,343,0.0643,34.04,28.19,20676,DIS (Disgust)
1018_DFA_NEU_XX.wav,389,188,343,0.0618,33.42,29.48,31844,NEU (Neutral)
1018_IEO_ANG_LO.wav,647,204,331,0.0676,16.56,25.1,138149,ANG (Angry)
1018_IEO_ANG_MD.wav,1072,220,276,0.0913,22.7,31.08,479402,ANG (Angry)
1018_IEO_ANG_HI.wav,2845,242,340,0.0989,28.08,32.88,12347617,ANG (Angry)
1018_IEO_DIS_LO.wav,286,179,343,0.0569,32.77,23.56,9713,DIS (Disgust)
1018_IEO_HAP_LO.wav,314,181,341,0.0548,30.84,25.65,14478,HAP (Happy)
1018_IEO_FEA_LO.wav,335,188,316,0.058,27.17,26.52,21680,FEA (Fear)
1018_IEO_FEA_HI.wav,1094,224,333,0.0752,27.95,30.37,705276,FEA (Fear)
1018_IEO_DIS_MD.wav,577,181,227,0.081,23.52,22.02,90580,DIS (Disgust)
1018_IEO_HAP_MD.wav,450,201,328,0.0618,27.24,25.98,34356,HAP (Happy)
1018_IEO_DIS_HI.wav,522,193,339,0.0768,27.94,23.91,175601,DIS (Disgust)
1018_IEO_HAP_HI.wav,939,199,344,0.0867,25.16,29.68,536866,HAP (Happy)
1018_IEO_NEU_XX.wav,324,185,337,0.0607,36.24,24.13,16649,NEU (Neutral)
1018_IEO_FEA_MD.wav,369,184,340,0.0546,31.74,23.63,27134,FEA (Fear)
1018_IOM_ANG_XX.wav,1312,218,240,0.0745,12.28,25.41,657913,ANG (Angry)
1018_IEO_SAD_LO.wav,295,168,313,0.0513,36.5,23.33,12677,SAD (Sadness)
1018_IOM_DIS_XX.wav,348,163,266,0.0531,30.01,14.37,12229,DIS (Disgust)
1018_IOM_NEU_XX.wav,449,186,247,0.0569,16.15,17.26,33144,NEU (Neutral)
1018_IOM_FEA_XX.wav,592,203,341,0.0494,18.17,22.16,58834,FEA (Fear)
1018_IOM_SAD_XX.wav,366,179,221,0.0413,19.81,18.65,6023,SAD (Sadness)
1018_IEO_SAD_HI.wav,394,180,346,0.0627,35.04,24.83,41731,SAD (Sadness)
1018_IEO_SAD_MD.wav,252,174,346,0.0594,30.82,23.18,6310,SAD (Sadness)
1018_IOM_HAP_XX.wav,976,185,193,0.0557,19.86,16.9,226097,HAP (Happy)
1018_ITH_FEA_XX.wav,763,216,256,0.0717,14.32,30.38,335166,FEA (Fear)
1018_ITH_DIS_XX.wav,416,177,337,0.0656,29.7,20.25,26443,DIS (Disgust)
1018_ITH_ANG_XX.wav,904,214,339,0.0848,21.7,31.24,478563,ANG (Angry)
1018_ITH_HAP_XX.wav,1105,240,334,0.0711,20.61,29.46,441657,HAP (Happy)
1018_ITH_NEU_XX.wav,420,194,342,0.0668,26.4,28.44,39809,NEU (Neutral)
1018_ITS_FEA_XX.wav,558,226,323,0.0829,20.78,29.1,85083,FEA (Fear)
1018_ITS_HAP_XX.wav,871,233,341,0.0849,17.18,26.56,175713,HAP (Happy)
1018_ITS_NEU_XX.wav,368,179,227,0.0629,27.86,24.08,15623,NEU (Neutral)
1018_ITS_DIS_XX.wav,430,182,341,0.1055,27.1,22.85,28780,DIS (Disgust)
1018_ITH_SAD_XX.wav,349,183,223,0.0512,23.46,25.48,11586,SAD (Sadness)
1018_ITS_ANG_XX.wav,882,202,330,0.108,27.64,31.95,337013,ANG (Angry)
1018_IWL_ANG_XX.wav,1347,210,259,0.0747,13.69,23.96,561445,ANG (Angry)
1018_ITS_SAD_XX.wav,281,193,343,0.0783,32.9,22.43,6566,SAD (Sadness)
1018_IWL_DIS_XX.wav,414,181,337,0.0578,28.49,18.79,21699,DIS (Disgust)
1018_IWL_HAP_XX.wav,1140,230,280,0.0723,15.0,28.56,455060,HAP (Happy)
1018_IWL_NEU_XX.wav,482,187,252,0.0549,20.03,22.03,36532,NEU (Neutral)
1018_IWL_FEA_XX.wav,1212,219,253,0.065,16.18,27.03,397534,FEA (Fear)
1018_IWL_SAD_XX.wav,375,182,332,0.0472,25.17,19.3,10456,SAD (Sadness)
1018_IWW_ANG_XX.wav,998,209,240,0.0967,14.66,30.59,340743,ANG (Angry)
1018_IWW_NEU_XX.wav,459,189,250,0.0647,21.2,24.06,34891,NEU (Neutral)
1018_IWW_DIS_XX.wav,356,181,255,0.0679,23.81,22.04,10528,DIS (Disgust)
1018_IWW_HAP_XX.wav,595,207,338,0.1033,32.97,36.29,70288,HAP (Happy)
1018_MTI_FEA_XX.wav,949,232,345,0.0758,17.16,24.09,168499,FEA (Fear)
1018_MTI_ANG_XX.wav,1288,217,344,0.0722,21.82,27.73,525478,ANG (Angry)
1018_MTI_HAP_XX.wav,1049,236,324,0.0686,19.45,27.42,373486,HAP (Happy)
1018_MTI_SAD_XX.wav,422,186,264,0.0526,23.62,21.75,18695,SAD (Sadness)
1018_IWW_FEA_XX.wav,530,201,328,0.0747,20.91,26.39,57373,FEA (Fear)
1018_MTI_DIS_XX.wav,557,182,276,0.0604,30.02,23.53,61698,DIS (Disgust)
1018_IWW_SAD_XX.wav,289,174,308,0.0595,29.17,20.86,7011,SAD (Sadness)
1018_MTI_NEU_XX.wav,435,193,260,0.0634,20.35,19.17,32335,NEU (Neutral)
1018_TAI_FEA_XX.wav,932,207,286,0.0835,18.65,27.18,191071,FEA (Fear)
1018_TAI_NEU_XX.wav,452,196,342,0.0585,25.63,22.77,26918,NEU (Neutral)
1018_TAI_HAP_XX.wav,1017,212,326,0.0783,15.1,30.6,366735,HAP (Happy)
1018_TAI_SAD_XX.wav,311,172,265,0.0517,29.48,19.92,6601,SAD (Sadness)
1018_TAI_DIS_XX.wav,529,189,327,0.0849,23.33,24.7,60306,DIS (Disgust)
1018_TIE_HAP_XX.wav,764,201,345,0.0812,25.03,28.62,221084,HAP (Happy)
1018_TAI_ANG_XX.wav,1128,218,333,0.0974,23.82,28.53,496668,ANG (Angry)
1018_TIE_ANG_XX.wav,1245,225,344,0.0879,18.73,32.3,1411088,ANG (Angry)
1018_TSI_ANG_XX.wav,860,231,346,0.2018,28.64,37.53,428255,ANG (Angry)
1018_TIE_FEA_XX.wav,518,190,345,0.0604,23.22,28.07,101480,FEA (Fear)
1018_TIE_DIS_XX.wav,332,168,326,0.0678,32.66,24.53,28674,DIS (Disgust)
1018_TSI_NEU_XX.wav,432,195,315,0.1637,28.38,24.64,49494,NEU (Neutral)
1018_TSI_HAP_XX.wav,846,223,302,0.1689,32.42,29.9,270133,HAP (Happy)
1018_TSI_DIS_XX.wav,357,194,340,0.1554,38.0,21.94,22788,DIS (Disgust)
1018_TSI_SAD_XX.wav,289,182,306,0.1295,33.17,20.73,10540,SAD (Sadness)
1018_WSI_FEA_XX.wav,763,230,341,0.1367,19.29,34.4,156447,FEA (Fear)
1018_TIE_NEU_XX.wav,417,185,345,0.0629,31.52,25.72,45462,NEU (Neutral)
1018_WSI_HAP_XX.wav,983,225,335,0.1371,26.89,36.31,473074,HAP (Happy)
1019_DFA_ANG_XX.wav,1463,181,329,0.1088,28.27,38.84,1082818,ANG (Angry)
1018_WSI_DIS_XX.wav,512,189,341,0.1189,27.2,27.38,122143,DIS (Disgust)
1018_TSI_FEA_XX.wav,806,215,291,0.1468,19.77,30.57,228904,FEA (Fear)
1018_WSI_SAD_XX.wav,269,175,277,0.1084,29.43,25.75,7817,SAD (Sadness)
1019_DFA_DIS_XX.wav,381,176,326,0.0844,44.33,26.24,60796,DIS (Disgust)
1019_DFA_FEA_XX.wav,330,175,338,0.0648,39.86,25.23,19104,FEA (Fear)
1019_DFA_HAP_XX.wav,580,176,319,0.0738,29.02,29.71,89114,HAP (Happy)
1018_WSI_NEU_XX.wav,410,191,324,0.1058,29.6,30.78,49377,NEU (Neutral)
1019_DFA_SAD_XX.wav,306,172,313,0.0559,45.48,29.14,24876,SAD (Sadness)
1019_IEO_ANG_HI.wav,2934,208,344,0.0984,25.09,35.34,4300158,ANG (Angry)
1019_IEO_ANG_LO.wav,1000,182,341,0.0949,34.27,33.71,333538,ANG (Angry)
1018_WSI_ANG_XX.wav,1174,235,307,0.1559,13.93,35.81,806854,ANG (Angry)
1019_IEO_DIS_MD.wav,992,168,324,0.0964,35.23,31.09,310483,DIS (Disgust)
1019_DFA_NEU_XX.wav,549,176,327,0.0757,37.56,36.93,84609,NEU (Neutral)
1019_IEO_DIS_HI.wav,946,183,343,0.0828,35.29,32.53,331090,DIS (Disgust)
1019_IEO_DIS_LO.wav,548,183,346,0.0824,32.14,30.25,84899,DIS (Disgust)
1018_TIE_SAD_XX.wav,273,177,340,0.0571,30.09,22.24,7485,SAD (Sadness)
1019_IEO_HAP_LO.wav,481,173,339,0.0717,44.53,29.06,62497,HAP (Happy)
1019_IEO_HAP_HI.wav,1432,210,334,0.0787,21.5,31.48,833931,HAP (Happy)
1019_IEO_ANG_MD.wav,1711,189,319,0.0934,22.21,34.42,911618,ANG (Angry)
1019_IEO_FEA_HI.wav,1034,186,340,0.066,37.07,35.18,438443,FEA (Fear)
1019_IEO_FEA_MD.wav,634,172,340,0.0871,40.16,25.98,110323,FEA (Fear)
1019_IEO_NEU_XX.wav,592,178,340,0.0685,36.11,32.0,94409,NEU (Neutral)
1019_IEO_SAD_LO.wav,320,161,339,0.0639,44.22,25.09,14917,SAD (Sadness)
1019_IEO_FEA_LO.wav,407,174,327,0.0579,37.43,27.62,22493,FEA (Fear)
1019_IEO_SAD_MD.wav,374,165,315,0.0695,44.58,26.82,24752,SAD (Sadness)
1019_IEO_HAP_MD.wav,652,174,307,0.0629,36.25,32.71,101777,HAP (Happy)
1019_IEO_SAD_HI.wav,388,187,324,0.072,41.18,25.07,27069,SAD (Sadness)
1019_IOM_NEU_XX.wav,678,169,343,0.0585,34.74,23.71,93652,NEU (Neutral)
1019_IOM_SAD_XX.wav,573,158,343,0.0523,28.55,24.01,41449,SAD (Sadness)
1019_IOM_FEA_XX.wav,894,166,332,0.0726,21.94,20.19,148303,FEA (Fear)
1019_ITS_ANG_XX.wav,1053,170,333,0.1076,39.6,34.56,303289,ANG (Angry)
1019_IOM_DIS_XX.wav,628,176,340,0.0727,27.18,21.31,93698,DIS (Disgust)
1019_ITS_DIS_XX.wav,417,178,345,0.095,35.77,24.54,31761,DIS (Disgust)
1019_IOM_ANG_XX.wav,1725,195,328,0.0807,29.8,28.8,1027826,ANG (Angry)
1019_ITS_NEU_XX.wav,499,186,340,0.0854,40.05,29.85,54208,NEU (Neutral)
1019_IOM_HAP_XX.wav,566,166,330,0.0561,28.14,23.46,54099,HAP (Happy)
1019_IWL_ANG_XX.wav,928,178,333,0.0728,34.42,31.52,254297,ANG (Angry)
1019_IWL_FEA_XX.wav,907,177,339,0.0588,31.42,25.43,128521,FEA (Fear)
1019_ITS_HAP_XX.wav,473,187,337,0.0782,39.55,28.9,40325,HAP (Happy)
1019_IWL_HAP_XX.wav,936,198,341,0.0571,31.16,26.54,221719,HAP (Happy)
1019_ITS_FEA_XX.wav,445,165,335,0.0876,35.16,25.61,34437,FEA (Fear)
1019_IWL_DIS_XX.wav,406,160,335,0.0607,41.23,21.91,30332,DIS (Disgust)
1019_IWL_SAD_XX.wav,517,167,341,0.056,39.44,21.53,39909,SAD (Sadness)
1019_ITS_SAD_XX.wav,363,171,333,0.0735,44.42,26.81,15370,SAD (Sadness)
1019_IWL_NEU_XX.wav,629,173,325,0.0566,37.14,29.74,69040,NEU (Neutral)
1019_IWW_NEU_XX.wav,631,169,341,0.0669,44.45,29.71,78999,NEU (Neutral)
1019_IWW_DIS_XX.wav,544,181,331,0.1001,37.19,27.16,64106,DIS (Disgust)
1019_MTI_ANG_XX.wav,1811,198,343,0.0799,37.43,27.25,990664,ANG (Angry)
1019_IWW_SAD_XX.wav,418,167,346,0.0786,42.25,25.82,31105,SAD (Sadness)
1019_IWW_HAP_XX.wav,551,176,343,0.0659,33.41,30.5,70363,HAP (Happy)
1019_MTI_FEA_XX.wav,546,167,278,0.0562,23.84,23.37,30640,FEA (Fear)
1019_IWW_ANG_XX.wav,1137,182,344,0.0954,31.24,38.62,425292,ANG (Angry)
1019_MTI_DIS_XX.wav,537,164,333,0.0662,41.33,21.71,49465,DIS (Disgust)
1019_IWW_FEA_XX.wav,878,178,343,0.075,35.67,30.96,170834,FEA (Fear)
1019_MTI_HAP_XX.wav,1145,196,338,0.0657,30.13,27.73,277526,HAP (Happy)
1019_MTI_NEU_XX.wav,930,176,343,0.0675,34.83,27.98,183454,NEU (Neutral)
1019_TAI_FEA_XX.wav,839,166,241,0.0759,30.88,26.37,108167,FEA (Fear)
1019_MTI_SAD_XX.wav,613,158,327,0.0547,29.83,23.55,46348,SAD (Sadness)
1019_TAI_ANG_XX.wav,1948,196,340,0.0869,31.4,31.33,1389593,ANG (Angry)
1019_TAI_HAP_XX.wav,1130,186,331,0.0657,23.43,32.54,295532,HAP (Happy)
1019_TAI_NEU_XX.wav,686,171,315,0.0737,38.23,29.17,102251,NEU (Neutral)
1019_TAI_DIS_XX.wav,672,174,344,0.0865,39.71,32.24,148811,DIS (Disgust)
1019_TAI_SAD_XX.wav,494,164,343,0.0613,32.93,28.69,36505,SAD (Sadness)
1019_TIE_HAP_XX.wav,676,185,330,0.0664,30.5,31.81,143120,HAP (Happy)
1019_TIE_FEA_XX.wav,371,166,342,0.0582,38.0,25.24,28331,FEA (Fear)
1019_TIE_SAD_XX.wav,774,183,232,0.0608,29.97,27.46,215915,SAD (Sadness)
1019_TSI_FEA_XX.wav,505,177,329,0.1472,31.52,31.7,87525,FEA (Fear)
1019_TIE_DIS_XX.wav,390,168,341,0.0746,40.21,28.47,53424,DIS (Disgust)
1019_TSI_DIS_XX.wav,482,182,331,0.1616,44.79,23.01,70305,DIS (Disgust)
1019_TSI_HAP_XX.wav,837,179,343,0.1497,39.08,28.05,312338,HAP (Happy)
1019_TSI_NEU_XX.wav,512,178,344,0.1418,42.8,30.04,69668,NEU (Neutral)
1019_TSI_ANG_XX.wav,1674,203,337,0.1776,32.9,37.99,1001410,ANG (Angry)
1019_TIE_ANG_XX.wav,1049,189,308,0.1014,29.77,34.87,680942,ANG (Angry)
1019_TIE_NEU_XX.wav,538,174,324,0.0581,32.78,26.82,80003,NEU (Neutral)
1019_WSI_HAP_XX.wav,853,186,339,0.1176,33.66,31.77,210167,HAP (Happy)
1019_WSI_FEA_XX.wav,478,175,294,0.0952,25.04,26.48,52379,FEA (Fear)
1019_WSI_NEU_XX.wav,565,183,343,0.0962,37.15,27.76,96919,NEU (Neutral)
1019_TSI_SAD_XX.wav,363,176,345,0.1275,36.06,24.19,32961,SAD (Sadness)
1019_WSI_DIS_XX.wav,627,176,339,0.1391,41.49,25.69,144881,DIS (Disgust)
1019_WSI_ANG_XX.wav,1490,188,340,0.1378,29.28,33.2,806600,ANG (Angry)
1019_WSI_SAD_XX.wav,505,172,338,0.1022,39.12,27.0,50114,SAD (Sadness)
1020_DFA_ANG_XX.wav,1009,186,340,0.0859,30.22,32.8,378325,ANG (Angry)
1020_DFA_NEU_XX.wav,473,176,309,0.0632,28.43,30.97,30698,NEU (Neutral)
1020_DFA_HAP_XX.wav,897,207,334,0.0639,23.14,45.73,382382,HAP (Happy)
1020_DFA_FEA_XX.wav,699,199,218,0.0779,20.35,41.52,140070,FEA (Fear)
1020_DFA_DIS_XX.wav,256,166,344,0.0739,38.09,22.55,7214,DIS (Disgust)
1020_DFA_SAD_XX.wav,311,186,258,0.0489,27.19,24.79,7498,SAD (Sadness)
1020_IEO_ANG_HI.wav,3494,268,333,0.0879,16.23,35.05,6260670,ANG (Angry)
1020_IEO_ANG_LO.wav,561,199,325,0.074,25.69,31.29,60739,ANG (Angry)
1020_IEO_DIS_LO.wav,245,192,341,0.063,38.1,22.85,5700,DIS (Disgust)
1020_IEO_DIS_HI.wav,274,188,333,0.0645,34.2,22.34,10626,DIS (Disgust)
1020_IEO_FEA_HI.wav,1515,248,343,0.0916,22.24,28.43,754700,FEA (Fear)
1020_IEO_DIS_MD.wav,285,172,229,0.0632,34.53,22.34,10944,DIS (Disgust)
1020_IEO_HAP_LO.wav,538,185,330,0.0615,29.48,32.65,60180,HAP (Happy)
1020_IEO_FEA_LO.wav,435,176,341,0.0643,34.72,29.93,35257,FEA (Fear)
1020_IEO_ANG_MD.wav,495,199,345,0.0709,27.44,30.93,49791,ANG (Angry)
1020_IEO_HAP_HI.wav,1289,226,322,0.0842,17.56,43.1,510178,HAP (Happy)
1020_IEO_NEU_XX.wav,382,186,332,0.0575,38.84,26.06,18035,NEU (Neutral)
1020_IEO_FEA_MD.wav,758,199,345,0.0651,28.82,37.73,186700,FEA (Fear)
1020_IEO_HAP_MD.wav,772,188,344,0.0784,32.72,27.65,207619,HAP (Happy)
1020_IEO_SAD_HI.wav,311,170,235,0.0511,33.74,23.54,7668,SAD (Sadness)
1020_IEO_SAD_LO.wav,338,171,271,0.0745,26.64,26.99,14193,SAD (Sadness)
1020_IOM_FEA_XX.wav,467,169,340,0.0505,29.24,21.97,29236,FEA (Fear)
1020_IOM_ANG_XX.wav,1731,204,342,0.0707,13.19,23.87,616332,ANG (Angry)
1020_IOM_DIS_XX.wav,350,166,264,0.0498,28.36,21.15,7524,DIS (Disgust)
1020_IOM_HAP_XX.wav,1244,197,339,0.0536,22.59,21.68,206796,HAP (Happy)
1020_IOM_NEU_XX.wav,622,173,268,0.0572,31.02,25.53,61710,NEU (Neutral)
1020_IOM_SAD_XX.wav,482,164,269,0.0474,28.25,19.88,22675,SAD (Sadness)
1020_IEO_SAD_MD.wav,295,170,338,0.0547,34.76,26.54,8911,SAD (Sadness)
1020_ITH_FEA_XX.wav,329,185,340,0.0622,24.58,25.37,9038,FEA (Fear)
1020_ITH_HAP_XX.wav,735,216,336,0.068,28.34,31.07,121578,HAP (Happy)
1020_ITH_NEU_XX.wav,401,172,264,0.0562,33.11,25.17,19374,NEU (Neutral)
1020_ITH_DIS_XX.wav,356,167,341,0.0616,39.49,23.26,32086,DIS (Disgust)
1020_ITH_ANG_XX.wav,892,211,327,0.0852,27.26,35.98,257625,ANG (Angry)
1020_ITS_HAP_XX.wav,1180,235,341,0.09,20.13,36.52,249962,HAP (Happy)
1020_ITS_NEU_XX.wav,385,163,279,0.0766,33.61,27.87,18895,NEU (Neutral)
1020_ITS_FEA_XX.wav,325,169,336,0.0627,32.36,27.98,6629,FEA (Fear)
1020_ITS_ANG_XX.wav,768,171,345,0.0922,27.6,26.58,203908,ANG (Angry)
1020_ITH_SAD_XX.wav,338,167,278,0.0692,34.08,22.9,12255,SAD (Sadness)
1020_ITS_SAD_XX.wav,311,182,336,0.0591,26.1,23.54,6425,SAD (Sadness)
1020_ITS_DIS_XX.wav,277,167,265,0.0679,41.92,23.11,5562,DIS (Disgust)
1020_IWL_ANG_XX.wav,1307,196,339,0.0703,20.1,25.28,369924,ANG (Angry)
1020_IWW_HAP_XX.wav,754,234,323,0.0917,22.65,31.34,47290,HAP (Happy)
1020_IWL_HAP_XX.wav,851,207,330,0.0768,33.87,28.31,160538,HAP (Happy)
1020_IWL_DIS_XX.wav,460,178,338,0.0561,34.51,23.02,46771,DIS (Disgust)
1020_IWL_FEA_XX.wav,549,196,332,0.0566,30.37,24.15,75835,FEA (Fear)
1020_IWW_ANG_XX.wav,1152,186,344,0.0854,22.11,29.49,259054,ANG (Angry)
1020_IWW_NEU_XX.wav,565,195,337,0.0662,31.81,27.57,56821,NEU (Neutral)
1020_IWW_FEA_XX.wav,471,174,257,0.0637,30.59,24.86,19996,FEA (Fear)
1020_IWW_DIS_XX.wav,266,167,240,0.0665,35.14,23.33,5067,DIS (Disgust)
1020_IWL_NEU_XX.wav,510,175,343,0.052,33.98,26.36,60672,NEU (Neutral)
1020_IWL_SAD_XX.wav,361,202,343,0.0499,29.14,22.26,8965,SAD (Sadness)
1020_IWW_SAD_XX.wav,335,168,327,0.0627,29.1,24.39,8914,SAD (Sadness)
1020_MTI_HAP_XX.wav,1031,217,338,0.0672,28.06,31.92,171226,HAP (Happy)
1020_MTI_ANG_XX.wav,1504,191,331,0.0659,26.38,33.25,503601,ANG (Angry)
1020_MTI_FEA_XX.wav,737,205,342,0.0601,26.43,29.9,85960,FEA (Fear)
1020_MTI_NEU_XX.wav,674,197,326,0.0584,27.34,22.78,80740,NEU (Neutral)
1020_MTI_SAD_XX.wav,413,187,334,0.057,23.43,23.27,17161,SAD (Sadness)
1020_TAI_ANG_XX.wav,1160,188,341,0.0866,23.27,26.78,344797,ANG (Angry)
1020_MTI_DIS_XX.wav,376,176,345,0.0595,32.93,21.01,13021,DIS (Disgust)
1020_TAI_HAP_XX.wav,1015,241,343,0.0695,18.73,29.21,198346,HAP (Happy)
1020_TAI_DIS_XX.wav,400,173,284,0.0631,34.81,25.29,21415,DIS (Disgust)
1020_TAI_FEA_XX.wav,538,173,260,0.0594,25.54,31.05,43648,FEA (Fear)
1020_TAI_SAD_XX.wav,470,177,334,0.0601,31.47,26.39,29396,SAD (Sadness)
1020_TAI_NEU_XX.wav,464,179,339,0.0627,34.73,24.04,27673,NEU (Neutral)
1020_TIE_HAP_XX.wav,688,194,300,0.0795,27.98,33.26,179514,HAP (Happy)
1020_TIE_NEU_XX.wav,381,158,344,0.0567,35.69,28.36,28948,NEU (Neutral)
1020_TSI_HAP_XX.wav,634,221,340,0.1648,24.86,33.32,106855,HAP (Happy)
1020_TIE_ANG_XX.wav,846,184,342,0.0991,29.81,37.24,458703,ANG (Angry)
1020_TSI_FEA_XX.wav,296,191,275,0.0953,33.26,22.84,10314,FEA (Fear)
1020_TIE_FEA_XX.wav,378,181,340,0.0617,31.31,35.34,24445,FEA (Fear)
1020_TIE_SAD_XX.wav,252,167,343,0.0565,38.61,21.76,5720,SAD (Sadness)
1020_TSI_ANG_XX.wav,811,228,341,0.1907,22.49,34.59,268455,ANG (Angry)
1020_TSI_NEU_XX.wav,346,165,342,0.1308,41.98,27.56,11831,NEU (Neutral)
1020_TSI_SAD_XX.wav,268,188,341,0.1177,36.71,30.41,7902,SAD (Sadness)
1020_TIE_DIS_XX.wav,294,171,345,0.0725,38.1,26.93,12085,DIS (Disgust)
1020_TSI_DIS_XX.wav,248,171,339,0.0841,43.39,22.65,5620,DIS (Disgust)
1020_WSI_ANG_XX.wav,1432,206,325,0.1399,23.47,30.62,592602,ANG (Angry)
1020_WSI_FEA_XX.wav,387,185,227,0.074,23.9,31.48,20031,FEA (Fear)
1020_WSI_DIS_XX.wav,550,179,342,0.0956,29.67,24.12,89374,DIS (Disgust)
1020_WSI_HAP_XX.wav,927,227,333,0.105,18.46,38.3,252521,HAP (Happy)
1021_DFA_ANG_XX.wav,508,188,342,0.0855,35.86,33.49,125643,ANG (Angry)
1020_WSI_SAD_XX.wav,289,168,241,0.0785,30.26,28.61,6248,SAD (Sadness)
1020_WSI_NEU_XX.wav,407,171,280,0.0736,34.83,29.48,27712,NEU (Neutral)
1021_DFA_FEA_XX.wav,209,165,342,0.0489,41.87,23.37,2457,FEA (Fear)
1021_DFA_HAP_XX.wav,332,191,324,0.0591,27.45,32.82,22173,HAP (Happy)
1021_DFA_SAD_XX.wav,248,172,268,0.0536,33.86,22.97,6015,SAD (Sadness)
1021_IEO_ANG_LO.wav,486,194,344,0.0743,34.36,32.96,104893,ANG (Angry)
1021_IEO_ANG_MD.wav,612,187,344,0.0872,25.69,27.18,159470,ANG (Angry)
1021_IEO_DIS_LO.wav,242,177,337,0.067,29.83,23.62,6864,DIS (Disgust)
1021_IEO_ANG_HI.wav,1758,232,332,0.1013,23.4,32.63,3076084,ANG (Angry)
1021_IEO_DIS_MD.wav,269,170,333,0.0743,36.49,24.35,10436,DIS (Disgust)
1021_DFA_NEU_XX.wav,296,174,331,0.0643,31.74,30.11,19813,NEU (Neutral)
1021_DFA_DIS_XX.wav,242,171,341,0.058,36.76,23.21,8325,DIS (Disgust)
1021_IEO_HAP_LO.wav,406,182,253,0.0757,26.65,25.22,50252,HAP (Happy)
1021_IEO_FEA_MD.wav,267,176,253,0.0595,27.23,22.78,7158,FEA (Fear)
1021_IEO_FEA_LO.wav,388,198,343,0.0689,26.84,29.28,35566,FEA (Fear)
1021_IEO_HAP_HI.wav,472,179,343,0.0769,33.24,25.94,73664,HAP (Happy)
1021_IEO_HAP_MD.wav,300,170,233,0.0721,27.54,24.62,19409,HAP (Happy)
1021_IEO_FEA_HI.wav,278,186,332,0.0646,31.12,20.18,12756,FEA (Fear)
1021_IEO_SAD_LO.wav,231,172,282,0.0569,36.47,24.2,5438,SAD (Sadness)
1021_IEO_DIS_HI.wav,240,189,345,0.0653,33.32,23.42,5390,DIS (Disgust)
1021_IOM_DIS_XX.wav,420,200,342,0.0599,26.27,20.41,15210,DIS (Disgust)
1021_IEO_NEU_XX.wav,341,167,235,0.0662,32.49,24.29,26551,NEU (Neutral)
1021_IOM_HAP_XX.wav,595,210,344,0.0539,18.24,19.87,39095,HAP (Happy)
1021_IEO_SAD_HI.wav,216,177,344,0.0509,36.05,25.24,4072,SAD (Sadness)
1021_IOM_FEA_XX.wav,820,219,331,0.0532,24.11,28.81,104036,FEA (Fear)
1021_IOM_NEU_XX.wav,484,168,281,0.0683,22.25,18.0,78083,NEU (Neutral)
1021_IOM_ANG_XX.wav,1268,214,341,0.091,18.94,25.11,595898,ANG (Angry)
1021_IOM_SAD_XX.wav,294,169,345,0.0475,31.74,19.92,6913,SAD (Sadness)
1021_IEO_SAD_MD.wav,451,178,227,0.0696,31.5,32.48,55991,SAD (Sadness)
1021_ITH_ANG_XX.wav,599,189,235,0.092,24.8,32.11,148356,ANG (Angry)
1021_ITH_DIS_XX.wav,247,180,308,0.066,29.68,23.7,13682,DIS (Disgust)
1021_ITH_HAP_XX.wav,301,170,284,0.0629,32.4,27.94,12989,HAP (Happy)
1021_ITH_SAD_XX.wav,273,177,342,0.0573,27.2,23.29,5864,SAD (Sadness)
1021_ITH_NEU_XX.wav,447,185,334,0.07,27.09,32.72,49435,NEU (Neutral)
1021_ITS_ANG_XX.wav,527,198,324,0.0984,27.02,29.48,152045,ANG (Angry)
1021_ITS_DIS_XX.wav,300,169,331,0.0923,27.84,19.32,10728,DIS (Disgust)
1021_ITS_FEA_XX.wav,278,181,341,0.0733,35.92,23.07,5183,FEA (Fear)
1021_ITS_NEU_XX.wav,333,174,345,0.0863,31.57,26.93,18832,NEU (Neutral)
1021_ITH_FEA_XX.wav,244,181,338,0.0522,32.82,24.74,3487,FEA (Fear)
1021_IWL_DIS_XX.wav,263,171,329,0.0553,28.68,19.55,5324,DIS (Disgust)
1021_IWL_ANG_XX.wav,1040,197,345,0.0774,24.01,25.27,485166,ANG (Angry)
1021_ITS_HAP_XX.wav,406,205,315,0.0747,22.21,28.88,21665,HAP (Happy)
1021_IWL_FEA_XX.wav,361,195,330,0.0476,28.4,21.41,12204,FEA (Fear)
1021_IWL_SAD_XX.wav,285,177,345,0.0544,29.3,18.81,6683,SAD (Sadness)
1021_IWL_HAP_XX.wav,553,195,338,0.0748,25.75,21.43,76737,HAP (Happy)
1021_ITS_SAD_XX.wav,254,173,341,0.0711,28.57,25.47,4446,SAD (Sadness)
1021_IWW_ANG_XX.wav,820,218,345,0.0873,25.04,33.11,281002,ANG (Angry)
1021_IWW_DIS_XX.wav,235,178,339,0.0639,36.44,18.89,4644,DIS (Disgust)
1021_IWW_FEA_XX.wav,301,178,343,0.0607,31.27,21.38,8551,FEA (Fear)
1021_IWL_NEU_XX.wav,321,180,343,0.0553,23.56,23.73,16082,NEU (Neutral)
1021_MTI_DIS_XX.wav,368,191,342,0.0777,31.18,20.96,19929,DIS (Disgust)
1021_IWW_NEU_XX.wav,317,175,345,0.0742,33.9,27.61,16318,NEU (Neutral)
1021_IWW_HAP_XX.wav,269,187,340,0.0667,33.01,25.71,7413,HAP (Happy)
1021_IWW_SAD_XX.wav,294,178,317,0.0641,29.01,21.98,8780,SAD (Sadness)
1021_MTI_HAP_XX.wav,254,172,344,0.06,33.12,20.15,5229,HAP (Happy)
1021_MTI_FEA_XX.wav,251,168,345,0.0564,42.71,20.34,4163,FEA (Fear)
1021_TAI_DIS_XX.wav,240,167,344,0.0688,29.32,20.18,4913,DIS (Disgust)
1021_MTI_ANG_XX.wav,526,186,344,0.0685,28.46,23.32,76626,ANG (Angry)
1021_TAI_ANG_XX.wav,421,185,341,0.0768,33.63,23.84,30682,ANG (Angry)
1021_TAI_HAP_XX.wav,301,191,331,0.0644,28.78,23.61,8081,HAP (Happy)
1021_MTI_SAD_XX.wav,349,184,340,0.0657,28.53,19.81,13669,SAD (Sadness)
1021_TAI_NEU_XX.wav,372,179,344,0.0721,31.93,27.61,37497,NEU (Neutral)
1021_MTI_NEU_XX.wav,340,181,341,0.0699,30.9,23.45,23914,NEU (Neutral)
1021_TAI_FEA_XX.wav,254,186,341,0.0526,23.27,22.13,3456,FEA (Fear)
1021_TAI_SAD_XX.wav,284,173,283,0.0604,27.57,22.13,6492,SAD (Sadness)
1021_TIE_DIS_XX.wav,273,180,344,0.0654,27.94,25.77,11802,DIS (Disgust)
1021_TIE_ANG_XX.wav,520,184,339,0.0986,35.86,32.76,253210,ANG (Angry)
1021_TIE_HAP_XX.wav,404,180,344,0.075,30.11,26.03,78443,HAP (Happy)
1021_TSI_ANG_XX.wav,656,199,332,0.1864,28.53,35.9,236555,ANG (Angry)
1021_TIE_FEA_XX.wav,320,184,271,0.0586,25.23,24.48,15602,FEA (Fear)
1021_TIE_NEU_XX.wav,353,178,230,0.0614,26.1,27.41,36499,NEU (Neutral)
1021_TSI_DIS_XX.wav,254,172,260,0.119,35.89,27.12,13063,DIS (Disgust)
1021_TSI_FEA_XX.wav,284,193,328,0.1,32.26,26.83,13319,FEA (Fear)
1021_TIE_SAD_XX.wav,339,180,345,0.0544,27.09,24.53,16043,SAD (Sadness)
1021_TSI_NEU_XX.wav,277,169,342,0.1013,38.23,24.42,9318,NEU (Neutral)
1021_TSI_SAD_XX.wav,218,171,336,0.0918,39.7,20.47,4105,SAD (Sadness)
1021_TSI_HAP_XX.wav,283,180,331,0.1098,34.03,29.71,15635,HAP (Happy)
1021_WSI_ANG_XX.wav,1104,220,323,0.1356,21.71,35.48,566617,ANG (Angry)
1021_WSI_DIS_XX.wav,365,191,340,0.0821,26.25,23.97,24256,DIS (Disgust)
1021_WSI_FEA_XX.wav,276,185,344,0.0646,29.56,21.93,5794,FEA (Fear)
1021_WSI_NEU_XX.wav,379,178,281,0.0823,23.6,30.59,28209,NEU (Neutral)
1021_WSI_HAP_XX.wav,315,185,341,0.0671,29.49,25.77,11245,HAP (Happy)
1021_WSI_SAD_XX.wav,297,171,322,0.0689,26.82,23.83,8833,SAD (Sadness)
1022_DFA_NEU_XX.wav,541,168,322,0.0739,41.33,31.67,87519,NEU (Neutral)
1022_DFA_FEA_XX.wav,408,160,214,0.0554,35.59,26.39,19494,FEA (Fear)
1022_DFA_DIS_XX.wav,873,179,344,0.1263,33.18,30.45,435544,DIS (Disgust)
1022_DFA_HAP_XX.wav,603,178,340,0.0633,34.39,35.45,191495,HAP (Happy)
1022_IEO_ANG_LO.wav,3001,214,328,0.1051,24.32,35.33,6204886,ANG (Angry)
1022_DFA_ANG_XX.wav,1832,177,317,0.1036,31.03,32.78,3779566,ANG (Angry)
1022_DFA_SAD_XX.wav,354,154,340,0.0526,32.88,25.11,10740,SAD (Sadness)
1022_IEO_ANG_MD.wav,2876,216,328,0.0889,22.53,36.73,4353107,ANG (Angry)
1022_IEO_DIS_LO.wav,381,199,342,0.0848,36.71,28.4,27405,DIS (Disgust)
1022_IEO_DIS_HI.wav,584,198,336,0.0876,32.75,36.57,88156,DIS (Disgust)
1022_IEO_FEA_LO.wav,434,160,227,0.0674,39.1,23.93,28972,FEA (Fear)
1022_IEO_HAP_HI.wav,625,185,264,0.0724,36.83,41.02,95183,HAP (Happy)
1022_IEO_FEA_HI.wav,960,196,334,0.0699,28.58,33.69,323099,FEA (Fear)
1022_IEO_ANG_HI.wav,6001,240,336,0.153,20.06,36.11,23408001,ANG (Angry)
1022_IEO_FEA_MD.wav,286,179,330,0.0543,30.79,25.45,8520,FEA (Fear)
1022_IEO_HAP_LO.wav,492,179,238,0.068,33.29,29.66,62629,HAP (Happy)
1022_IEO_HAP_MD.wav,385,178,338,0.0752,40.29,31.73,28290,HAP (Happy)
1022_IEO_DIS_MD.wav,798,172,246,0.0862,31.18,34.88,251685,DIS (Disgust)
1022_IEO_NEU_XX.wav,640,179,340,0.0715,41.45,34.13,90216,NEU (Neutral)
1022_IEO_SAD_LO.wav,322,156,223,0.0566,35.33,25.08,10568,SAD (Sadness)
1022_IEO_SAD_HI.wav,440,193,343,0.0702,33.31,26.51,41916,SAD (Sadness)
1022_IOM_NEU_XX.wav,685,160,263,0.0603,32.04,19.22,74965,NEU (Neutral)
1022_IOM_FEA_XX.wav,544,171,270,0.0506,34.72,21.0,29322,FEA (Fear)
1022_IOM_SAD_XX.wav,526,171,324,0.0431,35.92,16.12,19519,SAD (Sadness)
1022_IOM_DIS_XX.wav,772,167,324,0.0602,28.49,19.7,146465,DIS (Disgust)
1022_IOM_ANG_XX.wav,3082,194,307,0.0908,26.12,22.36,8886641,ANG (Angry)
1022_IEO_SAD_MD.wav,252,174,227,0.0536,34.97,24.21,5277,SAD (Sadness)
1022_IOM_HAP_XX.wav,625,183,323,0.0633,34.37,26.01,63839,HAP (Happy)
1022_ITH_FEA_XX.wav,597,168,222,0.0595,30.68,26.07,56058,FEA (Fear)
1022_ITH_DIS_XX.wav,570,181,321,0.0946,32.37,27.6,98272,DIS (Disgust)
1022_ITH_ANG_XX.wav,2438,194,338,0.0966,25.75,36.47,5401889,ANG (Angry)
1022_ITH_HAP_XX.wav,859,190,340,0.0734,39.94,35.59,407190,HAP (Happy)
1022_ITH_NEU_XX.wav,838,183,343,0.0747,34.8,35.39,253097,NEU (Neutral)
1022_ITS_ANG_XX.wav,2904,193,322,0.1269,19.63,35.1,6567145,ANG (Angry)
1022_ITS_HAP_XX.wav,658,181,331,0.0905,35.13,35.19,142588,HAP (Happy)
1022_ITS_FEA_XX.wav,387,163,333,0.0674,35.08,28.03,27582,FEA (Fear)
1022_ITS_DIS_XX.wav,491,173,244,0.1143,32.34,23.47,50470,DIS (Disgust)
1022_ITH_SAD_XX.wav,410,169,267,0.0599,33.27,23.43,25607,SAD (Sadness)
1022_ITS_SAD_XX.wav,463,173,328,0.0822,36.9,25.16,40150,SAD (Sadness)
1022_ITS_NEU_XX.wav,521,176,307,0.0839,37.45,30.68,59014,NEU (Neutral)
1022_IWL_FEA_XX.wav,947,175,334,0.0534,32.69,26.78,221907,FEA (Fear)
1022_IWL_NEU_XX.wav,733,172,339,0.0561,27.21,21.27,84212,NEU (Neutral)
1022_IWL_HAP_XX.wav,702,189,334,0.0652,34.39,25.89,109512,HAP (Happy)
1022_IWL_DIS_XX.wav,1687,189,317,0.0769,19.98,21.28,624993,DIS (Disgust)
1022_IWW_FEA_XX.wav,520,156,229,0.0671,29.71,23.28,49543,FEA (Fear)
1022_IWL_SAD_XX.wav,560,158,330,0.0539,33.3,18.11,38383,SAD (Sadness)
1022_IWL_ANG_XX.wav,4988,222,342,0.0952,24.03,30.34,15387527,ANG (Angry)
1022_IWW_DIS_XX.wav,722,181,345,0.1151,35.26,30.44,198666,DIS (Disgust)
1022_IWW_HAP_XX.wav,504,184,331,0.0777,35.21,29.61,45294,HAP (Happy)
1022_IWW_ANG_XX.wav,2646,214,342,0.1114,26.46,37.67,5360939,ANG (Angry)
1022_IWW_NEU_XX.wav,712,157,344,0.0752,42.37,24.21,83998,NEU (Neutral)
1022_IWW_SAD_XX.wav,643,169,344,0.0746,30.58,24.97,70919,SAD (Sadness)
1022_MTI_FEA_XX.wav,1330,181,343,0.0593,34.95,30.2,456431,FEA (Fear)
1022_MTI_DIS_XX.wav,797,182,343,0.0734,31.66,24.41,176014,DIS (Disgust)
1022_MTI_NEU_XX.wav,852,174,340,0.0635,39.74,25.75,135725,NEU (Neutral)
1022_MTI_ANG_XX.wav,3833,208,343,0.094,26.71,29.25,8951044,ANG (Angry)
1022_MTI_SAD_XX.wav,630,168,341,0.0496,39.33,21.53,49113,SAD (Sadness)
1022_TAI_HAP_XX.wav,1208,196,328,0.0792,24.38,40.29,511362,HAP (Happy)
1022_MTI_HAP_XX.wav,834,175,339,0.0593,34.9,30.36,140113,HAP (Happy)
1022_TAI_FEA_XX.wav,861,178,347,0.085,38.16,26.91,162921,FEA (Fear)
1022_TAI_DIS_XX.wav,867,178,343,0.0957,33.63,30.42,226583,DIS (Disgust)
1022_TAI_NEU_XX.wav,881,172,276,0.0803,31.04,26.87,155014,NEU (Neutral)
1022_TAI_ANG_XX.wav,3349,198,343,0.1302,28.41,34.57,7683075,ANG (Angry)
1022_TAI_SAD_XX.wav,443,171,343,0.0727,40.54,23.21,24583,SAD (Sadness)
1022_TSI_DIS_XX.wav,917,202,322,0.2549,40.57,31.15,335022,DIS (Disgust)
1022_TIE_NEU_XX.wav,672,181,338,0.0633,31.75,32.74,239701,NEU (Neutral)
1022_TSI_FEA_XX.wav,484,185,329,0.1497,37.57,27.34,89868,FEA (Fear)
1022_TIE_FEA_XX.wav,635,176,264,0.0546,25.58,28.08,100012,FEA (Fear)
1022_TIE_ANG_XX.wav,1694,193,334,0.0877,33.06,33.54,4130836,ANG (Angry)
1022_TIE_HAP_XX.wav,651,167,334,0.0784,39.45,30.56,449991,HAP (Happy)
1022_TIE_DIS_XX.wav,603,182,343,0.088,34.91,29.89,193482,DIS (Disgust)
1022_TSI_ANG_XX.wav,3001,215,333,0.2566,28.83,29.58,6312579,ANG (Angry)
1022_TSI_HAP_XX.wav,485,196,321,0.1499,29.56,30.27,52027,HAP (Happy)
1022_TSI_NEU_XX.wav,682,193,326,0.1823,46.42,33.49,150381,NEU (Neutral)
1022_TIE_SAD_XX.wav,411,187,342,0.058,39.05,26.34,35911,SAD (Sadness)
1022_WSI_ANG_XX.wav,3353,200,255,0.1602,19.39,35.99,6939386,ANG (Angry)
1022_TSI_SAD_XX.wav,336,183,330,0.144,31.69,19.6,30856,SAD (Sadness)
1022_WSI_DIS_XX.wav,663,188,341,0.1326,32.49,24.79,87339,DIS (Disgust)
1023_DFA_DIS_XX.wav,1120,192,343,0.0775,37.17,37.91,303851,DIS (Disgust)
1022_WSI_FEA_XX.wav,531,180,322,0.0769,28.77,30.13,68271,FEA (Fear)
1022_WSI_HAP_XX.wav,746,193,312,0.1054,29.87,34.88,268173,HAP (Happy)
1023_DFA_ANG_XX.wav,2777,205,342,0.0849,22.42,31.48,4094230,ANG (Angry)
1022_WSI_NEU_XX.wav,715,172,333,0.0961,35.79,31.39,146691,NEU (Neutral)
1023_DFA_FEA_XX.wav,1497,211,330,0.0733,24.45,31.25,680851,FEA (Fear)
1023_DFA_HAP_XX.wav,1005,190,329,0.059,23.02,34.35,285428,HAP (Happy)
1023_DFA_SAD_XX.wav,384,173,336,0.056,32.4,25.61,16964,SAD (Sadness)
1022_WSI_SAD_XX.wav,369,186,319,0.1074,30.83,26.22,20454,SAD (Sadness)
1023_DFA_NEU_XX.wav,661,189,277,0.0699,34.63,34.77,123627,NEU (Neutral)
1023_IEO_ANG_LO.wav,1596,180,287,0.072,25.96,32.9,1181532,ANG (Angry)
1023_IEO_DIS_LO.wav,434,159,297,0.0686,31.41,23.91,32672,DIS (Disgust)
1023_IEO_DIS_MD.wav,1680,205,331,0.0818,23.79,29.67,1363755,DIS (Disgust)
1023_IEO_ANG_HI.wav,5523,251,305,0.1105,19.32,34.34,20950331,ANG (Angry)
1023_IEO_ANG_MD.wav,3237,208,339,0.0876,28.32,31.0,5681229,ANG (Angry)
1023_IEO_FEA_LO.wav,420,162,220,0.0628,21.36,26.47,24465,FEA (Fear)
1023_IEO_FEA_HI.wav,1621,188,325,0.0727,24.35,30.37,1544060,FEA (Fear)
1023_IEO_DIS_HI.wav,954,188,343,0.0787,31.35,30.63,316980,DIS (Disgust)
1023_IEO_HAP_HI.wav,2493,233,340,0.0647,19.75,35.88,3133947,HAP (Happy)
1023_IEO_HAP_LO.wav,550,192,330,0.0567,31.54,30.47,105897,HAP (Happy)
1023_IEO_HAP_MD.wav,824,171,344,0.0661,46.18,33.9,174928,HAP (Happy)
1023_IEO_NEU_XX.wav,338,165,250,0.0618,44.23,28.81,16903,NEU (Neutral)
1023_IEO_FEA_MD.wav,398,175,297,0.0603,33.39,22.59,23793,FEA (Fear)
1023_IEO_SAD_LO.wav,297,181,339,0.0511,33.07,24.89,15096,SAD (Sadness)
1023_IEO_SAD_MD.wav,331,168,281,0.0551,40.8,23.06,15492,SAD (Sadness)
1023_IOM_FEA_XX.wav,1188,185,295,0.0554,23.98,22.62,352197,FEA (Fear)
1023_IEO_SAD_HI.wav,232,171,262,0.0519,36.4,25.28,5170,SAD (Sadness)
1023_IOM_ANG_XX.wav,4532,218,341,0.087,21.2,26.62,8341855,ANG (Angry)
1023_IOM_DIS_XX.wav,1236,192,340,0.0638,29.07,24.55,254226,DIS (Disgust)
1023_IOM_NEU_XX.wav,766,160,263,0.0552,27.87,17.87,107298,NEU (Neutral)
1023_IOM_HAP_XX.wav,1141,193,255,0.0543,18.68,28.32,314713,HAP (Happy)
1023_IOM_SAD_XX.wav,487,151,199,0.0526,36.63,20.58,30764,SAD (Sadness)
1023_ITH_DIS_XX.wav,517,164,345,0.0823,35.28,25.66,52339,DIS (Disgust)
1023_ITH_HAP_XX.wav,1232,194,343,0.0632,32.46,31.7,419872,HAP (Happy)
1023_ITH_FEA_XX.wav,1787,189,329,0.0774,21.92,33.37,948935,FEA (Fear)
1023_ITH_ANG_XX.wav,2989,190,327,0.0937,20.21,36.61,4988009,ANG (Angry)
1023_ITH_SAD_XX.wav,363,169,304,0.0592,28.42,24.11,18183,SAD (Sadness)
1023_ITS_HAP_XX.wav,1348,199,335,0.0762,35.12,34.47,370858,HAP (Happy)
1023_ITS_DIS_XX.wav,849,171,295,0.108,30.94,34.05,204837,DIS (Disgust)
1023_ITH_NEU_XX.wav,599,169,335,0.0626,38.5,35.16,96676,NEU (Neutral)
1023_ITS_SAD_XX.wav,356,164,223,0.0837,33.88,24.89,14655,SAD (Sadness)
1023_ITS_FEA_XX.wav,1328,188,296,0.1113,24.38,28.92,308801,FEA (Fear)
1023_ITS_ANG_XX.wav,2294,186,306,0.1194,28.11,27.11,1668459,ANG (Angry)
1023_ITS_NEU_XX.wav,813,180,338,0.0951,27.47,32.23,148675,NEU (Neutral)
1023_IWL_HAP_XX.wav,2097,222,331,0.0663,23.27,37.86,1227173,HAP (Happy)
1023_IWL_DIS_XX.wav,859,180,327,0.0671,28.71,20.45,112237,DIS (Disgust)
1023_IWL_FEA_XX.wav,1772,201,340,0.0637,23.28,20.62,640568,FEA (Fear)
1023_IWL_ANG_XX.wav,4510,207,340,0.0817,19.3,24.15,7620576,ANG (Angry)
1023_IWL_NEU_XX.wav,840,165,337,0.0594,32.6,20.09,123278,NEU (Neutral)
1023_IWL_SAD_XX.wav,433,161,267,0.0532,32.67,23.82,26419,SAD (Sadness)
1023_IWW_NEU_XX.wav,799,167,342,0.0707,24.47,23.06,96988,NEU (Neutral)
1023_IWW_DIS_XX.wav,863,183,294,0.0888,22.95,27.67,119059,DIS (Disgust)
1023_IWW_FEA_XX.wav,1330,193,335,0.0853,25.84,27.79,361201,FEA (Fear)
1023_IWW_HAP_XX.wav,1782,215,305,0.0761,21.81,34.69,717714,HAP (Happy)
1023_IWW_ANG_XX.wav,4568,216,325,0.0965,25.4,43.13,6528637,ANG (Angry)
1023_MTI_DIS_XX.wav,2189,208,324,0.0853,23.75,27.97,1424583,DIS (Disgust)
1023_MTI_ANG_XX.wav,4663,215,325,0.0814,20.99,27.16,6677475,ANG (Angry)
1023_MTI_HAP_XX.wav,2592,214,323,0.0692,22.13,30.85,1717623,HAP (Happy)
1023_IWW_SAD_XX.wav,403,165,244,0.0626,32.18,22.93,15612,SAD (Sadness)
1023_MTI_FEA_XX.wav,2194,213,327,0.0671,18.01,28.44,868433,FEA (Fear)
1023_MTI_SAD_XX.wav,549,174,223,0.0547,28.81,19.3,44733,SAD (Sadness)
1023_MTI_NEU_XX.wav,1061,184,342,0.0624,30.67,23.57,180905,NEU (Neutral)
1023_TAI_FEA_XX.wav,2587,205,213,0.089,18.12,34.1,2298634,FEA (Fear)
1023_TAI_HAP_XX.wav,2884,222,341,0.0761,19.3,41.16,1969040,HAP (Happy)
1023_TAI_NEU_XX.wav,1159,184,314,0.0695,33.64,29.8,225370,NEU (Neutral)
1023_TAI_ANG_XX.wav,3929,230,315,0.0942,23.52,33.83,5006768,ANG (Angry)
1023_TAI_DIS_XX.wav,1260,188,332,0.0996,23.6,31.06,421240,DIS (Disgust)
1023_TAI_SAD_XX.wav,538,196,328,0.0645,28.83,30.27,36596,SAD (Sadness)
1023_TIE_HAP_XX.wav,1907,208,344,0.068,21.28,33.27,1242991,HAP (Happy)
1023_TIE_ANG_XX.wav,3515,203,340,0.0851,22.5,33.17,8494858,ANG (Angry)
1023_TIE_DIS_XX.wav,1218,198,337,0.0753,28.56,36.45,535624,DIS (Disgust)
1023_TSI_FEA_XX.wav,2426,220,238,0.1533,19.96,36.17,2315320,FEA (Fear)
1023_TSI_DIS_XX.wav,991,191,327,0.194,26.63,33.17,320365,DIS (Disgust)
1023_TIE_NEU_XX.wav,463,165,264,0.0631,34.79,25.55,53528,NEU (Neutral)
1023_TSI_HAP_XX.wav,1260,187,331,0.1274,30.01,32.95,478144,HAP (Happy)
1023_TSI_ANG_XX.wav,2506,198,337,0.1797,26.39,31.22,2412100,ANG (Angry)
1023_TIE_FEA_XX.wav,1740,188,342,0.075,25.64,30.64,1704916,FEA (Fear)
1023_TSI_NEU_XX.wav,737,185,319,0.1584,36.82,35.18,164160,NEU (Neutral)
1023_TIE_SAD_XX.wav,378,169,342,0.0573,31.09,22.59,22555,SAD (Sadness)
1023_TSI_SAD_XX.wav,310,155,274,0.1118,37.95,28.07,19527,SAD (Sadness)
1023_WSI_FEA_XX.wav,3365,219,218,0.1363,13.89,38.56,4259106,FEA (Fear)
1023_WSI_HAP_XX.wav,1728,214,230,0.1042,15.49,40.81,886643,HAP (Happy)
1023_WSI_DIS_XX.wav,1572,182,343,0.1127,30.94,36.07,784229,DIS (Disgust)
1023_WSI_NEU_XX.wav,1019,171,344,0.1046,23.9,29.21,301259,NEU (Neutral)
1023_WSI_SAD_XX.wav,403,162,257,0.0799,34.83,26.11,31887,SAD (Sadness)
1023_WSI_ANG_XX.wav,2854,195,341,0.1397,22.58,33.42,3469045,ANG (Angry)
1024_DFA_ANG_XX.wav,524,202,332,0.0853,29.27,25.8,97409,ANG (Angry)
1024_DFA_DIS_XX.wav,346,181,339,0.067,32.98,23.84,24918,DIS (Disgust)
1024_DFA_NEU_XX.wav,366,187,320,0.0589,28.67,30.09,23393,NEU (Neutral)
1024_DFA_HAP_XX.wav,456,218,263,0.0661,20.78,28.26,40676,HAP (Happy)
1024_DFA_FEA_XX.wav,310,193,340,0.0903,28.24,24.04,28642,FEA (Fear)
1024_DFA_SAD_XX.wav,263,180,246,0.0771,28.79,21.26,8204,SAD (Sadness)
1024_IEO_ANG_LO.wav,539,206,321,0.086,26.36,24.47,71048,ANG (Angry)
1024_IEO_ANG_HI.wav,1824,243,336,0.1083,19.95,30.79,1903411,ANG (Angry)
1024_IEO_ANG_MD.wav,562,224,323,0.0837,23.89,27.67,55388,ANG (Angry)
1024_IEO_DIS_LO.wav,251,174,325,0.0682,36.15,21.75,5343,DIS (Disgust)
1024_IEO_DIS_MD.wav,404,202,342,0.094,24.75,22.16,25013,DIS (Disgust)
1024_IEO_FEA_HI.wav,1063,238,335,0.0839,22.0,28.35,446965,FEA (Fear)
1024_IEO_FEA_LO.wav,236,187,345,0.0785,32.78,20.75,5177,FEA (Fear)
1024_IEO_HAP_LO.wav,365,198,328,0.0778,27.72,30.41,25560,HAP (Happy)
1024_IEO_HAP_MD.wav,595,199,342,0.077,24.58,24.14,111387,HAP (Happy)
1024_IEO_HAP_HI.wav,365,199,327,0.0635,27.45,26.21,18718,HAP (Happy)
1024_IEO_DIS_HI.wav,395,196,315,0.086,23.89,23.28,35380,DIS (Disgust)
1024_IEO_FEA_MD.wav,238,181,277,0.0625,34.45,22.5,4879,FEA (Fear)
1024_IEO_SAD_HI.wav,258,183,249,0.0604,31.83,21.51,5663,SAD (Sadness)
1024_IEO_NEU_XX.wav,363,186,299,0.0627,26.43,24.4,20673,NEU (Neutral)
1024_IEO_SAD_LO.wav,259,187,323,0.085,35.43,22.63,5673,SAD (Sadness)
1024_IOM_ANG_XX.wav,663,204,331,0.0672,28.46,24.51,96914,ANG (Angry)
1024_IOM_FEA_XX.wav,361,185,341,0.0464,23.12,23.87,7331,FEA (Fear)
1024_IEO_SAD_MD.wav,370,188,343,0.0957,31.08,22.41,29951,SAD (Sadness)
1024_IOM_NEU_XX.wav,435,194,330,0.0481,31.48,22.2,13857,NEU (Neutral)
1024_IOM_HAP_XX.wav,490,219,282,0.0489,17.53,24.35,22693,HAP (Happy)
1024_IOM_DIS_XX.wav,430,181,314,0.06,35.77,19.98,21143,DIS (Disgust)
1024_IOM_SAD_XX.wav,368,214,320,0.05,27.19,21.49,8340,SAD (Sadness)
1024_ITH_HAP_XX.wav,528,219,329,0.0628,30.15,30.9,57686,HAP (Happy)
1024_ITH_FEA_XX.wav,262,192,323,0.081,33.74,22.75,9894,FEA (Fear)
1024_ITH_ANG_XX.wav,549,198,284,0.0823,28.55,29.06,101547,ANG (Angry)
1024_ITH_NEU_XX.wav,279,180,343,0.0548,33.31,26.2,7066,NEU (Neutral)
1024_ITS_ANG_XX.wav,615,207,332,0.0942,24.69,29.8,85876,ANG (Angry)
1024_ITH_SAD_XX.wav,274,178,339,0.0669,32.6,25.3,5304,SAD (Sadness)
1024_ITS_NEU_XX.wav,335,193,243,0.0831,26.8,28.05,12188,NEU (Neutral)
1024_ITH_DIS_XX.wav,333,190,330,0.0728,34.24,22.04,18654,DIS (Disgust)
1024_ITS_DIS_XX.wav,424,202,340,0.1165,25.91,19.9,22623,DIS (Disgust)
1024_ITS_SAD_XX.wav,289,178,276,0.0934,27.81,21.48,8075,SAD (Sadness)
1024_ITS_HAP_XX.wav,413,222,344,0.0807,26.06,31.98,23941,HAP (Happy)
1024_ITS_FEA_XX.wav,411,215,342,0.1111,22.88,28.24,28190,FEA (Fear)
1024_IWL_ANG_XX.wav,778,204,340,0.0676,23.76,25.13,150531,ANG (Angry)
1024_IWL_DIS_XX.wav,400,192,334,0.0552,25.9,23.3,12105,DIS (Disgust)
1024_IWL_NEU_XX.wav,493,202,266,0.0542,21.59,27.26,31203,NEU (Neutral)
1024_IWL_FEA_XX.wav,468,220,244,0.0551,16.03,21.64,23630,FEA (Fear)
1024_IWL_SAD_XX.wav,299,189,324,0.0512,26.5,17.49,5315,SAD (Sadness)
1024_IWW_ANG_XX.wav,497,216,332,0.0635,20.91,24.53,22771,ANG (Angry)
1024_IWL_HAP_XX.wav,745,233,343,0.0585,19.38,27.44,65627,HAP (Happy)
1024_IWW_HAP_XX.wav,531,201,254,0.0649,23.18,26.52,32270,HAP (Happy)
1024_IWW_DIS_XX.wav,303,180,282,0.0822,34.26,24.55,7885,DIS (Disgust)
1024_IWW_FEA_XX.wav,388,214,344,0.1081,27.96,25.72,16533,FEA (Fear)
1024_IWW_NEU_XX.wav,281,182,333,0.0613,38.03,24.6,4694,NEU (Neutral)
1024_MTI_ANG_XX.wav,947,207,299,0.0615,14.91,29.65,123653,ANG (Angry)
1024_MTI_FEA_XX.wav,480,200,315,0.0626,30.13,27.35,29344,FEA (Fear)
1024_MTI_NEU_XX.wav,370,193,329,0.0518,34.12,21.9,10441,NEU (Neutral)
1024_MTI_DIS_XX.wav,446,195,336,0.0588,26.55,21.45,23362,DIS (Disgust)
1024_MTI_HAP_XX.wav,658,227,345,0.0568,22.94,30.15,56041,HAP (Happy)
1024_IWW_SAD_XX.wav,251,184,342,0.0727,33.63,22.87,5197,SAD (Sadness)
1024_MTI_SAD_XX.wav,337,189,340,0.0528,30.58,23.01,6581,SAD (Sadness)
1024_TAI_DIS_XX.wav,454,200,263,0.0858,23.08,22.94,31367,DIS (Disgust)
1024_TAI_HAP_XX.wav,643,222,339,0.0854,22.26,29.05,73369,HAP (Happy)
1024_TAI_NEU_XX.wav,488,198,330,0.0686,23.82,21.46,23186,NEU (Neutral)
1024_TAI_ANG_XX.wav,868,220,246,0.0932,15.32,27.04,181525,ANG (Angry)
1024_TAI_FEA_XX.wav,353,185,282,0.0908,29.84,24.96,18700,FEA (Fear)
1024_TAI_SAD_XX.wav,290,199,337,0.0685,34.56,25.22,6341,SAD (Sadness)
1024_TIE_FEA_XX.wav,413,203,341,0.0893,30.37,28.64,40805,FEA (Fear)
1024_TIE_ANG_XX.wav,438,201,344,0.0904,28.72,24.91,50378,ANG (Angry)
1024_TSI_ANG_XX.wav,763,240,296,0.2016,20.79,33.99,262678,ANG (Angry)
1024_TIE_HAP_XX.wav,329,184,342,0.0641,35.12,23.31,21548,HAP (Happy)
1024_TIE_NEU_XX.wav,277,176,297,0.0593,32.85,24.04,9070,NEU (Neutral)
1024_TSI_FEA_XX.wav,362,205,339,0.2069,36.66,18.61,62179,FEA (Fear)
1024_TSI_HAP_XX.wav,490,233,339,0.1737,29.37,28.93,55051,HAP (Happy)
1024_TSI_NEU_XX.wav,374,183,257,0.1668,28.67,27.76,34746,NEU (Neutral)
1024_TIE_DIS_XX.wav,280,184,330,0.0744,35.98,18.82,12657,DIS (Disgust)
1024_TSI_DIS_XX.wav,362,207,320,0.1887,31.92,24.61,58573,DIS (Disgust)
1024_TIE_SAD_XX.wav,302,179,345,0.0923,31.93,20.33,16848,SAD (Sadness)
1024_WSI_ANG_XX.wav,667,205,340,0.1411,25.91,27.19,136617,ANG (Angry)
1024_TSI_SAD_XX.wav,329,204,326,0.1647,27.65,21.38,23760,SAD (Sadness)
1024_WSI_HAP_XX.wav,722,258,328,0.0994,20.07,28.41,78792,HAP (Happy)
1024_WSI_DIS_XX.wav,369,185,342,0.1302,33.47,21.99,29151,DIS (Disgust)
1025_DFA_HAP_XX.wav,613,203,310,0.0684,21.03,35.72,130734,HAP (Happy)
1024_WSI_FEA_XX.wav,502,221,312,0.1168,24.15,31.39,44725,FEA (Fear)
1024_WSI_NEU_XX.wav,389,198,265,0.1011,23.16,23.72,21219,NEU (Neutral)
1025_DFA_ANG_XX.wav,712,190,336,0.0772,30.88,32.02,162348,ANG (Angry)
1024_WSI_SAD_XX.wav,316,183,336,0.1119,33.12,25.66,11987,SAD (Sadness)
1025_DFA_FEA_XX.wav,238,166,234,0.0553,35.1,24.01,4131,FEA (Fear)
1025_DFA_NEU_XX.wav,339,170,247,0.0616,32.28,27.14,17399,NEU (Neutral)
1025_DFA_SAD_XX.wav,222,163,228,0.0597,32.1,24.8,3511,SAD (Sadness)
1025_DFA_DIS_XX.wav,211,163,345,0.0575,38.37,22.64,3265,DIS (Disgust)
1025_IEO_ANG_LO.wav,539,189,247,0.0644,28.34,31.08,92802,ANG (Angry)
1025_IEO_DIS_LO.wav,259,163,344,0.0716,33.06,22.6,7881,DIS (Disgust)
1025_IEO_ANG_MD.wav,1093,212,330,0.0909,25.01,36.47,587341,ANG (Angry)
1025_IEO_HAP_HI.wav,1214,235,316,0.0763,18.46,33.89,536796,HAP (Happy)
1025_IEO_HAP_LO.wav,388,199,327,0.0639,27.19,26.97,29396,HAP (Happy)
1025_IEO_DIS_HI.wav,307,161,223,0.0731,30.12,22.0,14211,DIS (Disgust)
1025_IEO_ANG_HI.wav,3211,235,336,0.0959,14.4,27.96,4910882,ANG (Angry)
1025_IEO_FEA_MD.wav,244,166,277,0.0505,39.73,21.58,3306,FEA (Fear)
1025_IEO_FEA_HI.wav,514,208,338,0.0791,38.15,35.01,80668,FEA (Fear)
1025_IEO_HAP_MD.wav,654,205,226,0.0755,20.09,24.54,154236,HAP (Happy)
1025_IEO_DIS_MD.wav,284,169,341,0.0619,37.13,19.78,7761,DIS (Disgust)
1025_IEO_FEA_LO.wav,254,169,263,0.0525,33.94,26.28,3600,FEA (Fear)
1025_IEO_NEU_XX.wav,274,174,337,0.0642,35.27,20.63,7828,NEU (Neutral)
1025_IOM_ANG_XX.wav,2514,255,340,0.0873,23.08,35.41,5283363,ANG (Angry)
1025_IEO_SAD_LO.wav,272,176,339,0.0551,30.5,24.46,4422,SAD (Sadness)
1025_IEO_SAD_HI.wav,267,170,342,0.0528,35.07,25.78,6954,SAD (Sadness)
1025_IOM_DIS_XX.wav,299,158,278,0.0557,31.26,23.2,5985,DIS (Disgust)
1025_IOM_HAP_XX.wav,618,203,343,0.0544,18.12,23.11,73276,HAP (Happy)
1025_IEO_SAD_MD.wav,260,175,232,0.0516,31.36,27.55,4115,SAD (Sadness)
1025_IOM_FEA_XX.wav,311,172,230,0.0502,25.09,23.87,5207,FEA (Fear)
1025_IOM_NEU_XX.wav,400,170,245,0.0574,19.22,21.57,14125,NEU (Neutral)
1025_IOM_SAD_XX.wav,473,171,324,0.0624,29.36,21.48,36178,SAD (Sadness)
1025_ITH_ANG_XX.wav,1129,220,341,0.0805,17.82,38.64,530416,ANG (Angry)
1025_ITH_HAP_XX.wav,478,186,325,0.0619,25.95,29.23,59661,HAP (Happy)
1025_ITH_NEU_XX.wav,349,179,342,0.0646,30.06,25.16,15316,NEU (Neutral)
1025_ITS_ANG_XX.wav,562,187,330,0.1007,29.01,28.64,64859,ANG (Angry)
1025_ITH_DIS_XX.wav,242,161,325,0.0579,34.29,22.62,3905,DIS (Disgust)
1025_ITH_SAD_XX.wav,240,149,208,0.0605,39.31,20.07,4194,SAD (Sadness)
1025_ITS_FEA_XX.wav,255,169,263,0.0835,34.43,28.63,4756,FEA (Fear)
1025_ITS_HAP_XX.wav,402,211,335,0.1015,29.24,30.63,21856,HAP (Happy)
1025_ITH_FEA_XX.wav,256,180,338,0.0655,31.0,23.48,7312,FEA (Fear)
1025_ITS_NEU_XX.wav,378,179,229,0.0937,24.85,23.22,15372,NEU (Neutral)
1025_ITS_DIS_XX.wav,305,171,330,0.0757,30.89,20.39,12616,DIS (Disgust)
1025_IWW_ANG_XX.wav,1980,262,332,0.0943,15.09,31.8,1359465,ANG (Angry)
1025_IWL_HAP_XX.wav,409,190,343,0.0566,30.0,26.79,28591,HAP (Happy)
1025_IWL_DIS_XX.wav,319,162,347,0.0521,35.68,24.26,12886,DIS (Disgust)
1025_IWL_ANG_XX.wav,1136,205,345,0.0621,23.36,25.57,298392,ANG (Angry)
1025_ITS_SAD_XX.wav,261,167,251,0.0877,29.9,20.54,5260,SAD (Sadness)
1025_IWL_NEU_XX.wav,379,179,340,0.0518,19.33,22.15,14380,NEU (Neutral)
1025_IWL_FEA_XX.wav,285,163,317,0.048,31.74,26.28,5340,FEA (Fear)
1025_IWW_DIS_XX.wav,251,161,331,0.0799,40.42,20.26,6719,DIS (Disgust)
1025_IWL_SAD_XX.wav,223,163,344,0.0446,34.47,20.91,1661,SAD (Sadness)
1025_IWW_HAP_XX.wav,600,209,340,0.0783,24.46,30.9,75543,HAP (Happy)
1025_IWW_FEA_XX.wav,245,172,229,0.0732,36.31,28.01,4292,FEA (Fear)
1025_IWW_SAD_XX.wav,276,181,344,0.081,30.27,22.26,4990,SAD (Sadness)
1025_MTI_ANG_XX.wav,831,193,337,0.0624,24.13,27.28,95515,ANG (Angry)
1025_IWW_NEU_XX.wav,369,178,343,0.0658,30.3,25.03,16305,NEU (Neutral)
1025_MTI_DIS_XX.wav,296,161,344,0.0548,41.58,20.47,5700,DIS (Disgust)
1025_TAI_ANG_XX.wav,548,197,344,0.079,29.37,32.2,73798,ANG (Angry)
1025_MTI_SAD_XX.wav,276,170,344,0.0487,27.78,23.05,3173,SAD (Sadness)
1025_MTI_HAP_XX.wav,446,190,336,0.0577,27.6,27.04,19272,HAP (Happy)
1025_MTI_NEU_XX.wav,355,177,344,0.0554,27.41,23.38,10757,NEU (Neutral)
1025_MTI_FEA_XX.wav,260,171,345,0.0494,33.88,23.66,3301,FEA (Fear)
1025_TAI_NEU_XX.wav,375,172,283,0.0731,26.21,22.85,16074,NEU (Neutral)
1025_TAI_DIS_XX.wav,319,184,334,0.0678,30.94,24.41,12461,DIS (Disgust)
1025_TAI_HAP_XX.wav,652,218,329,0.0772,19.12,30.34,94220,HAP (Happy)
1025_TAI_FEA_XX.wav,246,173,281,0.0697,32.21,23.65,4511,FEA (Fear)
1025_TAI_SAD_XX.wav,260,159,342,0.0645,32.19,19.73,3976,SAD (Sadness)
1025_TSI_ANG_XX.wav,575,198,340,0.1636,28.77,39.82,152254,ANG (Angry)
1025_TIE_ANG_XX.wav,456,178,342,0.0916,34.4,28.76,96504,ANG (Angry)
1025_TIE_FEA_XX.wav,285,175,340,0.0643,31.41,24.96,11072,FEA (Fear)
1025_TIE_HAP_XX.wav,321,179,340,0.0856,31.6,25.17,26424,HAP (Happy)
1025_TSI_FEA_XX.wav,281,179,229,0.1385,29.23,26.37,14164,FEA (Fear)
1025_TIE_DIS_XX.wav,244,167,347,0.083,39.18,20.66,9236,DIS (Disgust)
1025_TIE_NEU_XX.wav,314,172,335,0.0646,35.01,23.02,19574,NEU (Neutral)
1025_TSI_DIS_XX.wav,261,172,333,0.1614,37.71,20.73,9916,DIS (Disgust)
1025_TIE_SAD_XX.wav,223,166,299,0.0669,37.7,19.15,2882,SAD (Sadness)
1025_TSI_NEU_XX.wav,295,184,337,0.1547,26.7,24.54,14920,NEU (Neutral)
1025_TSI_HAP_XX.wav,352,188,328,0.1451,36.24,27.1,29156,HAP (Happy)
1025_WSI_ANG_XX.wav,906,231,344,0.1438,23.92,39.94,314306,ANG (Angry)
1025_WSI_FEA_XX.wav,250,171,240,0.0915,31.12,27.29,4796,FEA (Fear)
1025_WSI_DIS_XX.wav,236,168,272,0.0841,37.42,19.86,5485,DIS (Disgust)
1025_WSI_SAD_XX.wav,263,170,260,0.0939,27.0,27.78,6413,SAD (Sadness)
1025_TSI_SAD_XX.wav,242,176,340,0.1336,31.56,20.64,6622,SAD (Sadness)
1026_DFA_DIS_XX.wav,695,189,328,0.0801,42.28,35.8,241269,DIS (Disgust)
1025_WSI_HAP_XX.wav,392,190,306,0.1035,28.61,29.77,30398,HAP (Happy)
1026_DFA_FEA_XX.wav,662,199,340,0.0635,37.82,33.38,108285,FEA (Fear)
1026_DFA_SAD_XX.wav,337,169,339,0.0549,39.65,26.81,10695,SAD (Sadness)
1026_DFA_NEU_XX.wav,799,179,292,0.0676,42.51,34.2,141354,NEU (Neutral)
1026_IEO_DIS_MD.wav,1181,186,340,0.1037,33.2,32.51,421869,DIS (Disgust)
1026_IEO_ANG_LO.wav,1123,171,323,0.082,37.93,30.99,371506,ANG (Angry)
1025_WSI_NEU_XX.wav,317,173,346,0.1001,35.75,23.62,17296,NEU (Neutral)
1026_IEO_DIS_LO.wav,437,159,317,0.0734,38.17,27.58,37809,DIS (Disgust)
1026_IEO_ANG_HI.wav,4440,206,329,0.1218,27.18,27.91,16762209,ANG (Angry)
1026_IEO_ANG_MD.wav,2042,207,327,0.0848,26.15,25.26,2024884,ANG (Angry)
1026_DFA_ANG_XX.wav,4137,193,266,0.0973,24.5,37.15,12684495,ANG (Angry)
1026_DFA_HAP_XX.wav,1112,175,324,0.0634,34.51,40.05,405975,HAP (Happy)
1026_IEO_FEA_HI.wav,2818,216,341,0.0757,25.86,31.71,4431677,FEA (Fear)
1026_IEO_DIS_HI.wav,1774,200,345,0.1034,34.61,29.07,1715751,DIS (Disgust)
1026_IEO_HAP_MD.wav,1054,164,326,0.0789,43.09,32.36,305786,HAP (Happy)
1026_IEO_FEA_LO.wav,428,173,340,0.0628,41.09,27.02,32847,FEA (Fear)
1026_IEO_FEA_MD.wav,878,175,341,0.0773,33.35,32.09,277314,FEA (Fear)
1026_IEO_HAP_HI.wav,2424,175,340,0.0794,27.39,28.02,2047756,HAP (Happy)
1026_IEO_HAP_LO.wav,688,175,345,0.0593,41.99,25.12,97103,HAP (Happy)
1026_IEO_NEU_XX.wav,488,174,346,0.0592,49.78,27.66,43780,NEU (Neutral)
1026_IEO_SAD_LO.wav,294,167,267,0.0551,44.73,21.58,6314,SAD (Sadness)
1026_IOM_DIS_XX.wav,365,161,268,0.0485,38.01,20.18,18113,DIS (Disgust)
1026_IEO_SAD_HI.wav,356,175,346,0.0651,41.79,26.88,28241,SAD (Sadness)
1026_IOM_ANG_XX.wav,4120,196,326,0.0719,36.55,23.48,6071165,ANG (Angry)
1026_IEO_SAD_MD.wav,313,168,321,0.0563,46.58,26.21,11178,SAD (Sadness)
1026_IOM_FEA_XX.wav,1127,177,319,0.0452,31.31,21.49,140844,FEA (Fear)
1026_IOM_HAP_XX.wav,1075,148,319,0.0605,33.24,19.34,194846,HAP (Happy)
1026_ITH_HAP_XX.wav,1953,180,258,0.07,22.32,36.34,1341534,HAP (Happy)
1026_ITH_ANG_XX.wav,2676,186,327,0.0787,28.48,34.73,3780914,ANG (Angry)
1026_ITH_DIS_XX.wav,1198,174,271,0.0658,33.26,35.26,486783,DIS (Disgust)
1026_ITH_FEA_XX.wav,390,169,295,0.0531,36.01,29.68,24488,FEA (Fear)
1026_IOM_SAD_XX.wav,340,172,340,0.048,40.6,20.53,17252,SAD (Sadness)
1026_ITH_NEU_XX.wav,594,164,313,0.0675,42.6,29.17,88731,NEU (Neutral)
1026_IOM_NEU_XX.wav,533,159,305,0.051,44.1,20.04,46104,NEU (Neutral)
1026_ITS_HAP_XX.wav,1559,177,334,0.0819,32.84,37.56,990297,HAP (Happy)
1026_ITS_FEA_XX.wav,294,173,342,0.0666,36.57,26.92,7571,FEA (Fear)
1026_ITS_SAD_XX.wav,281,169,323,0.0576,38.37,21.26,4318,SAD (Sadness)
1026_IWL_DIS_XX.wav,1413,172,339,0.0697,32.89,28.21,540852,DIS (Disgust)
1026_ITS_ANG_XX.wav,2526,187,332,0.1103,26.05,28.77,2530121,ANG (Angry)
1026_IWL_HAP_XX.wav,1299,212,340,0.0712,30.81,33.29,350843,HAP (Happy)
1026_IWL_FEA_XX.wav,4497,234,340,0.0863,24.27,37.66,8080424,FEA (Fear)
1026_ITS_NEU_XX.wav,470,175,342,0.0711,40.11,25.3,39881,NEU (Neutral)
1026_ITS_DIS_XX.wav,444,169,340,0.0844,49.24,28.64,32867,DIS (Disgust)
1026_IWL_ANG_XX.wav,5771,205,319,0.0914,23.44,27.43,11459437,ANG (Angry)
1026_ITH_SAD_XX.wav,393,154,300,0.0545,33.98,26.5,20039,SAD (Sadness)
1026_IWW_ANG_XX.wav,2654,174,295,0.086,25.95,30.68,2811940,ANG (Angry)
1026_IWL_SAD_XX.wav,413,184,314,0.0555,35.06,21.13,16443,SAD (Sadness)
1026_IWW_FEA_XX.wav,509,170,340,0.0682,36.6,23.5,34590,FEA (Fear)
1026_IWL_NEU_XX.wav,705,163,333,0.0523,45.77,24.19,87261,NEU (Neutral)
1026_IWW_NEU_XX.wav,665,176,330,0.0645,52.18,28.19,82842,NEU (Neutral)
1026_IWW_DIS_XX.wav,545,182,345,0.0613,42.72,25.76,57149,DIS (Disgust)
1026_IWW_SAD_XX.wav,284,159,339,0.0518,41.94,23.29,4280,SAD (Sadness)
1026_IWW_HAP_XX.wav,1518,181,334,0.0887,33.09,25.57,1054091,HAP (Happy)
1026_MTI_FEA_XX.wav,704,186,328,0.0557,31.08,21.44,57235,FEA (Fear)
1026_MTI_ANG_XX.wav,4492,225,324,0.0732,28.3,28.7,6655822,ANG (Angry)
1026_MTI_SAD_XX.wav,450,158,345,0.0512,42.44,21.63,15509,SAD (Sadness)
1026_TAI_FEA_XX.wav,1312,188,333,0.0628,20.94,25.0,319107,FEA (Fear)
1026_MTI_HAP_XX.wav,1679,188,342,0.0676,38.79,27.89,650556,HAP (Happy)
1026_MTI_DIS_XX.wav,1151,193,324,0.0568,40.49,27.03,261340,DIS (Disgust)
1026_TAI_ANG_XX.wav,3539,190,325,0.0925,27.57,28.15,4740109,ANG (Angry)
1026_MTI_NEU_XX.wav,708,171,340,0.056,39.43,19.4,54468,NEU (Neutral)
1026_TAI_HAP_XX.wav,1352,177,345,0.063,35.71,27.14,456769,HAP (Happy)
1026_TAI_NEU_XX.wav,681,166,332,0.0708,39.28,22.75,62694,NEU (Neutral)
1026_TAI_DIS_XX.wav,1750,201,326,0.0745,22.58,28.36,716325,DIS (Disgust)
1026_TIE_DIS_XX.wav,1165,165,336,0.0802,44.36,32.06,1154711,DIS (Disgust)
1026_TIE_FEA_XX.wav,2830,214,327,0.0769,18.92,38.06,6140715,FEA (Fear)
1026_TIE_ANG_XX.wav,1507,175,336,0.0935,45.28,30.87,2361364,ANG (Angry)
1026_TSI_FEA_XX.wav,1211,198,344,0.1624,28.26,37.53,695628,FEA (Fear)
1026_TAI_SAD_XX.wav,335,165,241,0.0575,32.19,18.87,7200,SAD (Sadness)
1026_TSI_ANG_XX.wav,3995,208,310,0.1569,22.7,42.9,7753978,ANG (Angry)
1026_TSI_HAP_XX.wav,1664,219,338,0.1535,36.4,32.93,1227608,HAP (Happy)
1026_TSI_DIS_XX.wav,650,209,330,0.1627,31.49,30.69,173707,DIS (Disgust)
1026_TIE_NEU_XX.wav,416,161,271,0.0575,41.97,23.87,35582,NEU (Neutral)
1026_TIE_HAP_XX.wav,1071,169,310,0.0692,32.66,27.95,481145,HAP (Happy)
1026_TSI_SAD_XX.wav,314,173,323,0.1216,39.9,24.21,19036,SAD (Sadness)
1026_WSI_FEA_XX.wav,861,203,331,0.0961,23.87,33.88,164625,FEA (Fear)
1026_TSI_NEU_XX.wav,492,183,341,0.1176,46.85,30.28,68132,NEU (Neutral)
1026_WSI_DIS_XX.wav,1982,217,340,0.1287,24.26,35.89,2089151,DIS (Disgust)
1026_WSI_NEU_XX.wav,671,175,326,0.103,42.25,28.23,101960,NEU (Neutral)
1027_DFA_HAP_XX.wav,1145,187,341,0.0755,22.47,32.47,670657,HAP (Happy)
1026_TIE_SAD_XX.wav,276,162,343,0.0494,37.56,23.81,4990,SAD (Sadness)
1026_WSI_SAD_XX.wav,330,166,340,0.0879,43.4,23.05,14569,SAD (Sadness)
1026_WSI_HAP_XX.wav,1620,182,343,0.1134,30.01,34.75,761236,HAP (Happy)
1027_DFA_FEA_XX.wav,727,180,337,0.0591,27.23,32.71,225803,FEA (Fear)
1026_WSI_ANG_XX.wav,4101,199,278,0.167,17.09,33.63,11779025,ANG (Angry)
1027_DFA_DIS_XX.wav,311,177,241,0.0561,42.07,24.55,18040,DIS (Disgust)
1027_DFA_ANG_XX.wav,5813,222,330,0.1001,17.02,34.93,23828464,ANG (Angry)
1027_DFA_NEU_XX.wav,443,162,341,0.0618,40.27,23.86,38942,NEU (Neutral)
1027_IEO_ANG_MD.wav,2724,215,263,0.0797,22.54,36.61,4402095,ANG (Angry)
1027_IEO_ANG_LO.wav,406,172,327,0.058,36.33,27.82,34974,ANG (Angry)
1027_IEO_DIS_LO.wav,387,184,323,0.0677,37.1,21.91,29935,DIS (Disgust)
1027_IEO_ANG_HI.wav,5378,262,316,0.1169,15.3,27.7,28468064,ANG (Angry)
1027_IEO_FEA_LO.wav,233,180,342,0.0541,38.38,21.6,3445,FEA (Fear)
1027_IEO_HAP_LO.wav,238,170,343,0.0558,49.83,21.22,3854,HAP (Happy)
1027_IEO_FEA_HI.wav,1949,193,342,0.0864,31.62,36.97,3123349,FEA (Fear)
1027_IEO_FEA_MD.wav,308,184,325,0.0604,36.81,26.92,17630,FEA (Fear)
1027_DFA_SAD_XX.wav,260,175,303,0.0565,36.2,23.34,7770,SAD (Sadness)
1027_IEO_HAP_HI.wav,851,258,327,0.0648,19.05,24.54,428914,HAP (Happy)
1027_IEO_HAP_MD.wav,681,189,341,0.0693,44.36,35.33,139437,HAP (Happy)
1027_IEO_NEU_XX.wav,315,185,344,0.0603,40.48,27.43,17648,NEU (Neutral)
1027_IEO_DIS_HI.wav,1119,189,315,0.0986,29.65,29.23,783124,DIS (Disgust)
1027_IEO_DIS_MD.wav,2284,201,342,0.0983,33.19,30.14,4386006,DIS (Disgust)
1027_IEO_SAD_HI.wav,264,178,249,0.0561,33.52,21.34,5695,SAD (Sadness)
1027_IEO_SAD_LO.wav,213,173,238,0.0502,41.02,20.78,1602,SAD (Sadness)
1027_IEO_SAD_MD.wav,227,183,344,0.0644,37.47,24.36,4115,SAD (Sadness)
1027_IOM_FEA_XX.wav,826,175,297,0.0568,37.91,23.28,132893,FEA (Fear)
1027_IOM_SAD_XX.wav,392,176,236,0.0532,34.84,17.53,20144,SAD (Sadness)
1027_IOM_NEU_XX.wav,581,155,283,0.0472,36.56,18.83,40213,NEU (Neutral)
1027_ITH_HAP_XX.wav,628,190,272,0.0646,30.23,31.42,152239,HAP (Happy)
1027_IOM_DIS_XX.wav,803,174,291,0.0657,29.76,21.8,217102,DIS (Disgust)
1027_ITH_ANG_XX.wav,3491,199,314,0.0948,27.62,33.47,7354108,ANG (Angry)
1027_IOM_HAP_XX.wav,1092,189,321,0.0618,24.51,27.01,446131,HAP (Happy)
1027_ITH_SAD_XX.wav,285,167,280,0.0549,42.98,22.85,10685,SAD (Sadness)
1027_ITS_ANG_XX.wav,2590,188,323,0.1113,23.94,31.67,2758402,ANG (Angry)
1027_IOM_ANG_XX.wav,2872,202,345,0.1009,25.04,22.63,6488297,ANG (Angry)
1027_ITH_NEU_XX.wav,476,160,307,0.059,38.64,25.35,54572,NEU (Neutral)
1027_ITH_FEA_XX.wav,396,172,250,0.0625,33.9,27.38,35573,FEA (Fear)
1027_ITS_DIS_XX.wav,267,187,344,0.071,36.89,24.31,5271,DIS (Disgust)
1027_ITH_DIS_XX.wav,281,184,344,0.0518,38.94,21.61,6521,DIS (Disgust)
1027_ITS_NEU_XX.wav,512,174,261,0.0788,37.64,29.51,25668,NEU (Neutral)
1027_ITS_FEA_XX.wav,413,186,332,0.0831,31.3,23.89,18095,FEA (Fear)
1027_ITS_HAP_XX.wav,508,195,276,0.0791,27.87,36.65,39439,HAP (Happy)
1027_ITS_SAD_XX.wav,275,171,260,0.0619,31.44,18.56,4149,SAD (Sadness)
1027_IWL_DIS_XX.wav,363,172,251,0.0529,36.39,20.05,12516,DIS (Disgust)
1027_IWL_HAP_XX.wav,584,186,336,0.0627,33.05,22.76,89011,HAP (Happy)
1027_IWL_FEA_XX.wav,463,174,343,0.0506,31.04,20.35,28648,FEA (Fear)
1027_IWW_ANG_XX.wav,1947,203,273,0.092,24.93,32.82,1383979,ANG (Angry)
1027_IWW_FEA_XX.wav,427,176,221,0.0745,26.81,22.49,25702,FEA (Fear)
1027_IWW_NEU_XX.wav,413,166,252,0.0636,37.14,25.31,24174,NEU (Neutral)
1027_IWL_SAD_XX.wav,335,181,212,0.0498,31.77,24.61,6274,SAD (Sadness)
1027_MTI_ANG_XX.wav,5544,207,328,0.0761,20.18,23.07,10593602,ANG (Angry)
1027_IWL_ANG_XX.wav,5381,204,320,0.1018,14.43,25.4,18426881,ANG (Angry)
1027_IWW_SAD_XX.wav,274,171,241,0.0617,39.31,25.55,4097,SAD (Sadness)
1027_IWW_HAP_XX.wav,624,203,333,0.064,30.59,29.32,72185,HAP (Happy)
1027_MTI_HAP_XX.wav,823,207,345,0.0546,21.9,24.68,116257,HAP (Happy)
1027_IWL_NEU_XX.wav,572,169,218,0.0532,32.86,24.59,54544,NEU (Neutral)
1027_IWW_DIS_XX.wav,320,176,331,0.0593,32.96,22.08,9949,DIS (Disgust)
1027_MTI_FEA_XX.wav,449,176,245,0.0521,28.6,24.77,28553,FEA (Fear)
1027_MTI_DIS_XX.wav,400,175,232,0.0504,39.84,18.58,23537,DIS (Disgust)
1027_MTI_SAD_XX.wav,386,174,261,0.0466,27.97,21.53,14777,SAD (Sadness)
1027_MTI_NEU_XX.wav,746,172,325,0.0557,30.58,25.12,64539,NEU (Neutral)
1027_TAI_DIS_XX.wav,402,171,218,0.0611,35.03,22.35,15829,DIS (Disgust)
1027_TAI_FEA_XX.wav,1957,212,341,0.0703,17.51,24.74,1033062,FEA (Fear)
1027_TAI_HAP_XX.wav,1075,200,290,0.0674,24.71,26.66,299866,HAP (Happy)
1027_TAI_SAD_XX.wav,299,172,253,0.0581,40.08,23.26,4932,SAD (Sadness)
1027_TAI_NEU_XX.wav,603,178,275,0.0609,32.23,23.22,49095,NEU (Neutral)
1027_TIE_NEU_XX.wav,387,184,323,0.0602,35.24,23.53,31324,NEU (Neutral)
1027_TIE_FEA_XX.wav,363,171,260,0.0555,33.26,29.45,25066,FEA (Fear)
1027_TAI_ANG_XX.wav,6379,231,323,0.0825,15.93,26.13,16852017,ANG (Angry)
1027_TIE_SAD_XX.wav,296,180,289,0.0573,35.33,20.51,7254,SAD (Sadness)
1027_TIE_HAP_XX.wav,241,180,343,0.06,43.57,21.32,5349,HAP (Happy)
1027_TIE_ANG_XX.wav,3179,209,342,0.0769,25.81,29.72,9211893,ANG (Angry)
1027_TSI_HAP_XX.wav,1208,203,327,0.2054,27.81,31.32,628792,HAP (Happy)
1027_TSI_ANG_XX.wav,2944,213,345,0.189,24.85,34.63,7394024,ANG (Angry)
1027_TSI_DIS_XX.wav,350,185,345,0.1576,34.44,22.37,38618,DIS (Disgust)
1027_TSI_FEA_XX.wav,371,179,336,0.1304,33.66,25.41,39703,FEA (Fear)
1027_TIE_DIS_XX.wav,645,187,340,0.064,41.46,30.41,296506,DIS (Disgust)
1027_WSI_DIS_XX.wav,909,179,288,0.0935,31.68,35.87,486446,DIS (Disgust)
1027_WSI_HAP_XX.wav,1320,200,255,0.0956,22.18,32.7,523439,HAP (Happy)
1027_TSI_NEU_XX.wav,335,177,345,0.1301,35.06,25.83,21686,NEU (Neutral)
1027_WSI_NEU_XX.wav,450,163,259,0.0765,39.14,26.33,27025,NEU (Neutral)
1028_DFA_ANG_XX.wav,1583,213,274,0.1109,23.6,47.21,1714963,ANG (Angry)
1027_TSI_SAD_XX.wav,246,188,321,0.1161,31.63,21.54,8703,SAD (Sadness)
1027_WSI_FEA_XX.wav,481,182,254,0.0758,25.35,32.71,39319,FEA (Fear)
1027_WSI_SAD_XX.wav,284,166,259,0.0616,36.78,22.4,5724,SAD (Sadness)
1028_DFA_HAP_XX.wav,782,235,341,0.0799,18.71,33.48,222084,HAP (Happy)
1028_DFA_FEA_XX.wav,362,220,332,0.0668,26.57,33.45,19519,FEA (Fear)
1027_WSI_ANG_XX.wav,3383,210,344,0.1443,17.97,33.12,8979327,ANG (Angry)
1028_DFA_NEU_XX.wav,373,176,302,0.0694,29.42,27.91,25168,NEU (Neutral)
1028_IEO_DIS_LO.wav,269,197,299,0.0497,33.57,22.84,3727,DIS (Disgust)
1028_IEO_ANG_LO.wav,889,236,331,0.0804,26.04,31.6,481308,ANG (Angry)
1028_DFA_DIS_XX.wav,458,179,338,0.0787,30.05,28.15,56434,DIS (Disgust)
1028_DFA_SAD_XX.wav,368,223,332,0.0559,21.2,32.88,22130,SAD (Sadness)
1028_IEO_ANG_MD.wav,647,205,340,0.0727,19.49,28.81,179589,ANG (Angry)
1028_IEO_FEA_HI.wav,1299,271,324,0.0906,17.06,29.81,1006622,FEA (Fear)
1028_IEO_ANG_HI.wav,3338,238,327,0.1242,24.73,38.05,13239634,ANG (Angry)
1028_IEO_DIS_MD.wav,572,214,342,0.0748,29.73,39.09,84355,DIS (Disgust)
1028_IEO_DIS_HI.wav,909,225,336,0.0708,22.69,41.05,385698,DIS (Disgust)
1028_IEO_FEA_LO.wav,259,189,341,0.0582,25.31,22.58,5004,FEA (Fear)
1028_IEO_HAP_HI.wav,538,196,344,0.0852,20.52,31.46,87267,HAP (Happy)
1028_IEO_HAP_LO.wav,598,240,328,0.0674,31.82,29.11,123293,HAP (Happy)
1028_IEO_SAD_LO.wav,228,176,225,0.0459,42.43,21.5,1771,SAD (Sadness)
1028_IEO_HAP_MD.wav,531,221,341,0.0631,34.93,28.6,104934,HAP (Happy)
1028_IEO_FEA_MD.wav,228,188,289,0.0521,34.76,20.57,2268,FEA (Fear)
1028_IEO_NEU_XX.wav,324,176,240,0.0587,28.42,30.47,11843,NEU (Neutral)
1028_IEO_SAD_HI.wav,238,181,330,0.0509,36.57,25.58,4542,SAD (Sadness)
1028_IOM_DIS_XX.wav,729,217,317,0.0715,12.71,28.74,188330,DIS (Disgust)
1028_IOM_NEU_XX.wav,564,188,342,0.0662,23.11,23.14,67926,NEU (Neutral)
1028_IEO_SAD_MD.wav,225,184,331,0.0511,39.61,24.46,3091,SAD (Sadness)
1028_IOM_HAP_XX.wav,1253,270,323,0.0752,10.85,29.31,682002,HAP (Happy)
1028_IOM_ANG_XX.wav,2642,229,325,0.088,12.86,33.13,5219123,ANG (Angry)
1028_IOM_FEA_XX.wav,992,241,336,0.0695,19.25,36.12,197495,FEA (Fear)
1028_IOM_SAD_XX.wav,552,237,342,0.0614,18.42,30.69,84870,SAD (Sadness)
1028_ITH_ANG_XX.wav,1532,223,342,0.0945,25.04,40.01,2709606,ANG (Angry)
1028_ITH_HAP_XX.wav,510,242,326,0.0755,22.03,30.4,56150,HAP (Happy)
1028_ITH_DIS_XX.wav,315,183,293,0.059,37.26,21.39,9763,DIS (Disgust)
1028_ITS_ANG_XX.wav,1008,215,333,0.1143,23.38,30.31,1149493,ANG (Angry)
1028_ITH_NEU_XX.wav,302,179,345,0.0553,30.34,20.89,8586,NEU (Neutral)
1028_ITH_FEA_XX.wav,401,238,325,0.0503,20.9,31.12,14208,FEA (Fear)
1028_ITS_FEA_XX.wav,508,237,337,0.0739,25.68,30.72,24365,FEA (Fear)
1028_ITH_SAD_XX.wav,486,234,339,0.061,19.88,36.84,64262,SAD (Sadness)
1028_ITS_NEU_XX.wav,371,183,243,0.0677,29.89,24.27,13495,NEU (Neutral)
1028_IWL_ANG_XX.wav,1872,224,340,0.0838,16.37,28.68,1977831,ANG (Angry)
1028_ITS_HAP_XX.wav,843,223,341,0.0966,21.01,28.32,165415,HAP (Happy)
1028_ITS_SAD_XX.wav,327,204,333,0.057,29.6,29.36,7761,SAD (Sadness)
1028_IWL_DIS_XX.wav,423,183,345,0.056,32.48,20.54,20090,DIS (Disgust)
1028_ITS_DIS_XX.wav,358,189,326,0.0759,30.28,20.72,15568,DIS (Disgust)
1028_IWL_HAP_XX.wav,804,257,343,0.0665,19.04,28.9,86904,HAP (Happy)
1028_IWL_FEA_XX.wav,410,258,342,0.051,22.44,24.11,15824,FEA (Fear)
1028_IWL_NEU_XX.wav,399,172,345,0.0552,23.1,21.24,21148,NEU (Neutral)
1028_IWW_ANG_XX.wav,1389,213,340,0.083,30.84,34.46,2153034,ANG (Angry)
1028_IWW_FEA_XX.wav,690,246,343,0.0618,20.88,28.33,82953,FEA (Fear)
1028_IWW_HAP_XX.wav,846,238,342,0.0685,22.79,31.51,194520,HAP (Happy)
1028_IWL_SAD_XX.wav,357,221,343,0.0503,28.59,24.25,12824,SAD (Sadness)
1028_IWW_DIS_XX.wav,536,183,327,0.065,28.13,25.59,45195,DIS (Disgust)
1028_MTI_ANG_XX.wav,2647,231,334,0.0745,17.91,27.02,4483563,ANG (Angry)
1028_IWW_NEU_XX.wav,390,189,344,0.0635,24.71,29.38,23015,NEU (Neutral)
1028_IWW_SAD_XX.wav,461,226,330,0.0643,26.45,30.74,51108,SAD (Sadness)
1028_MTI_HAP_XX.wav,1044,272,331,0.0633,18.53,26.83,210900,HAP (Happy)
1028_MTI_FEA_XX.wav,618,250,336,0.0493,18.25,23.15,38160,FEA (Fear)
1028_MTI_NEU_XX.wav,413,189,344,0.058,22.35,23.19,18048,NEU (Neutral)
1028_TAI_ANG_XX.wav,2820,246,331,0.0979,20.35,37.51,5598125,ANG (Angry)
1028_MTI_DIS_XX.wav,403,181,330,0.0574,29.46,18.65,25681,DIS (Disgust)
1028_TAI_DIS_XX.wav,382,180,331,0.0641,36.26,23.57,13867,DIS (Disgust)
1028_TAI_FEA_XX.wav,644,245,345,0.0553,16.21,30.27,43992,FEA (Fear)
1028_MTI_SAD_XX.wav,457,219,342,0.0534,29.68,24.55,35787,SAD (Sadness)
1028_TAI_HAP_XX.wav,1885,268,336,0.0946,20.74,32.45,1057224,HAP (Happy)
1028_TAI_NEU_XX.wav,438,192,308,0.0637,28.41,25.48,31780,NEU (Neutral)
1028_TIE_HAP_XX.wav,385,233,331,0.052,22.64,25.62,13783,HAP (Happy)
1028_TIE_ANG_XX.wav,1373,219,335,0.0869,18.89,39.68,2902301,ANG (Angry)
1028_TIE_DIS_XX.wav,317,188,347,0.0536,29.15,21.04,14072,DIS (Disgust)
1028_TAI_SAD_XX.wav,415,222,326,0.0566,29.02,27.87,24223,SAD (Sadness)
1028_TSI_ANG_XX.wav,1316,249,330,0.2149,22.33,44.08,1648955,ANG (Angry)
1028_TIE_FEA_XX.wav,502,233,329,0.0583,23.34,27.43,71009,FEA (Fear)
1028_TIE_NEU_XX.wav,303,183,340,0.056,27.7,22.7,7985,NEU (Neutral)
1028_TSI_FEA_XX.wav,360,233,330,0.0913,28.37,27.68,12522,FEA (Fear)
1028_TSI_DIS_XX.wav,294,176,339,0.1154,41.7,21.47,10166,DIS (Disgust)
1028_TSI_HAP_XX.wav,766,230,334,0.1249,21.72,35.18,147549,HAP (Happy)
1028_TIE_SAD_XX.wav,313,185,342,0.0558,30.79,24.86,24652,SAD (Sadness)
1028_TSI_NEU_XX.wav,376,190,284,0.1086,29.25,28.96,26588,NEU (Neutral)
1028_TSI_SAD_XX.wav,349,205,276,0.071,30.0,29.7,14748,SAD (Sadness)
1028_WSI_NEU_XX.wav,434,189,317,0.0738,26.62,23.54,35910,NEU (Neutral)
1028_WSI_DIS_XX.wav,437,180,223,0.0735,26.8,24.65,28356,DIS (Disgust)
1028_WSI_ANG_XX.wav,1469,223,340,0.1163,25.04,34.89,1190683,ANG (Angry)
1029_DFA_ANG_XX.wav,1830,231,340,0.1227,21.96,32.47,2950416,ANG (Angry)
1029_DFA_DIS_XX.wav,1363,227,305,0.1018,26.85,31.66,1199859,DIS (Disgust)
1028_WSI_HAP_XX.wav,809,237,340,0.0815,13.72,29.46,109173,HAP (Happy)
1029_DFA_SAD_XX.wav,453,263,341,0.0706,18.18,39.1,39538,SAD (Sadness)
1029_DFA_HAP_XX.wav,889,233,316,0.114,21.51,36.68,526550,HAP (Happy)
1029_DFA_FEA_XX.wav,2528,260,339,0.1469,28.25,36.01,7982457,FEA (Fear)
1028_WSI_FEA_XX.wav,426,249,345,0.0691,31.23,29.64,20497,FEA (Fear)
1028_WSI_SAD_XX.wav,413,201,332,0.0617,26.56,31.02,36100,SAD (Sadness)
1029_DFA_NEU_XX.wav,660,216,345,0.0723,26.22,34.79,182257,NEU (Neutral)
1029_IEO_ANG_MD.wav,2317,263,318,0.1051,19.05,33.1,5242904,ANG (Angry)
1029_IEO_ANG_LO.wav,848,208,209,0.0888,14.61,30.83,403746,ANG (Angry)
1029_IEO_ANG_HI.wav,5432,244,342,0.1399,29.14,30.71,42560892,ANG (Angry)
1029_IEO_DIS_HI.wav,1865,255,338,0.1218,29.11,29.76,4460948,DIS (Disgust)
1029_IEO_DIS_MD.wav,742,234,280,0.0783,16.97,30.73,125722,DIS (Disgust)
1029_IEO_FEA_MD.wav,298,206,343,0.0624,36.97,33.19,11871,FEA (Fear)
1029_IEO_FEA_LO.wav,287,215,251,0.0613,23.51,24.75,7826,FEA (Fear)
1029_IEO_FEA_HI.wav,3164,234,344,0.1028,29.56,44.1,9815533,FEA (Fear)
1029_IEO_HAP_LO.wav,673,204,336,0.0932,24.16,29.91,199359,HAP (Happy)
1029_IEO_DIS_LO.wav,321,194,344,0.0682,35.19,24.42,21308,DIS (Disgust)
1029_IEO_HAP_HI.wav,3504,224,325,0.144,28.69,35.98,22755208,HAP (Happy)
1029_IEO_HAP_MD.wav,988,225,312,0.1157,24.28,37.06,947957,HAP (Happy)
1029_IOM_ANG_XX.wav,2602,272,326,0.0865,11.39,27.67,4599761,ANG (Angry)
1029_IEO_SAD_LO.wav,215,193,342,0.0559,34.1,21.61,3722,SAD (Sadness)
1029_IOM_FEA_XX.wav,1698,282,302,0.0576,12.47,38.14,338538,FEA (Fear)
1029_IOM_NEU_XX.wav,594,200,323,0.066,25.94,26.02,64008,NEU (Neutral)
1029_IOM_DIS_XX.wav,477,212,333,0.06,27.2,27.16,31785,DIS (Disgust)
1029_IEO_NEU_XX.wav,270,202,341,0.0685,34.27,25.78,19347,NEU (Neutral)
1029_IEO_SAD_MD.wav,229,207,339,0.0646,34.74,27.31,5899,SAD (Sadness)
1029_IEO_SAD_HI.wav,1986,254,333,0.0975,21.75,30.61,5920022,SAD (Sadness)
1029_IOM_HAP_XX.wav,746,220,328,0.0765,26.69,27.44,169873,HAP (Happy)
1029_IOM_SAD_XX.wav,294,203,325,0.0597,26.65,23.13,10933,SAD (Sadness)
1029_ITH_DIS_XX.wav,1852,235,336,0.0986,20.71,32.83,2544336,DIS (Disgust)
1029_ITH_FEA_XX.wav,1949,280,339,0.1039,15.44,42.47,2877871,FEA (Fear)
1029_ITH_ANG_XX.wav,1955,245,312,0.1113,21.0,37.78,6477803,ANG (Angry)
1029_ITH_NEU_XX.wav,522,217,328,0.0765,24.35,30.67,92896,NEU (Neutral)
1029_ITS_ANG_XX.wav,1316,233,322,0.1327,20.91,33.3,1223886,ANG (Angry)
1029_ITS_NEU_XX.wav,558,194,330,0.0998,23.86,36.25,135172,NEU (Neutral)
1029_ITS_FEA_XX.wav,2693,269,320,0.1534,22.29,32.47,5779862,FEA (Fear)
1029_ITH_HAP_XX.wav,858,250,330,0.1103,20.24,34.35,314329,HAP (Happy)
1029_ITS_HAP_XX.wav,815,214,333,0.1116,25.89,40.04,299055,HAP (Happy)
1029_ITS_DIS_XX.wav,1391,235,314,0.1187,17.82,31.19,1369492,DIS (Disgust)
1029_ITH_SAD_XX.wav,443,226,284,0.0721,26.76,30.17,42537,SAD (Sadness)
1029_IWL_DIS_XX.wav,1797,231,338,0.091,21.7,26.89,1632212,DIS (Disgust)
1029_IWL_ANG_XX.wav,4341,253,324,0.0883,16.41,27.39,9818375,ANG (Angry)
1029_ITS_SAD_XX.wav,384,216,337,0.0972,29.87,28.71,20636,SAD (Sadness)
1029_IWL_FEA_XX.wav,2784,257,339,0.1231,22.4,29.99,4002452,FEA (Fear)
1029_IWL_NEU_XX.wav,605,200,328,0.0731,26.11,22.82,122102,NEU (Neutral)
1029_IWL_SAD_XX.wav,360,205,341,0.0583,23.08,18.77,14873,SAD (Sadness)
1029_IWW_ANG_XX.wav,1228,223,333,0.0967,27.93,36.3,521477,ANG (Angry)
1029_IWW_FEA_XX.wav,600,231,321,0.0851,23.45,32.08,64597,FEA (Fear)
1029_IWW_DIS_XX.wav,647,204,324,0.0728,31.93,27.33,120398,DIS (Disgust)
1029_IWL_HAP_XX.wav,1505,223,343,0.0938,21.97,27.88,963911,HAP (Happy)
1029_IWW_HAP_XX.wav,582,224,339,0.0841,23.72,34.33,65526,HAP (Happy)
1029_IWW_NEU_XX.wav,441,207,333,0.0767,34.07,29.95,37791,NEU (Neutral)
1029_IWW_SAD_XX.wav,472,198,272,0.0628,25.37,27.62,32490,SAD (Sadness)
1029_MTI_DIS_XX.wav,1346,221,338,0.0817,25.7,28.52,582093,DIS (Disgust)
1029_MTI_NEU_XX.wav,655,211,319,0.0767,26.24,28.74,70153,NEU (Neutral)
1029_MTI_ANG_XX.wav,3405,253,339,0.1004,21.96,29.16,8778785,ANG (Angry)
1029_MTI_HAP_XX.wav,1481,242,345,0.077,24.68,31.97,800675,HAP (Happy)
1029_TAI_NEU_XX.wav,465,209,319,0.0776,23.17,32.46,41477,NEU (Neutral)
1029_MTI_FEA_XX.wav,2127,223,340,0.1094,27.14,32.61,4566102,FEA (Fear)
1029_TAI_DIS_XX.wav,854,220,286,0.095,22.24,32.92,155764,DIS (Disgust)
1029_TAI_ANG_XX.wav,3152,269,321,0.1202,13.08,30.73,8352080,ANG (Angry)
1029_MTI_SAD_XX.wav,878,269,333,0.0744,15.13,27.74,169592,SAD (Sadness)
1029_TAI_SAD_XX.wav,716,247,334,0.0755,17.11,26.49,51945,SAD (Sadness)
1029_TAI_HAP_XX.wav,1391,234,287,0.0953,16.29,31.14,1252826,HAP (Happy)
1029_TAI_FEA_XX.wav,761,244,339,0.0887,25.89,32.64,116035,FEA (Fear)
1029_TIE_DIS_XX.wav,608,203,298,0.0704,25.83,29.04,293819,DIS (Disgust)
1029_TIE_ANG_XX.wav,2334,246,343,0.0986,22.51,37.17,11794397,ANG (Angry)
1029_TIE_FEA_XX.wav,980,231,338,0.0715,22.87,33.12,249635,FEA (Fear)
1029_TSI_DIS_XX.wav,816,225,327,0.2013,25.12,30.36,617672,DIS (Disgust)
1029_TSI_FEA_XX.wav,1412,255,322,0.1844,20.33,34.62,1298379,FEA (Fear)
1029_TIE_HAP_XX.wav,651,222,339,0.0628,22.71,31.21,201556,HAP (Happy)
1029_TSI_HAP_XX.wav,806,246,341,0.1694,22.19,33.64,345699,HAP (Happy)
1029_TSI_NEU_XX.wav,556,209,320,0.214,27.07,33.09,98896,NEU (Neutral)
1029_TIE_NEU_XX.wav,389,185,333,0.0653,26.33,29.55,54529,NEU (Neutral)
1029_TIE_SAD_XX.wav,269,204,343,0.0547,25.44,26.8,6475,SAD (Sadness)
1029_TSI_ANG_XX.wav,1242,252,318,0.2088,19.57,33.99,2340576,ANG (Angry)
1029_TSI_SAD_XX.wav,351,253,313,0.1354,26.65,33.02,15479,SAD (Sadness)
1029_WSI_DIS_XX.wav,2004,253,337,0.177,17.17,33.77,4753100,DIS (Disgust)
1029_WSI_ANG_XX.wav,2542,269,319,0.1975,15.78,33.87,10731935,ANG (Angry)
1029_WSI_FEA_XX.wav,2370,227,264,0.1629,21.55,39.59,7738209,FEA (Fear)
1030_DFA_ANG_XX.wav,2248,203,299,0.1104,20.99,28.62,5970635,ANG (Angry)
1029_WSI_HAP_XX.wav,1073,235,315,0.1364,20.13,35.08,576361,HAP (Happy)
1029_WSI_NEU_XX.wav,543,220,340,0.1224,22.38,30.91,105216,NEU (Neutral)
1030_DFA_DIS_XX.wav,304,190,341,0.0668,41.04,23.18,23218,DIS (Disgust)
1029_WSI_SAD_XX.wav,385,246,320,0.128,26.25,32.27,22778,SAD (Sadness)
1030_DFA_NEU_XX.wav,290,176,344,0.067,41.28,25.4,15899,NEU (Neutral)
1030_DFA_HAP_XX.wav,1222,207,322,0.0804,26.09,32.21,873808,HAP (Happy)
1030_DFA_FEA_XX.wav,630,185,339,0.0671,29.91,31.88,144739,FEA (Fear)
1030_IEO_ANG_LO.wav,750,194,326,0.0826,25.91,26.67,212669,ANG (Angry)
1030_IEO_DIS_LO.wav,303,169,315,0.0635,45.26,22.36,20648,DIS (Disgust)
1030_IEO_DIS_HI.wav,1003,207,325,0.0798,25.43,32.71,619998,DIS (Disgust)
1030_IEO_ANG_HI.wav,6044,281,320,0.1218,21.87,28.93,24328970,ANG (Angry)
1030_DFA_SAD_XX.wav,268,164,344,0.0648,44.03,26.27,10144,SAD (Sadness)
1030_IEO_FEA_LO.wav,243,177,300,0.0602,28.98,21.08,5112,FEA (Fear)
1030_IEO_DIS_MD.wav,663,193,342,0.0797,33.64,27.8,199735,DIS (Disgust)
1030_IEO_ANG_MD.wav,1333,207,339,0.0925,24.47,31.22,912264,ANG (Angry)
1030_IEO_FEA_HI.wav,949,236,315,0.1107,21.94,35.5,249985,FEA (Fear)
1030_IEO_HAP_HI.wav,3237,256,334,0.1199,17.71,32.86,9904654,HAP (Happy)
1030_IEO_HAP_LO.wav,336,193,329,0.0614,35.93,28.26,19494,HAP (Happy)
1030_IEO_FEA_MD.wav,236,173,288,0.0608,31.85,20.49,4927,FEA (Fear)
1030_IEO_HAP_MD.wav,846,201,342,0.0843,40.11,27.55,381398,HAP (Happy)
1030_IEO_NEU_XX.wav,352,180,337,0.0658,38.68,27.88,21485,NEU (Neutral)
1030_IEO_SAD_MD.wav,280,170,343,0.0557,37.32,20.42,8341,SAD (Sadness)
1030_IEO_SAD_LO.wav,189,176,338,0.0545,51.2,21.59,1926,SAD (Sadness)
1030_IOM_HAP_XX.wav,539,181,338,0.0617,33.54,26.42,44962,HAP (Happy)
1030_IEO_SAD_HI.wav,282,181,332,0.059,36.0,21.94,10397,SAD (Sadness)
1030_IOM_ANG_XX.wav,1118,200,332,0.0717,31.51,28.49,556345,ANG (Angry)
1030_IOM_FEA_XX.wav,342,178,340,0.0507,37.45,21.18,10843,FEA (Fear)
1030_IOM_NEU_XX.wav,398,183,344,0.0578,43.46,20.35,18486,NEU (Neutral)
1030_IOM_DIS_XX.wav,354,197,345,0.0591,40.79,22.34,13842,DIS (Disgust)
1030_ITH_FEA_XX.wav,1648,232,331,0.0911,20.87,30.33,1684196,FEA (Fear)
1030_ITH_ANG_XX.wav,2092,205,342,0.0924,24.5,32.73,3674956,ANG (Angry)
1030_ITH_HAP_XX.wav,1115,204,343,0.0884,28.62,34.23,792659,HAP (Happy)
1030_ITS_ANG_XX.wav,2222,223,331,0.1205,24.17,36.22,1881227,ANG (Angry)
1030_ITH_DIS_XX.wav,331,189,345,0.0688,37.21,24.83,44234,DIS (Disgust)
1030_ITS_NEU_XX.wav,395,178,343,0.0837,39.57,27.88,18184,NEU (Neutral)
1030_ITS_HAP_XX.wav,568,207,317,0.0807,23.85,35.72,52136,HAP (Happy)
1030_ITS_FEA_XX.wav,934,218,345,0.0991,24.81,39.96,155619,FEA (Fear)
1030_ITH_NEU_XX.wav,414,185,340,0.0716,34.93,27.32,39201,NEU (Neutral)
1030_ITS_DIS_XX.wav,408,183,339,0.0718,41.49,26.11,43534,DIS (Disgust)
1030_ITH_SAD_XX.wav,344,172,341,0.0652,34.91,26.83,20780,SAD (Sadness)
1030_IOM_SAD_XX.wav,295,168,342,0.0542,29.23,21.23,7804,SAD (Sadness)
1030_IWL_HAP_XX.wav,890,201,332,0.0805,34.31,25.7,260794,HAP (Happy)
1030_IWL_NEU_XX.wav,563,164,323,0.0619,30.54,24.22,67182,NEU (Neutral)
1030_IWL_DIS_XX.wav,435,190,339,0.0619,40.01,25.47,45283,DIS (Disgust)
1030_IWL_ANG_XX.wav,2533,232,322,0.0909,24.01,26.99,4056795,ANG (Angry)
1030_IWW_ANG_XX.wav,1322,196,336,0.0901,36.88,33.66,1033703,ANG (Angry)
1030_IWW_FEA_XX.wav,378,176,242,0.0654,32.84,25.17,21620,FEA (Fear)
1030_ITS_SAD_XX.wav,276,182,337,0.0657,37.28,26.94,6360,SAD (Sadness)
1030_IWW_NEU_XX.wav,440,187,334,0.0707,35.7,23.08,23226,NEU (Neutral)
1030_IWW_HAP_XX.wav,823,192,332,0.0753,35.99,27.4,334485,HAP (Happy)
1030_IWW_DIS_XX.wav,303,177,334,0.0583,44.88,23.57,9761,DIS (Disgust)
1030_IWL_FEA_XX.wav,2183,242,342,0.0783,16.54,24.02,2820400,FEA (Fear)
1030_MTI_ANG_XX.wav,2338,210,333,0.0824,27.38,28.33,1632145,ANG (Angry)
1030_MTI_DIS_XX.wav,377,185,344,0.0654,40.5,20.82,37076,DIS (Disgust)
1030_MTI_NEU_XX.wav,578,194,330,0.079,39.77,23.09,81927,NEU (Neutral)
1030_IWL_SAD_XX.wav,412,179,344,0.0536,34.34,19.39,16681,SAD (Sadness)
1030_MTI_HAP_XX.wav,720,206,339,0.0728,43.78,26.61,175376,HAP (Happy)
1030_MTI_FEA_XX.wav,1188,211,339,0.0788,22.16,28.59,412950,FEA (Fear)
1030_IWW_SAD_XX.wav,240,175,345,0.0563,37.71,19.25,4288,SAD (Sadness)
1030_TAI_ANG_XX.wav,2128,189,316,0.1059,28.63,27.22,2722068,ANG (Angry)
1030_TAI_FEA_XX.wav,1538,232,334,0.0943,21.99,27.51,833271,FEA (Fear)
1030_TAI_NEU_XX.wav,365,178,343,0.0764,42.67,20.58,23566,NEU (Neutral)
1030_TAI_HAP_XX.wav,763,190,328,0.0721,24.17,29.02,140925,HAP (Happy)
1030_TAI_DIS_XX.wav,653,191,345,0.083,37.74,26.49,175147,DIS (Disgust)
1030_TIE_HAP_XX.wav,432,177,321,0.0641,29.31,26.87,45459,HAP (Happy)
1030_TIE_DIS_XX.wav,575,175,341,0.0781,40.01,26.7,269208,DIS (Disgust)
1030_TIE_ANG_XX.wav,1423,203,326,0.0807,29.32,27.94,2348499,ANG (Angry)
1030_TSI_ANG_XX.wav,1424,214,334,0.1608,24.88,32.42,2614181,ANG (Angry)
1030_TIE_SAD_XX.wav,279,162,345,0.0565,35.7,22.96,8358,SAD (Sadness)
1030_TIE_FEA_XX.wav,1000,209,290,0.0648,21.84,33.62,331971,FEA (Fear)
1030_TAI_SAD_XX.wav,389,175,343,0.0672,37.11,26.23,31171,SAD (Sadness)
1030_MTI_SAD_XX.wav,240,171,346,0.0536,43.05,19.81,3331,SAD (Sadness)
1030_TSI_DIS_XX.wav,276,163,242,0.099,41.29,24.72,20734,DIS (Disgust)
1030_TSI_HAP_XX.wav,666,195,338,0.1239,33.92,42.02,515598,HAP (Happy)
1030_TSI_NEU_XX.wav,316,187,343,0.097,36.75,29.19,15132,NEU (Neutral)
1030_TIE_NEU_XX.wav,386,166,337,0.0663,40.94,24.9,60038,NEU (Neutral)
1030_TSI_FEA_XX.wav,524,198,341,0.1278,39.13,29.43,125955,FEA (Fear)
1030_TSI_SAD_XX.wav,249,166,342,0.0932,39.18,24.6,6963,SAD (Sadness)
1030_WSI_ANG_XX.wav,1939,208,345,0.1358,30.46,29.98,3268244,ANG (Angry)
1030_WSI_NEU_XX.wav,413,171,303,0.0822,38.21,33.05,47455,NEU (Neutral)
1031_DFA_ANG_XX.wav,533,171,328,0.0844,41.95,27.64,191181,ANG (Angry)
1031_DFA_DIS_XX.wav,442,172,338,0.0792,40.03,26.82,52332,DIS (Disgust)
1030_WSI_FEA_XX.wav,1142,217,336,0.1125,25.57,34.21,855186,FEA (Fear)
1030_WSI_DIS_XX.wav,787,197,342,0.1173,26.19,34.51,373781,DIS (Disgust)
1031_DFA_FEA_XX.wav,956,195,324,0.0715,34.1,34.06,316639,FEA (Fear)
1030_WSI_SAD_XX.wav,273,172,337,0.0753,35.66,23.96,9943,SAD (Sadness)
1030_WSI_HAP_XX.wav,1166,192,335,0.0924,27.38,31.95,592186,HAP (Happy)
1031_DFA_SAD_XX.wav,257,175,343,0.0583,38.24,23.36,6861,SAD (Sadness)
1031_DFA_HAP_XX.wav,315,170,339,0.0685,45.21,24.22,30499,HAP (Happy)
1031_IEO_ANG_LO.wav,665,193,323,0.0934,30.35,27.89,385283,ANG (Angry)
1031_DFA_NEU_XX.wav,306,186,334,0.0613,37.42,26.92,17276,NEU (Neutral)
1031_IEO_ANG_HI.wav,5368,248,335,0.1037,21.35,25.1,23416705,ANG (Angry)
1031_IEO_ANG_MD.wav,1675,230,341,0.0804,21.28,37.85,1197556,ANG (Angry)
1031_IEO_DIS_HI.wav,369,171,322,0.0699,34.99,22.57,26240,DIS (Disgust)
1031_IEO_FEA_HI.wav,4945,275,327,0.0999,17.71,34.67,15724421,FEA (Fear)
1031_IEO_DIS_LO.wav,274,182,340,0.0721,42.39,20.24,11914,DIS (Disgust)
1031_IEO_DIS_MD.wav,364,182,327,0.0774,37.13,26.07,37324,DIS (Disgust)
1031_IEO_HAP_MD.wav,410,182,317,0.0873,50.5,27.47,64375,HAP (Happy)
1031_IEO_HAP_HI.wav,719,188,340,0.0868,37.16,27.51,395565,HAP (Happy)
1031_IEO_SAD_HI.wav,260,168,297,0.0622,32.99,23.0,7118,SAD (Sadness)
1031_IEO_HAP_LO.wav,354,176,343,0.0729,41.45,22.72,32485,HAP (Happy)
1031_IEO_FEA_MD.wav,287,178,310,0.0658,34.93,24.91,11710,FEA (Fear)
1031_IEO_NEU_XX.wav,302,172,342,0.0625,42.66,24.04,15674,NEU (Neutral)
1031_IEO_FEA_LO.wav,287,186,341,0.0573,40.39,22.0,11402,FEA (Fear)
1031_IEO_SAD_LO.wav,213,174,332,0.0563,41.64,22.02,3628,SAD (Sadness)
1031_IEO_SAD_MD.wav,217,173,337,0.0559,43.3,20.85,3585,SAD (Sadness)
1031_IOM_ANG_XX.wav,661,181,334,0.0736,35.36,22.46,230245,ANG (Angry)
1031_IOM_FEA_XX.wav,513,182,341,0.0543,40.01,20.73,37564,FEA (Fear)
1031_IOM_DIS_XX.wav,375,167,340,0.059,44.21,24.05,19890,DIS (Disgust)
1031_IOM_HAP_XX.wav,359,170,338,0.0567,34.55,19.21,22928,HAP (Happy)
1031_IOM_SAD_XX.wav,354,148,337,0.0495,34.17,16.51,8539,SAD (Sadness)
1031_IOM_NEU_XX.wav,410,176,336,0.0683,39.26,18.68,46655,NEU (Neutral)
1031_ITH_ANG_XX.wav,504,180,340,0.0706,38.98,29.41,146773,ANG (Angry)
1031_ITH_NEU_XX.wav,383,185,341,0.0658,42.63,28.18,43994,NEU (Neutral)
1031_ITS_ANG_XX.wav,436,171,342,0.096,39.42,26.62,120693,ANG (Angry)
1031_ITH_HAP_XX.wav,338,180,345,0.0654,42.97,30.03,40469,HAP (Happy)
1031_ITH_DIS_XX.wav,368,192,331,0.0635,43.8,27.51,32873,DIS (Disgust)
1031_ITH_SAD_XX.wav,321,161,342,0.0589,38.81,23.99,14368,SAD (Sadness)
1031_ITH_FEA_XX.wav,296,165,344,0.0535,41.61,25.31,9204,FEA (Fear)
1031_ITS_NEU_XX.wav,329,172,340,0.0791,40.97,27.15,22158,NEU (Neutral)
1031_ITS_HAP_XX.wav,402,187,344,0.0779,38.68,32.16,60494,HAP (Happy)
1031_ITS_DIS_XX.wav,277,182,337,0.0799,41.5,21.54,11335,DIS (Disgust)
1031_ITS_FEA_XX.wav,426,179,327,0.0775,38.16,28.21,29312,FEA (Fear)
1031_ITS_SAD_XX.wav,303,161,336,0.0765,39.0,22.15,8565,SAD (Sadness)
1031_IWL_DIS_XX.wav,359,172,343,0.06,42.7,22.01,18772,DIS (Disgust)
1031_IWL_ANG_XX.wav,670,187,327,0.071,36.26,24.13,148663,ANG (Angry)
1031_IWL_FEA_XX.wav,435,163,345,0.0551,33.48,21.4,25571,FEA (Fear)
1031_IWL_HAP_XX.wav,418,182,334,0.0624,37.2,21.44,34910,HAP (Happy)
1031_IWL_SAD_XX.wav,374,157,338,0.0543,35.47,17.65,12470,SAD (Sadness)
1031_IWW_ANG_XX.wav,404,182,333,0.0801,35.45,25.26,61967,ANG (Angry)
1031_IWW_FEA_XX.wav,354,157,345,0.0571,39.16,24.75,11129,FEA (Fear)
1031_IWW_DIS_XX.wav,370,175,340,0.064,44.95,23.2,22603,DIS (Disgust)
1031_IWW_HAP_XX.wav,299,176,340,0.0609,42.44,26.12,10981,HAP (Happy)
1031_IWL_NEU_XX.wav,408,178,329,0.0573,36.08,20.9,28690,NEU (Neutral)
1031_IWW_NEU_XX.wav,348,179,342,0.0699,37.04,20.89,24834,NEU (Neutral)
1031_MTI_ANG_XX.wav,491,167,330,0.0653,39.03,21.35,61486,ANG (Angry)
1031_MTI_FEA_XX.wav,428,156,342,0.0563,30.47,18.02,24920,FEA (Fear)
1031_MTI_NEU_XX.wav,439,177,331,0.0642,37.87,24.62,42464,NEU (Neutral)
1031_IWW_SAD_XX.wav,322,183,326,0.0603,36.82,20.14,8166,SAD (Sadness)
1031_MTI_HAP_XX.wav,425,180,338,0.0617,43.67,21.76,31960,HAP (Happy)
1031_TAI_DIS_XX.wav,357,174,344,0.0699,36.46,23.23,26668,DIS (Disgust)
1031_TAI_ANG_XX.wav,610,202,330,0.0778,35.82,27.97,141581,ANG (Angry)
1031_MTI_SAD_XX.wav,389,165,346,0.0534,31.69,18.97,17695,SAD (Sadness)
1031_TAI_FEA_XX.wav,591,194,341,0.0651,33.69,31.09,65026,FEA (Fear)
1031_MTI_DIS_XX.wav,322,199,325,0.0584,39.11,18.55,12935,DIS (Disgust)
1031_TAI_HAP_XX.wav,455,181,343,0.0675,37.94,23.56,54285,HAP (Happy)
1031_TAI_NEU_XX.wav,457,177,340,0.068,41.8,26.5,40631,NEU (Neutral)
1031_TAI_SAD_XX.wav,342,171,332,0.0537,38.88,23.54,10488,SAD (Sadness)
1031_TIE_ANG_XX.wav,465,184,330,0.0702,37.5,27.19,133987,ANG (Angry)
1031_TSI_ANG_XX.wav,442,171,330,0.1379,36.14,28.98,67810,ANG (Angry)
1031_TIE_HAP_XX.wav,408,184,342,0.0633,39.72,25.0,42025,HAP (Happy)
1031_TIE_NEU_XX.wav,358,168,294,0.0655,30.99,25.69,27784,NEU (Neutral)
1031_TIE_FEA_XX.wav,404,182,328,0.0613,30.4,22.46,38616,FEA (Fear)
1031_TIE_DIS_XX.wav,279,171,341,0.0695,45.11,23.26,12515,DIS (Disgust)
1031_TIE_SAD_XX.wav,254,162,337,0.05,35.08,18.58,4181,SAD (Sadness)
1031_TSI_DIS_XX.wav,340,184,343,0.1336,46.44,25.64,36426,DIS (Disgust)
1031_TSI_HAP_XX.wav,540,197,335,0.1188,43.4,33.32,104408,HAP (Happy)
1031_TSI_FEA_XX.wav,433,204,331,0.1104,40.9,35.65,45471,FEA (Fear)
1031_TSI_NEU_XX.wav,276,185,343,0.0912,41.11,28.81,12873,NEU (Neutral)
1031_WSI_ANG_XX.wav,632,180,325,0.0956,34.11,33.26,230884,ANG (Angry)
1031_WSI_FEA_XX.wav,633,183,340,0.096,35.72,35.12,103995,FEA (Fear)
1031_TSI_SAD_XX.wav,298,159,325,0.103,40.59,28.12,17430,SAD (Sadness)
1031_WSI_DIS_XX.wav,419,177,328,0.0919,42.59,28.36,47486,DIS (Disgust)
1031_WSI_SAD_XX.wav,337,156,342,0.0842,43.04,25.5,24662,SAD (Sadness)
1031_WSI_NEU_XX.wav,412,176,340,0.0677,38.68,28.62,41609,NEU (Neutral)
1031_WSI_HAP_XX.wav,372,172,327,0.0893,41.14,25.76,37152,HAP (Happy)
1032_DFA_ANG_XX.wav,1065,184,341,0.079,46.46,32.03,388587,ANG (Angry)
1032_DFA_FEA_XX.wav,347,187,341,0.0685,41.75,26.19,17103,FEA (Fear)
1032_DFA_DIS_XX.wav,308,195,337,0.0722,46.68,24.86,19237,DIS (Disgust)
1032_DFA_HAP_XX.wav,546,193,336,0.0606,33.54,34.32,94794,HAP (Happy)
1032_DFA_SAD_XX.wav,297,174,335,0.0631,44.96,26.88,22609,SAD (Sadness)
1032_IEO_ANG_LO.wav,2049,208,348,0.0903,43.41,32.92,1628485,ANG (Angry)
1032_IEO_FEA_LO.wav,240,156,339,0.0696,37.62,25.44,5731,FEA (Fear)
1032_DFA_NEU_XX.wav,444,188,336,0.0614,40.05,29.29,36694,NEU (Neutral)
1032_IEO_FEA_MD.wav,371,179,338,0.093,42.12,27.95,25161,FEA (Fear)
1032_IEO_ANG_HI.wav,4307,248,327,0.1175,25.81,36.26,15916861,ANG (Angry)
1032_IEO_ANG_MD.wav,2538,207,344,0.1026,33.33,33.26,3714437,ANG (Angry)
1032_IEO_DIS_LO.wav,350,168,340,0.08,45.33,22.86,18745,DIS (Disgust)
1032_IEO_DIS_HI.wav,570,168,340,0.0915,47.38,23.5,95025,DIS (Disgust)
1032_IEO_DIS_MD.wav,326,172,339,0.0791,40.2,24.06,17378,DIS (Disgust)
1032_IEO_HAP_LO.wav,669,176,345,0.0692,43.66,26.77,111494,HAP (Happy)
1032_IEO_NEU_XX.wav,432,164,344,0.069,43.82,24.68,31706,NEU (Neutral)
1032_IEO_FEA_HI.wav,1888,223,339,0.0969,38.13,29.7,2420583,FEA (Fear)
1032_IEO_HAP_MD.wav,296,193,342,0.0701,43.92,26.16,12138,HAP (Happy)
1032_IEO_SAD_LO.wav,199,184,340,0.0625,52.82,23.03,2957,SAD (Sadness)
1032_IEO_SAD_MD.wav,215,186,340,0.0537,45.71,25.74,3517,SAD (Sadness)
1032_IEO_HAP_HI.wav,1242,192,336,0.0927,37.11,33.38,535304,HAP (Happy)
1032_IOM_ANG_XX.wav,1431,183,340,0.0665,33.14,27.13,596684,ANG (Angry)
1032_IEO_SAD_HI.wav,319,171,344,0.078,56.78,23.41,16699,SAD (Sadness)
1032_IOM_NEU_XX.wav,444,155,325,0.0576,36.88,19.62,30825,NEU (Neutral)
1032_IOM_FEA_XX.wav,332,159,301,0.0531,36.72,18.32,9455,FEA (Fear)
1032_IOM_SAD_XX.wav,368,168,325,0.0551,40.31,19.6,13207,SAD (Sadness)
1032_IOM_HAP_XX.wav,1248,191,337,0.0556,27.75,28.28,311431,HAP (Happy)
1032_ITH_ANG_XX.wav,1359,204,326,0.0772,43.4,40.02,773350,ANG (Angry)
1032_ITH_HAP_XX.wav,1174,207,343,0.0704,40.58,40.78,818031,HAP (Happy)
1032_ITH_DIS_XX.wav,240,185,344,0.0674,48.87,26.12,7951,DIS (Disgust)
1032_IOM_DIS_XX.wav,369,171,340,0.0552,43.18,21.18,15218,DIS (Disgust)
1032_ITH_FEA_XX.wav,379,182,340,0.0659,45.05,30.39,26481,FEA (Fear)
1032_ITH_NEU_XX.wav,821,179,340,0.0692,42.88,33.41,148058,NEU (Neutral)
1032_ITS_DIS_XX.wav,775,183,333,0.1222,38.16,32.79,110127,DIS (Disgust)
1032_ITH_SAD_XX.wav,398,172,341,0.0614,45.36,29.76,39265,SAD (Sadness)
1032_ITS_FEA_XX.wav,400,173,323,0.0908,36.94,27.08,23653,FEA (Fear)
1032_ITS_HAP_XX.wav,559,196,337,0.0894,39.39,32.8,87973,HAP (Happy)
1032_ITS_SAD_XX.wav,345,168,337,0.0813,42.55,27.58,12719,SAD (Sadness)
1032_IWL_HAP_XX.wav,1055,207,339,0.0641,33.65,25.97,414232,HAP (Happy)
1032_IWL_ANG_XX.wav,786,182,341,0.0619,39.61,24.53,154535,ANG (Angry)
1032_ITS_ANG_XX.wav,1044,204,345,0.1215,40.54,37.93,418350,ANG (Angry)
1032_ITS_NEU_XX.wav,584,169,340,0.0832,44.05,33.92,63403,NEU (Neutral)
1032_IWL_DIS_XX.wav,621,185,326,0.0619,36.33,25.29,96996,DIS (Disgust)
1032_IWL_SAD_XX.wav,682,172,340,0.0618,39.7,23.99,138860,SAD (Sadness)
1032_IWW_DIS_XX.wav,467,208,331,0.0663,38.7,28.94,42228,DIS (Disgust)
1032_IWW_FEA_XX.wav,249,170,343,0.0615,51.86,22.68,6258,FEA (Fear)
1032_IWW_ANG_XX.wav,1017,200,338,0.0728,30.21,30.16,302293,ANG (Angry)
1032_IWW_HAP_XX.wav,390,165,328,0.0791,40.56,25.6,27022,HAP (Happy)
1032_IWL_NEU_XX.wav,702,178,320,0.062,39.88,26.41,114344,NEU (Neutral)
1032_IWW_NEU_XX.wav,516,189,345,0.0642,44.04,21.75,37154,NEU (Neutral)
1032_IWL_FEA_XX.wav,444,194,342,0.0701,36.1,28.78,30126,FEA (Fear)
1032_IWW_SAD_XX.wav,244,166,342,0.0631,43.93,23.01,3785,SAD (Sadness)
1032_MTI_HAP_XX.wav,534,188,322,0.0581,30.92,24.17,37648,HAP (Happy)
1032_MTI_NEU_XX.wav,552,188,325,0.0561,39.3,23.9,41221,NEU (Neutral)
1032_MTI_FEA_XX.wav,249,170,331,0.0569,51.55,24.0,4050,FEA (Fear)
1032_MTI_SAD_XX.wav,312,172,340,0.0542,46.12,19.49,9458,SAD (Sadness)
1032_TAI_DIS_XX.wav,264,184,335,0.0747,39.02,22.14,7921,DIS (Disgust)
1032_TAI_ANG_XX.wav,625,194,340,0.0989,41.75,25.39,69950,ANG (Angry)
1032_TAI_HAP_XX.wav,607,184,341,0.0692,38.21,28.97,47856,HAP (Happy)
1032_MTI_ANG_XX.wav,378,192,337,0.0645,38.34,21.63,14669,ANG (Angry)
1032_MTI_DIS_XX.wav,355,188,335,0.0605,35.05,20.25,8930,DIS (Disgust)
1032_TAI_SAD_XX.wav,270,162,344,0.0639,45.79,20.57,6814,SAD (Sadness)
1032_TAI_NEU_XX.wav,396,174,338,0.0708,39.43,22.91,15547,NEU (Neutral)
1032_TIE_NEU_XX.wav,362,174,336,0.0648,42.87,26.7,24285,NEU (Neutral)
1032_TIE_ANG_XX.wav,787,182,344,0.09,43.94,34.59,592170,ANG (Angry)
1032_TIE_DIS_XX.wav,339,176,341,0.0775,43.03,29.86,29004,DIS (Disgust)
1032_TSI_ANG_XX.wav,1022,205,330,0.1462,42.69,40.4,323609,ANG (Angry)
1032_TAI_FEA_XX.wav,321,174,342,0.0755,46.61,25.71,13247,FEA (Fear)
1032_TIE_HAP_XX.wav,493,182,335,0.0669,43.5,28.52,94991,HAP (Happy)
1032_TSI_DIS_XX.wav,297,183,333,0.1584,42.53,26.52,18287,DIS (Disgust)
1032_TIE_SAD_XX.wav,261,169,341,0.0693,48.52,26.35,25261,SAD (Sadness)
1032_TIE_FEA_XX.wav,309,180,341,0.0704,37.82,26.13,22213,FEA (Fear)
1032_TSI_SAD_XX.wav,337,188,348,0.1188,43.01,26.6,16096,SAD (Sadness)
1032_TSI_NEU_XX.wav,416,188,345,0.125,43.77,33.48,32754,NEU (Neutral)
1032_WSI_ANG_XX.wav,1258,184,341,0.1165,41.32,34.46,779606,ANG (Angry)
1032_WSI_FEA_XX.wav,422,172,321,0.0745,44.78,28.65,38886,FEA (Fear)
1032_TSI_FEA_XX.wav,541,187,343,0.1289,43.58,32.8,83676,FEA (Fear)
1032_TSI_HAP_XX.wav,717,199,336,0.1214,39.62,38.13,167148,HAP (Happy)
1032_WSI_DIS_XX.wav,355,186,330,0.0904,45.6,27.33,29598,DIS (Disgust)
1033_DFA_ANG_XX.wav,2280,198,336,0.085,31.81,38.65,4829195,ANG (Angry)
1032_WSI_NEU_XX.wav,471,177,339,0.0728,43.12,30.51,50717,NEU (Neutral)
1032_WSI_SAD_XX.wav,305,180,339,0.0722,33.93,23.78,7293,SAD (Sadness)
1033_DFA_FEA_XX.wav,1156,193,341,0.082,29.26,36.71,528030,FEA (Fear)
1032_WSI_HAP_XX.wav,623,183,342,0.0814,43.63,34.2,138730,HAP (Happy)
1033_DFA_NEU_XX.wav,446,170,320,0.0642,45.18,30.13,83411,NEU (Neutral)
1033_DFA_HAP_XX.wav,829,173,328,0.0679,33.84,35.58,763938,HAP (Happy)
1033_IEO_ANG_HI.wav,3780,213,283,0.109,23.84,28.16,12972408,ANG (Angry)
1033_DFA_SAD_XX.wav,334,167,342,0.0663,44.02,25.88,32088,SAD (Sadness)
1033_DFA_DIS_XX.wav,486,163,343,0.0742,44.46,27.34,79386,DIS (Disgust)
1033_IEO_ANG_LO.wav,945,192,334,0.0829,39.11,31.54,484148,ANG (Angry)
1033_IEO_DIS_HI.wav,1028,189,326,0.0855,35.4,33.59,616200,DIS (Disgust)
1033_IEO_ANG_MD.wav,2142,203,336,0.0842,34.32,32.8,3071949,ANG (Angry)
1033_IEO_FEA_HI.wav,1779,220,292,0.0939,19.68,31.73,1859728,FEA (Fear)
1033_IEO_DIS_LO.wav,274,181,339,0.0751,45.84,20.81,20264,DIS (Disgust)
1033_IEO_DIS_MD.wav,514,176,336,0.0818,48.97,29.57,138200,DIS (Disgust)
1033_IEO_FEA_MD.wav,523,174,342,0.0843,41.06,30.02,91094,FEA (Fear)
1033_IEO_FEA_LO.wav,258,197,342,0.0693,38.82,27.04,10902,FEA (Fear)
1033_IEO_HAP_HI.wav,1838,198,337,0.1013,36.1,29.81,1960443,HAP (Happy)
1033_IEO_HAP_LO.wav,600,179,336,0.0728,37.56,36.71,187005,HAP (Happy)
1033_IEO_NEU_XX.wav,516,155,343,0.0616,59.21,25.43,64454,NEU (Neutral)
1033_IEO_HAP_MD.wav,1697,195,341,0.0989,41.46,38.39,1624976,HAP (Happy)
1033_IEO_SAD_LO.wav,213,155,344,0.0587,46.08,23.94,4322,SAD (Sadness)
1033_IOM_ANG_XX.wav,1414,168,344,0.0668,41.36,23.43,977152,ANG (Angry)
1033_IOM_DIS_XX.wav,551,159,324,0.0544,36.79,21.51,43478,DIS (Disgust)
1033_IEO_SAD_HI.wav,292,166,343,0.065,39.17,22.88,14305,SAD (Sadness)
1033_IEO_SAD_MD.wav,185,153,343,0.0577,48.12,23.11,2847,SAD (Sadness)
1033_IOM_FEA_XX.wav,870,177,307,0.0498,32.53,21.9,130428,FEA (Fear)
1033_IOM_NEU_XX.wav,685,168,329,0.0552,31.81,18.22,91661,NEU (Neutral)
1033_IOM_SAD_XX.wav,412,159,331,0.0504,46.57,17.93,16469,SAD (Sadness)
1033_IOM_HAP_XX.wav,1581,202,334,0.066,33.9,28.96,844969,HAP (Happy)
1033_ITH_HAP_XX.wav,1347,196,345,0.081,35.45,30.38,1339950,HAP (Happy)
1033_ITH_ANG_XX.wav,1168,180,342,0.0881,50.34,31.39,2049503,ANG (Angry)
1033_ITH_NEU_XX.wav,776,167,342,0.0712,38.75,32.84,483561,NEU (Neutral)
1033_ITH_SAD_XX.wav,554,161,344,0.0769,43.11,26.91,133189,SAD (Sadness)
1033_ITS_HAP_XX.wav,988,189,290,0.1165,25.58,34.22,274555,HAP (Happy)
1033_ITS_NEU_XX.wav,716,181,344,0.0899,43.67,30.83,297623,NEU (Neutral)
1033_ITS_FEA_XX.wav,823,177,330,0.0975,25.57,25.81,215611,FEA (Fear)
1033_ITH_FEA_XX.wav,314,171,344,0.085,44.25,20.71,24889,FEA (Fear)
1033_ITS_ANG_XX.wav,1294,185,346,0.1263,41.39,33.44,1671254,ANG (Angry)
1033_ITS_DIS_XX.wav,424,176,313,0.0999,43.92,27.73,112665,DIS (Disgust)
1033_ITH_DIS_XX.wav,549,168,342,0.0721,42.22,24.26,176644,DIS (Disgust)
1033_IWL_ANG_XX.wav,1881,186,337,0.08,37.48,26.96,2283962,ANG (Angry)
1033_IWL_DIS_XX.wav,617,178,298,0.0654,33.97,25.4,96091,DIS (Disgust)
1033_ITS_SAD_XX.wav,365,183,341,0.107,38.55,20.79,34162,SAD (Sadness)
1033_IWL_HAP_XX.wav,1588,191,339,0.0743,38.02,28.14,1053973,HAP (Happy)
1033_IWW_ANG_XX.wav,2326,190,343,0.1079,39.45,31.99,2495595,ANG (Angry)
1033_IWW_HAP_XX.wav,1352,181,305,0.0774,29.85,32.89,504279,HAP (Happy)
1033_IWL_SAD_XX.wav,487,167,342,0.0587,39.59,22.78,40553,SAD (Sadness)
1033_IWL_FEA_XX.wav,523,171,344,0.0595,43.06,20.49,48467,FEA (Fear)
1033_IWL_NEU_XX.wav,918,186,314,0.0626,40.15,26.57,306759,NEU (Neutral)
1033_IWW_NEU_XX.wav,761,163,322,0.093,46.0,25.43,164442,NEU (Neutral)
1033_IWW_FEA_XX.wav,598,181,344,0.0833,32.62,23.66,81118,FEA (Fear)
1033_IWW_DIS_XX.wav,362,177,346,0.086,42.24,22.85,36092,DIS (Disgust)
1033_MTI_NEU_XX.wav,695,159,339,0.0732,47.08,25.23,148863,NEU (Neutral)
1033_IWW_SAD_XX.wav,327,168,336,0.0914,41.04,22.39,31895,SAD (Sadness)
1033_MTI_DIS_XX.wav,764,178,344,0.0734,40.08,20.71,250760,DIS (Disgust)
1033_MTI_ANG_XX.wav,1959,196,342,0.0862,39.41,27.33,1948138,ANG (Angry)
1033_TAI_DIS_XX.wav,1199,184,344,0.1069,33.15,25.82,434017,DIS (Disgust)
1033_MTI_SAD_XX.wav,467,164,344,0.0555,41.24,21.41,36130,SAD (Sadness)
1033_TAI_FEA_XX.wav,1148,176,344,0.0986,28.8,27.92,289632,FEA (Fear)
1033_TAI_HAP_XX.wav,1007,190,343,0.0865,35.02,34.86,405071,HAP (Happy)
1033_TAI_NEU_XX.wav,553,164,321,0.069,37.28,26.58,82870,NEU (Neutral)
1033_MTI_HAP_XX.wav,1312,187,339,0.0726,43.37,28.13,678920,HAP (Happy)
1033_MTI_FEA_XX.wav,1324,192,337,0.0712,38.34,24.78,490532,FEA (Fear)
1033_TAI_ANG_XX.wav,1222,191,338,0.1033,41.29,29.93,901233,ANG (Angry)
1033_TIE_HAP_XX.wav,1401,178,288,0.1061,32.3,32.39,1025351,HAP (Happy)
1033_TSI_ANG_XX.wav,1807,196,341,0.2096,33.18,30.06,1846927,ANG (Angry)
1033_TIE_DIS_XX.wav,577,187,338,0.0758,46.43,22.43,98032,DIS (Disgust)
1033_TIE_FEA_XX.wav,389,183,334,0.0662,45.82,28.0,43592,FEA (Fear)
1033_TSI_DIS_XX.wav,507,178,325,0.1781,46.89,25.89,98268,DIS (Disgust)
1033_TSI_HAP_XX.wav,1086,184,307,0.1718,31.42,32.19,682251,HAP (Happy)
1033_TIE_ANG_XX.wav,2875,209,342,0.1019,23.37,33.74,7854329,ANG (Angry)
1033_TAI_SAD_XX.wav,411,181,340,0.0738,46.74,19.7,20618,SAD (Sadness)
1033_TIE_SAD_XX.wav,236,156,343,0.062,48.9,22.74,5590,SAD (Sadness)
1033_TIE_NEU_XX.wav,496,159,339,0.0717,53.79,26.69,101158,NEU (Neutral)
1033_TSI_SAD_XX.wav,292,180,344,0.1468,38.64,22.7,43636,SAD (Sadness)
1033_TSI_FEA_XX.wav,955,203,346,0.1671,31.39,30.73,539831,FEA (Fear)
1033_WSI_ANG_XX.wav,1911,192,339,0.1625,36.77,39.63,2803913,ANG (Angry)
1033_WSI_HAP_XX.wav,1401,178,342,0.12,29.39,35.18,1222269,HAP (Happy)
1033_TSI_NEU_XX.wav,508,171,344,0.1318,45.72,28.99,127222,NEU (Neutral)
1033_WSI_FEA_XX.wav,740,192,328,0.0905,22.04,33.39,191798,FEA (Fear)
1033_WSI_NEU_XX.wav,961,186,342,0.1247,44.45,32.65,469723,NEU (Neutral)
1034_DFA_ANG_XX.wav,2705,191,326,0.0849,33.55,30.96,4617657,ANG (Angry)
1033_WSI_DIS_XX.wav,569,172,345,0.1155,44.19,27.51,203892,DIS (Disgust)
1034_DFA_NEU_XX.wav,570,173,337,0.0608,49.15,27.25,62640,NEU (Neutral)
1034_DFA_FEA_XX.wav,703,176,333,0.0634,49.28,25.79,122999,FEA (Fear)
1034_DFA_HAP_XX.wav,944,167,342,0.0716,34.79,31.45,510299,HAP (Happy)
1034_DFA_DIS_XX.wav,322,153,344,0.0683,53.06,23.77,32903,DIS (Disgust)
1034_IEO_ANG_LO.wav,286,164,345,0.0653,45.13,27.58,14008,ANG (Angry)
1034_IEO_ANG_HI.wav,4080,201,330,0.1022,32.82,32.84,10526687,ANG (Angry)
1034_IEO_ANG_MD.wav,1858,171,325,0.0857,40.35,33.29,2054833,ANG (Angry)
1034_IEO_DIS_LO.wav,191,165,337,0.0587,42.8,18.94,2805,DIS (Disgust)
1033_WSI_SAD_XX.wav,451,181,340,0.0855,38.41,28.62,143570,SAD (Sadness)
1034_IEO_FEA_HI.wav,5115,217,323,0.1096,20.23,29.69,15208638,FEA (Fear)
1034_IEO_FEA_LO.wav,387,168,294,0.0617,41.48,23.73,26571,FEA (Fear)
1034_IEO_FEA_MD.wav,1810,161,343,0.0932,37.38,25.12,1621862,FEA (Fear)
1034_IEO_HAP_LO.wav,394,173,343,0.0663,54.49,24.73,35440,HAP (Happy)
1034_IEO_DIS_MD.wav,689,180,339,0.0833,46.25,32.26,292236,DIS (Disgust)
1034_DFA_SAD_XX.wav,234,165,343,0.0631,47.73,24.3,6405,SAD (Sadness)
1034_IEO_NEU_XX.wav,436,170,340,0.055,54.5,28.14,38330,NEU (Neutral)
1034_IEO_DIS_HI.wav,3700,210,277,0.1091,21.36,30.16,9618529,DIS (Disgust)
1034_IEO_SAD_HI.wav,818,183,341,0.07,45.27,27.95,258662,SAD (Sadness)
1034_IEO_SAD_LO.wav,281,184,340,0.0614,51.4,20.97,10528,SAD (Sadness)
1034_IEO_HAP_HI.wav,2668,226,337,0.1155,23.92,29.61,4419569,HAP (Happy)
1034_IEO_HAP_MD.wav,1022,167,334,0.0826,39.92,32.8,498662,HAP (Happy)
1034_IOM_FEA_XX.wav,484,157,341,0.0554,45.3,24.77,35629,FEA (Fear)
1034_IOM_ANG_XX.wav,2560,192,342,0.0764,23.58,22.83,3039680,ANG (Angry)
1034_IOM_DIS_XX.wav,425,173,345,0.0604,51.05,20.85,26715,DIS (Disgust)
1034_IOM_HAP_XX.wav,1150,179,344,0.0648,36.69,24.39,341359,HAP (Happy)
1034_IOM_NEU_XX.wav,593,164,330,0.0497,38.89,18.46,39831,NEU (Neutral)
1034_IEO_SAD_MD.wav,1288,174,346,0.0843,47.91,30.62,764577,SAD (Sadness)
1034_ITH_DIS_XX.wav,801,175,345,0.0652,45.63,28.01,291762,DIS (Disgust)
1034_IOM_SAD_XX.wav,490,173,332,0.054,42.78,20.38,32172,SAD (Sadness)
1034_ITH_ANG_XX.wav,1349,175,341,0.072,36.19,33.94,742151,ANG (Angry)
1034_ITH_FEA_XX.wav,556,175,346,0.0634,46.92,32.34,92727,FEA (Fear)
1034_ITH_HAP_XX.wav,1002,178,318,0.0666,39.09,33.05,455032,HAP (Happy)
1034_ITH_SAD_XX.wav,347,148,333,0.0561,42.84,24.62,20925,SAD (Sadness)
1034_ITH_NEU_XX.wav,448,171,342,0.0538,50.04,26.65,39813,NEU (Neutral)
1034_ITS_ANG_XX.wav,1432,171,315,0.1017,35.94,33.76,1209789,ANG (Angry)
1034_ITS_FEA_XX.wav,288,163,343,0.0701,46.35,23.95,11498,FEA (Fear)
1034_ITS_HAP_XX.wav,868,181,341,0.0801,36.7,27.75,308774,HAP (Happy)
1034_ITS_DIS_XX.wav,246,170,343,0.069,51.62,20.04,6919,DIS (Disgust)
1034_ITS_SAD_XX.wav,263,173,341,0.0617,45.72,24.99,6890,SAD (Sadness)
1034_ITS_NEU_XX.wav,476,163,340,0.0694,43.06,25.61,50740,NEU (Neutral)
1034_IWL_NEU_XX.wav,589,166,344,0.0568,39.21,23.4,55613,NEU (Neutral)
1034_IWL_DIS_XX.wav,322,175,341,0.0656,43.91,23.19,12859,DIS (Disgust)
1034_IWL_FEA_XX.wav,626,159,334,0.0497,35.3,22.28,57155,FEA (Fear)
1034_IWL_ANG_XX.wav,1862,191,337,0.07,40.67,29.88,718009,ANG (Angry)
1034_IWL_SAD_XX.wav,373,160,342,0.0539,47.28,22.92,13482,SAD (Sadness)
1034_IWW_ANG_XX.wav,1071,196,331,0.0654,35.5,34.68,297652,ANG (Angry)
1034_IWL_HAP_XX.wav,354,158,340,0.0638,46.13,22.84,18214,HAP (Happy)
1034_IWW_HAP_XX.wav,585,190,339,0.0593,34.64,33.48,51913,HAP (Happy)
1034_IWW_SAD_XX.wav,251,175,344,0.0592,50.8,22.15,4804,SAD (Sadness)
1034_IWW_DIS_XX.wav,218,165,344,0.0602,51.58,22.95,4235,DIS (Disgust)
1034_IWW_NEU_XX.wav,388,157,341,0.0581,49.74,26.53,17037,NEU (Neutral)
1034_IWW_FEA_XX.wav,488,167,344,0.0718,50.42,30.01,68322,FEA (Fear)
1034_MTI_ANG_XX.wav,1632,184,338,0.0675,37.63,28.81,728327,ANG (Angry)
1034_MTI_DIS_XX.wav,386,179,344,0.0587,52.67,23.06,34745,DIS (Disgust)
1034_MTI_SAD_XX.wav,366,174,343,0.0524,49.56,22.04,16969,SAD (Sadness)
1034_MTI_NEU_XX.wav,407,159,334,0.0534,43.83,23.05,13863,NEU (Neutral)
1034_MTI_HAP_XX.wav,1423,185,345,0.0583,42.67,24.5,577606,HAP (Happy)
1034_MTI_FEA_XX.wav,789,172,347,0.0553,38.86,20.95,118525,FEA (Fear)
1034_TAI_FEA_XX.wav,479,164,340,0.0659,43.21,28.54,41092,FEA (Fear)
1034_TAI_ANG_XX.wav,1721,170,310,0.0837,34.49,30.98,932707,ANG (Angry)
1034_TAI_DIS_XX.wav,260,178,340,0.0873,52.86,24.33,13130,DIS (Disgust)
1034_TAI_NEU_XX.wav,481,160,345,0.0638,50.44,22.51,28328,NEU (Neutral)
1034_TAI_HAP_XX.wav,756,180,342,0.0652,39.93,28.82,138519,HAP (Happy)
1034_TAI_SAD_XX.wav,370,161,341,0.065,46.14,26.18,16491,SAD (Sadness)
1034_TIE_DIS_XX.wav,337,187,327,0.0779,48.9,25.87,31582,DIS (Disgust)
1034_TIE_FEA_XX.wav,1007,183,339,0.0702,39.14,37.15,580133,FEA (Fear)
1034_TIE_ANG_XX.wav,983,167,334,0.0786,45.17,33.95,375606,ANG (Angry)
1034_TIE_HAP_XX.wav,864,185,346,0.0675,45.32,29.08,370499,HAP (Happy)
1034_TIE_NEU_XX.wav,379,158,343,0.0574,54.98,23.86,21879,NEU (Neutral)
1034_TSI_ANG_XX.wav,420,170,341,0.1433,46.14,28.59,68063,ANG (Angry)
1034_TIE_SAD_XX.wav,241,171,339,0.066,55.7,23.74,10288,SAD (Sadness)
1034_TSI_DIS_XX.wav,318,164,341,0.1289,54.63,26.93,42844,DIS (Disgust)
1034_TSI_FEA_XX.wav,270,167,328,0.0899,40.76,24.57,13564,FEA (Fear)
1034_TSI_NEU_XX.wav,385,183,341,0.0985,40.93,26.62,32811,NEU (Neutral)
1034_TSI_SAD_XX.wav,242,176,342,0.0847,46.69,24.92,8632,SAD (Sadness)
1034_TSI_HAP_XX.wav,582,198,344,0.1097,40.79,33.15,139662,HAP (Happy)
1034_WSI_ANG_XX.wav,294,174,342,0.0986,48.37,22.75,16244,ANG (Angry)
1034_WSI_FEA_XX.wav,246,169,344,0.0655,47.7,25.75,9219,FEA (Fear)
1034_WSI_DIS_XX.wav,285,172,340,0.0779,43.73,22.78,11897,DIS (Disgust)
1034_WSI_HAP_XX.wav,853,180,344,0.0914,36.82,26.5,399598,HAP (Happy)
1035_DFA_ANG_XX.wav,2317,205,344,0.094,28.9,27.98,7126631,ANG (Angry)
1034_WSI_SAD_XX.wav,211,160,339,0.0666,53.15,21.78,3726,SAD (Sadness)
1035_DFA_FEA_XX.wav,432,183,344,0.0614,35.5,31.19,43775,FEA (Fear)
1035_DFA_DIS_XX.wav,344,170,340,0.1069,44.59,26.94,134688,DIS (Disgust)
1035_DFA_HAP_XX.wav,1075,187,346,0.0762,33.04,36.16,943428,HAP (Happy)
1034_WSI_NEU_XX.wav,476,184,343,0.0622,46.09,28.21,60203,NEU (Neutral)
1035_IEO_ANG_LO.wav,1404,189,308,0.0919,23.89,33.19,1380106,ANG (Angry)
1035_DFA_NEU_XX.wav,324,185,335,0.0615,47.14,27.72,16726,NEU (Neutral)
1035_IEO_ANG_HI.wav,5282,262,343,0.1053,23.03,22.56,20786689,ANG (Angry)
1035_DFA_SAD_XX.wav,362,166,338,0.0656,38.57,26.57,26808,SAD (Sadness)
1035_IEO_DIS_LO.wav,404,191,341,0.0818,43.07,27.04,48274,DIS (Disgust)
1035_IEO_FEA_LO.wav,298,175,326,0.0633,40.62,25.63,21380,FEA (Fear)
1035_IEO_ANG_MD.wav,2688,198,345,0.0983,29.91,27.84,11760331,ANG (Angry)
1035_IEO_FEA_HI.wav,5010,244,313,0.1056,29.06,31.09,17738170,FEA (Fear)
1035_IEO_DIS_MD.wav,2870,213,323,0.1075,31.68,31.04,10771601,DIS (Disgust)
1035_IEO_FEA_MD.wav,519,180,340,0.0678,47.12,36.5,139186,FEA (Fear)
1035_IEO_DIS_HI.wav,2865,218,338,0.1067,34.51,24.79,7739466,DIS (Disgust)
1035_IEO_HAP_HI.wav,5374,220,337,0.1033,23.54,28.44,17036656,HAP (Happy)
1035_IEO_HAP_MD.wav,2179,183,337,0.0858,33.81,22.5,3740175,HAP (Happy)
1035_IEO_NEU_XX.wav,283,162,340,0.0651,39.95,26.67,10662,NEU (Neutral)
1035_IEO_HAP_LO.wav,1707,201,343,0.0809,37.82,41.59,2322993,HAP (Happy)
1035_IEO_SAD_LO.wav,243,170,342,0.0541,45.12,26.02,9108,SAD (Sadness)
1035_IOM_ANG_XX.wav,3236,215,317,0.0725,25.48,25.6,5289943,ANG (Angry)
1035_IOM_DIS_XX.wav,534,176,339,0.0529,39.76,21.71,67382,DIS (Disgust)
1035_IEO_SAD_MD.wav,250,193,334,0.0531,43.21,22.37,6980,SAD (Sadness)
1035_IEO_SAD_HI.wav,422,177,343,0.0712,48.66,26.29,51584,SAD (Sadness)
1035_IOM_HAP_XX.wav,878,214,287,0.0533,18.13,26.05,106170,HAP (Happy)
1035_IOM_FEA_XX.wav,368,178,335,0.0479,35.16,28.52,7519,FEA (Fear)
1035_IOM_NEU_XX.wav,394,156,342,0.0489,43.91,21.41,12907,NEU (Neutral)
1035_IOM_SAD_XX.wav,233,172,337,0.0438,45.29,21.42,2111,SAD (Sadness)
1035_ITH_FEA_XX.wav,339,166,340,0.0699,47.26,33.83,33743,FEA (Fear)
1035_ITH_ANG_XX.wav,2237,209,336,0.0817,25.65,28.29,4252912,ANG (Angry)
1035_ITH_HAP_XX.wav,495,200,347,0.0594,37.14,34.12,79611,HAP (Happy)
1035_ITH_NEU_XX.wav,385,172,341,0.0602,50.65,33.39,33021,NEU (Neutral)
1035_ITH_DIS_XX.wav,361,192,347,0.0963,42.58,28.23,79075,DIS (Disgust)
1035_ITH_SAD_XX.wav,361,188,334,0.0585,41.13,32.64,36643,SAD (Sadness)
1035_ITS_FEA_XX.wav,808,181,341,0.101,29.93,26.9,105043,FEA (Fear)
1035_ITS_ANG_XX.wav,2590,188,342,0.0942,26.08,33.21,5302807,ANG (Angry)
1035_ITS_HAP_XX.wav,870,210,345,0.0758,28.4,26.93,286717,HAP (Happy)
1035_ITS_DIS_XX.wav,374,184,341,0.1293,39.2,31.94,47274,DIS (Disgust)
1035_ITS_NEU_XX.wav,370,191,331,0.0636,37.42,32.04,15854,NEU (Neutral)
1035_IWL_ANG_XX.wav,2614,195,338,0.0779,31.96,33.44,3244696,ANG (Angry)
1035_IWL_FEA_XX.wav,445,178,344,0.0521,37.9,27.45,38905,FEA (Fear)
1035_IWL_DIS_XX.wav,997,168,322,0.0783,42.44,24.22,636867,DIS (Disgust)
1035_ITS_SAD_XX.wav,311,181,340,0.0697,40.99,27.39,9079,SAD (Sadness)
1035_IWL_HAP_XX.wav,833,186,342,0.0634,44.2,34.13,328618,HAP (Happy)
1035_IWL_NEU_XX.wav,459,162,332,0.0557,37.77,24.42,34510,NEU (Neutral)
1035_IWL_SAD_XX.wav,501,174,333,0.0579,31.39,20.11,34299,SAD (Sadness)
1035_IWW_FEA_XX.wav,379,186,329,0.0564,32.09,36.13,13048,FEA (Fear)
1035_IWW_DIS_XX.wav,2526,198,333,0.1045,37.11,30.1,4485777,DIS (Disgust)
1035_IWW_ANG_XX.wav,3174,209,339,0.097,25.97,37.48,5381928,ANG (Angry)
1035_IWW_HAP_XX.wav,558,200,342,0.0638,42.71,32.88,68246,HAP (Happy)
1035_IWW_NEU_XX.wav,408,194,337,0.0645,47.12,29.27,24078,NEU (Neutral)
1035_IWW_SAD_XX.wav,607,177,344,0.0827,44.96,29.02,65845,SAD (Sadness)
1035_MTI_ANG_XX.wav,2455,198,342,0.0699,39.92,36.66,2085783,ANG (Angry)
1035_MTI_DIS_XX.wav,1249,173,337,0.0799,33.5,28.17,590754,DIS (Disgust)
1035_TAI_ANG_XX.wav,4166,219,309,0.1016,29.45,36.37,11426230,ANG (Angry)
1035_MTI_HAP_XX.wav,523,207,341,0.0645,34.33,28.4,48003,HAP (Happy)
1035_TAI_FEA_XX.wav,432,175,328,0.0666,35.77,28.41,27403,FEA (Fear)
1035_MTI_FEA_XX.wav,436,169,337,0.0597,31.8,23.28,30402,FEA (Fear)
1035_MTI_NEU_XX.wav,585,179,347,0.0594,54.54,26.68,76768,NEU (Neutral)
1035_MTI_SAD_XX.wav,391,170,345,0.0606,42.97,22.42,31483,SAD (Sadness)
1035_TAI_HAP_XX.wav,2663,212,343,0.0934,33.47,32.22,3042746,HAP (Happy)
1035_TAI_NEU_XX.wav,545,167,342,0.0652,35.45,21.43,58911,NEU (Neutral)
1035_TAI_DIS_XX.wav,2278,210,338,0.1276,27.16,34.96,3198592,DIS (Disgust)
1035_TIE_ANG_XX.wav,2525,188,326,0.1023,31.44,31.17,7165914,ANG (Angry)
1035_TIE_FEA_XX.wav,2246,225,305,0.0811,22.38,26.62,2841389,FEA (Fear)
1035_TAI_SAD_XX.wav,573,180,342,0.0733,38.98,22.79,79170,SAD (Sadness)
1035_TIE_NEU_XX.wav,342,162,346,0.0656,48.29,27.51,18084,NEU (Neutral)
1035_TIE_HAP_XX.wav,1946,209,335,0.0939,32.19,31.9,1662834,HAP (Happy)
1035_TSI_ANG_XX.wav,2157,219,325,0.1488,30.77,30.54,5248266,ANG (Angry)
1035_TIE_SAD_XX.wav,289,159,334,0.0695,46.64,24.54,12408,SAD (Sadness)
1035_TIE_DIS_XX.wav,361,187,338,0.0905,30.86,28.17,21617,DIS (Disgust)
1035_TSI_FEA_XX.wav,510,185,328,0.1599,35.22,30.59,123890,FEA (Fear)
1035_TSI_HAP_XX.wav,1442,182,314,0.1548,38.37,37.62,1381896,HAP (Happy)
1035_TSI_DIS_XX.wav,315,184,309,0.2088,38.47,23.89,52102,DIS (Disgust)
1035_WSI_HAP_XX.wav,994,204,341,0.0964,35.84,36.76,400046,HAP (Happy)
1035_TSI_NEU_XX.wav,313,178,338,0.0952,44.99,28.75,15238,NEU (Neutral)
1035_WSI_DIS_XX.wav,858,180,344,0.1626,38.75,33.87,534519,DIS (Disgust)
1035_TSI_SAD_XX.wav,419,176,343,0.1406,50.98,23.53,47812,SAD (Sadness)
1035_WSI_ANG_XX.wav,3542,217,324,0.1272,30.32,36.72,11554093,ANG (Angry)
1036_DFA_ANG_XX.wav,4052,235,306,0.0974,21.95,32.76,7882365,ANG (Angry)
1035_WSI_NEU_XX.wav,368,176,339,0.0755,48.89,31.07,23075,NEU (Neutral)
1036_DFA_DIS_XX.wav,1625,182,323,0.0693,30.47,38.11,1242379,DIS (Disgust)
1035_WSI_SAD_XX.wav,379,169,340,0.0843,46.52,24.89,32630,SAD (Sadness)
1035_WSI_FEA_XX.wav,565,184,327,0.0961,31.65,35.16,61538,FEA (Fear)
1036_DFA_FEA_XX.wav,2338,240,342,0.0582,20.52,33.37,1108654,FEA (Fear)
1036_DFA_HAP_XX.wav,2977,221,343,0.0705,19.03,32.17,3214055,HAP (Happy)
1036_DFA_NEU_XX.wav,808,173,345,0.0641,42.34,31.63,220022,NEU (Neutral)
1036_DFA_SAD_XX.wav,1999,221,328,0.0871,20.74,30.74,1779738,SAD (Sadness)
1036_IEO_DIS_MD.wav,910,181,335,0.093,31.01,28.41,227523,DIS (Disgust)
1036_IEO_ANG_LO.wav,692,187,335,0.0979,38.29,36.96,186378,ANG (Angry)
1036_IEO_DIS_LO.wav,433,175,339,0.0974,43.81,28.31,57411,DIS (Disgust)
1036_IEO_FEA_HI.wav,4553,266,331,0.082,18.81,24.35,9141742,FEA (Fear)
1036_IEO_ANG_MD.wav,1461,181,299,0.086,28.47,32.8,962679,ANG (Angry)
1036_IEO_ANG_HI.wav,1820,194,343,0.0875,30.05,35.6,1914484,ANG (Angry)
1036_IEO_FEA_MD.wav,2188,209,328,0.0799,25.33,27.24,1253293,FEA (Fear)
1036_IEO_FEA_LO.wav,836,177,305,0.0741,23.3,23.4,155147,FEA (Fear)
1036_IEO_HAP_HI.wav,2432,200,345,0.0902,26.99,31.16,2347537,HAP (Happy)
1036_IEO_DIS_HI.wav,2374,204,335,0.0955,29.06,26.36,3690903,DIS (Disgust)
1036_IEO_HAP_MD.wav,859,166,338,0.0946,44.44,33.76,301532,HAP (Happy)
1036_IEO_HAP_LO.wav,527,172,346,0.0958,37.64,27.14,57055,HAP (Happy)
1036_IEO_NEU_XX.wav,375,166,334,0.075,51.85,25.81,22190,NEU (Neutral)
1036_IEO_SAD_MD.wav,544,166,344,0.0724,44.06,28.79,64018,SAD (Sadness)
1036_IEO_SAD_HI.wav,498,174,344,0.0746,48.95,30.95,64017,SAD (Sadness)
1036_IOM_ANG_XX.wav,1049,165,341,0.0607,34.0,23.13,205019,ANG (Angry)
1036_IEO_SAD_LO.wav,426,175,339,0.0807,41.77,23.69,43007,SAD (Sadness)
1036_IOM_HAP_XX.wav,640,184,336,0.0577,40.25,23.35,55007,HAP (Happy)
1036_IOM_FEA_XX.wav,1735,209,334,0.0548,14.98,26.36,510109,FEA (Fear)
1036_IOM_NEU_XX.wav,476,179,345,0.0536,43.49,20.63,19858,NEU (Neutral)
1036_IOM_DIS_XX.wav,739,172,344,0.0635,39.27,30.65,99779,DIS (Disgust)
1036_ITH_ANG_XX.wav,2166,187,325,0.0889,34.3,37.04,2763448,ANG (Angry)
1036_IOM_SAD_XX.wav,726,186,334,0.0505,29.61,22.1,61203,SAD (Sadness)
1036_ITH_DIS_XX.wav,1375,188,333,0.0831,32.75,38.54,711023,DIS (Disgust)
1036_ITH_HAP_XX.wav,1944,191,342,0.0745,28.11,38.08,1320627,HAP (Happy)
1036_ITH_NEU_XX.wav,625,188,328,0.0679,47.32,35.13,137328,NEU (Neutral)
1036_ITS_FEA_XX.wav,1864,207,339,0.0761,23.11,29.76,715590,FEA (Fear)
1036_ITH_SAD_XX.wav,1243,197,331,0.0678,21.91,38.56,391287,SAD (Sadness)
1036_ITS_DIS_XX.wav,737,194,333,0.1022,34.42,31.22,126374,DIS (Disgust)
1036_ITS_HAP_XX.wav,1756,240,339,0.1027,24.75,41.56,1415049,HAP (Happy)
1036_ITS_ANG_XX.wav,1986,202,343,0.1074,34.06,41.5,1770600,ANG (Angry)
1036_ITS_NEU_XX.wav,458,199,342,0.0955,40.66,35.53,45916,NEU (Neutral)
1036_ITH_FEA_XX.wav,2010,226,340,0.0662,20.06,33.54,974635,FEA (Fear)
1036_ITS_SAD_XX.wav,1235,194,342,0.0898,35.67,34.36,477134,SAD (Sadness)
1036_IWL_FEA_XX.wav,2588,209,325,0.063,20.9,25.93,1796244,FEA (Fear)
1036_IWL_ANG_XX.wav,2984,201,343,0.0748,27.98,33.71,3703168,ANG (Angry)
1036_IWL_NEU_XX.wav,521,187,332,0.0578,39.82,31.59,69374,NEU (Neutral)
1036_IWL_HAP_XX.wav,1710,202,332,0.0696,31.89,33.88,844723,HAP (Happy)
1036_IWW_ANG_XX.wav,1203,177,342,0.0918,34.92,33.4,286454,ANG (Angry)
1036_IWL_DIS_XX.wav,1952,190,342,0.0718,23.37,34.03,1350125,DIS (Disgust)
1036_IWW_NEU_XX.wav,410,189,337,0.0644,39.7,21.69,17624,NEU (Neutral)
1036_IWW_DIS_XX.wav,550,178,336,0.0795,38.42,25.67,61633,DIS (Disgust)
1036_IWL_SAD_XX.wav,997,193,343,0.0577,30.94,26.46,238275,SAD (Sadness)
1036_IWW_FEA_XX.wav,1446,194,344,0.0652,25.45,31.99,475827,FEA (Fear)
1036_IWW_HAP_XX.wav,1518,192,341,0.0965,32.14,30.85,553143,HAP (Happy)
1036_MTI_ANG_XX.wav,2273,197,334,0.0661,29.48,32.7,1275823,ANG (Angry)
1036_IWW_SAD_XX.wav,613,163,339,0.0747,41.79,29.16,63648,SAD (Sadness)
1036_MTI_NEU_XX.wav,614,193,334,0.0589,33.78,22.26,41013,NEU (Neutral)
1036_MTI_FEA_XX.wav,2611,216,328,0.0623,17.44,26.48,1468524,FEA (Fear)
1036_MTI_HAP_XX.wav,2588,223,340,0.0613,24.37,30.27,1090334,HAP (Happy)
1036_MTI_DIS_XX.wav,1908,204,343,0.0664,34.1,28.07,967056,DIS (Disgust)
1036_TAI_ANG_XX.wav,2059,200,340,0.0787,29.75,42.78,2363709,ANG (Angry)
1036_MTI_SAD_XX.wav,835,190,335,0.0611,26.95,24.98,101668,SAD (Sadness)
1036_TAI_DIS_XX.wav,979,194,339,0.0885,36.36,31.14,406435,DIS (Disgust)
1036_TAI_NEU_XX.wav,560,178,344,0.0684,36.48,25.56,40758,NEU (Neutral)
1036_TAI_HAP_XX.wav,1652,211,340,0.0709,25.98,28.06,631618,HAP (Happy)
1036_TAI_FEA_XX.wav,2285,215,336,0.0702,24.86,28.08,1078167,FEA (Fear)
1036_TAI_SAD_XX.wav,581,188,335,0.071,35.06,23.69,38292,SAD (Sadness)
1036_TIE_FEA_XX.wav,602,168,333,0.0618,34.27,26.4,56412,FEA (Fear)
1036_TIE_ANG_XX.wav,332,186,339,0.0913,48.75,26.33,22474,ANG (Angry)
1036_TIE_HAP_XX.wav,630,176,331,0.0711,41.92,28.68,93241,HAP (Happy)
1036_TIE_NEU_XX.wav,486,177,340,0.0695,44.38,24.65,34531,NEU (Neutral)
1036_TSI_ANG_XX.wav,2486,203,336,0.1721,30.92,34.24,3665849,ANG (Angry)
1036_TIE_DIS_XX.wav,437,181,346,0.0739,45.28,31.95,45089,DIS (Disgust)
1036_TSI_NEU_XX.wav,391,189,340,0.1369,53.1,31.09,38438,NEU (Neutral)
1036_TSI_DIS_XX.wav,1125,200,340,0.2004,40.57,27.55,537295,DIS (Disgust)
1036_TSI_FEA_XX.wav,2386,229,336,0.1458,24.33,34.0,2756408,FEA (Fear)
1036_TSI_HAP_XX.wav,1159,201,334,0.156,41.95,34.45,519103,HAP (Happy)
1036_TSI_SAD_XX.wav,1415,212,340,0.163,24.91,32.98,720169,SAD (Sadness)
1036_TIE_SAD_XX.wav,386,174,335,0.0636,44.81,24.98,24307,SAD (Sadness)
1036_WSI_ANG_XX.wav,3075,215,340,0.1287,27.56,36.24,4843257,ANG (Angry)
1036_WSI_NEU_XX.wav,411,174,347,0.0791,49.13,36.18,46673,NEU (Neutral)
1037_DFA_HAP_XX.wav,785,226,334,0.0693,30.99,33.89,173737,HAP (Happy)
1036_WSI_HAP_XX.wav,1765,218,302,0.1186,25.61,44.14,1493582,HAP (Happy)
1037_DFA_DIS_XX.wav,351,189,324,0.0845,29.94,28.76,18421,DIS (Disgust)
1037_DFA_FEA_XX.wav,351,201,341,0.0928,34.06,31.42,42737,FEA (Fear)
1037_DFA_ANG_XX.wav,1338,194,340,0.0936,28.21,29.59,689089,ANG (Angry)
1037_DFA_NEU_XX.wav,587,177,334,0.0667,37.33,27.49,60251,NEU (Neutral)
1036_WSI_FEA_XX.wav,2135,242,345,0.0887,17.88,32.06,1315836,FEA (Fear)
1036_WSI_DIS_XX.wav,1095,182,345,0.0864,37.43,40.24,717641,DIS (Disgust)
1036_WSI_SAD_XX.wav,1892,218,331,0.0929,21.57,32.25,1447625,SAD (Sadness)
1037_IEO_ANG_HI.wav,6837,270,329,0.124,23.15,28.38,38373452,ANG (Angry)
1037_DFA_SAD_XX.wav,269,177,337,0.0596,36.41,30.39,7034,SAD (Sadness)
1037_IEO_DIS_LO.wav,219,179,342,0.0649,39.85,23.19,3078,DIS (Disgust)
1037_IEO_FEA_HI.wav,1307,263,338,0.0921,26.76,39.12,636817,FEA (Fear)
1037_IEO_ANG_LO.wav,1627,203,284,0.088,19.64,28.09,927986,ANG (Angry)
1037_IEO_FEA_LO.wav,241,171,340,0.0528,37.48,21.63,3839,FEA (Fear)
1037_IEO_DIS_MD.wav,415,177,299,0.0726,27.81,24.87,51393,DIS (Disgust)
1037_IEO_DIS_HI.wav,462,199,336,0.0831,25.4,27.74,46893,DIS (Disgust)
1037_IEO_HAP_HI.wav,2466,273,333,0.0939,17.14,33.81,4942805,HAP (Happy)
1037_IEO_FEA_MD.wav,315,175,325,0.0672,42.18,20.49,12829,FEA (Fear)
1037_IEO_HAP_MD.wav,478,169,344,0.0697,34.78,26.53,62553,HAP (Happy)
1037_IEO_ANG_MD.wav,3678,211,325,0.0915,25.11,29.3,7111105,ANG (Angry)
1037_IEO_NEU_XX.wav,470,175,335,0.0675,28.25,28.27,54797,NEU (Neutral)
1037_IEO_HAP_LO.wav,422,188,343,0.0684,35.67,25.58,29395,HAP (Happy)
1037_IEO_SAD_HI.wav,212,171,339,0.0582,44.58,21.32,3385,SAD (Sadness)
1037_IEO_SAD_MD.wav,314,168,341,0.0617,38.89,27.04,12417,SAD (Sadness)
1037_IOM_HAP_XX.wav,1933,219,339,0.0695,19.94,28.39,885440,HAP (Happy)
1037_IEO_SAD_LO.wav,229,160,346,0.0568,41.96,20.87,4424,SAD (Sadness)
1037_IOM_ANG_XX.wav,3991,227,340,0.0844,16.29,28.97,8428858,ANG (Angry)
1037_IOM_FEA_XX.wav,245,176,341,0.0529,31.82,24.84,3966,FEA (Fear)
1037_IOM_NEU_XX.wav,608,171,343,0.0565,30.26,20.0,50941,NEU (Neutral)
1037_IOM_SAD_XX.wav,318,174,341,0.0519,34.42,20.61,8341,SAD (Sadness)
1037_IOM_DIS_XX.wav,374,177,333,0.0504,32.66,24.77,9145,DIS (Disgust)
1037_ITH_HAP_XX.wav,691,230,344,0.0692,23.19,32.43,89726,HAP (Happy)
1037_ITH_DIS_XX.wav,325,184,342,0.0716,36.11,26.0,9792,DIS (Disgust)
1037_ITH_NEU_XX.wav,445,188,343,0.0585,33.93,29.44,27456,NEU (Neutral)
1037_ITH_ANG_XX.wav,1028,196,340,0.0838,24.41,30.01,434111,ANG (Angry)
1037_ITH_FEA_XX.wav,390,171,329,0.0741,33.48,29.11,14028,FEA (Fear)
1037_ITS_FEA_XX.wav,490,193,345,0.1041,21.72,31.8,18598,FEA (Fear)
1037_ITS_NEU_XX.wav,574,193,327,0.083,26.32,32.09,42375,NEU (Neutral)
1037_ITH_SAD_XX.wav,217,176,343,0.0599,38.73,28.82,3309,SAD (Sadness)
1037_ITS_ANG_XX.wav,1194,211,333,0.1205,31.73,27.13,347655,ANG (Angry)
1037_ITS_DIS_XX.wav,353,184,338,0.1019,38.17,24.69,12603,DIS (Disgust)
1037_ITS_SAD_XX.wav,221,195,334,0.0745,35.86,28.03,2721,SAD (Sadness)
1037_ITS_HAP_XX.wav,496,238,339,0.0944,26.46,32.62,29325,HAP (Happy)
1037_IWL_ANG_XX.wav,1710,194,341,0.0715,26.62,24.95,696760,ANG (Angry)
1037_IWL_FEA_XX.wav,429,204,331,0.0581,27.41,30.5,18955,FEA (Fear)
1037_IWL_DIS_XX.wav,395,192,342,0.0578,26.46,25.97,14920,DIS (Disgust)
1037_IWL_NEU_XX.wav,588,183,336,0.0566,32.76,24.96,50290,NEU (Neutral)
1037_IWL_HAP_XX.wav,2517,223,342,0.0768,28.82,30.06,2600330,HAP (Happy)
1037_IWW_FEA_XX.wav,476,186,336,0.0749,33.14,28.88,42681,FEA (Fear)
1037_IWL_SAD_XX.wav,279,177,290,0.0499,32.5,22.41,5482,SAD (Sadness)
1037_IWW_DIS_XX.wav,452,198,340,0.0736,35.92,30.68,29085,DIS (Disgust)
1037_IWW_ANG_XX.wav,2891,228,337,0.0887,23.12,31.65,3734106,ANG (Angry)
1037_IWW_NEU_XX.wav,472,177,336,0.0713,27.91,27.39,26057,NEU (Neutral)
1037_MTI_FEA_XX.wav,280,177,343,0.0575,33.68,27.81,5428,FEA (Fear)
1037_MTI_ANG_XX.wav,1231,196,335,0.0694,27.35,29.27,283462,ANG (Angry)
1037_MTI_DIS_XX.wav,324,173,336,0.058,37.17,22.68,8329,DIS (Disgust)
1037_IWW_HAP_XX.wav,454,184,343,0.0784,45.07,28.41,34501,HAP (Happy)
1037_MTI_NEU_XX.wav,717,183,342,0.0572,27.83,23.21,59170,NEU (Neutral)
1037_MTI_HAP_XX.wav,1115,238,343,0.0686,14.68,30.54,291513,HAP (Happy)
1037_IWW_SAD_XX.wav,396,233,342,0.0723,28.02,29.38,20391,SAD (Sadness)
1037_TAI_DIS_XX.wav,305,204,337,0.0757,33.37,24.54,11305,DIS (Disgust)
1037_TAI_HAP_XX.wav,1286,230,345,0.0789,24.26,32.91,1058234,HAP (Happy)
1037_MTI_SAD_XX.wav,300,199,347,0.0573,34.41,25.64,6445,SAD (Sadness)
1037_TIE_ANG_XX.wav,3054,223,340,0.1059,17.83,34.63,8305544,ANG (Angry)
1037_TAI_SAD_XX.wav,346,219,340,0.0735,20.58,27.8,10105,SAD (Sadness)
1037_TAI_ANG_XX.wav,2905,214,333,0.1081,16.8,26.74,3557082,ANG (Angry)
1037_TAI_NEU_XX.wav,606,179,340,0.076,32.77,26.14,59631,NEU (Neutral)
1037_TAI_FEA_XX.wav,293,187,343,0.0959,34.99,28.65,13065,FEA (Fear)
1037_TIE_NEU_XX.wav,501,173,341,0.0706,30.36,26.76,59222,NEU (Neutral)
1037_TIE_DIS_XX.wav,214,179,345,0.0924,40.08,21.98,4404,DIS (Disgust)
1037_TIE_HAP_XX.wav,1258,214,339,0.0735,24.28,32.96,575184,HAP (Happy)
1037_TIE_FEA_XX.wav,342,181,340,0.0674,33.56,31.07,11791,FEA (Fear)
1037_TSI_ANG_XX.wav,1010,214,342,0.1692,33.31,35.38,454869,ANG (Angry)
1037_TSI_DIS_XX.wav,273,194,340,0.1455,44.42,23.51,15866,DIS (Disgust)
1037_TSI_SAD_XX.wav,273,181,339,0.1122,42.95,28.56,9863,SAD (Sadness)
1037_TSI_HAP_XX.wav,1087,267,340,0.1686,17.34,36.2,1227568,HAP (Happy)
1037_TSI_NEU_XX.wav,425,190,341,0.097,39.37,31.06,36488,NEU (Neutral)
1037_WSI_FEA_XX.wav,1288,280,331,0.1128,15.24,35.64,546716,FEA (Fear)
1037_WSI_ANG_XX.wav,639,195,342,0.1125,30.97,29.17,108774,ANG (Angry)
1037_WSI_HAP_XX.wav,553,201,342,0.0823,29.13,26.41,60350,HAP (Happy)
1037_TIE_SAD_XX.wav,198,193,343,0.0636,41.16,22.59,3149,SAD (Sadness)
1037_TSI_FEA_XX.wav,303,216,334,0.1352,35.5,27.26,19251,FEA (Fear)
1037_WSI_DIS_XX.wav,268,198,345,0.1,34.32,28.19,7840,DIS (Disgust)
1038_DFA_FEA_XX.wav,1355,219,338,0.0819,25.34,43.33,865033,FEA (Fear)
1038_DFA_ANG_XX.wav,2020,190,279,0.1223,28.58,33.39,2445126,ANG (Angry)
1037_WSI_SAD_XX.wav,239,177,345,0.0759,45.5,21.9,4493,SAD (Sadness)
1037_WSI_NEU_XX.wav,663,194,330,0.0931,35.75,27.31,145115,NEU (Neutral)
1038_DFA_HAP_XX.wav,1416,223,341,0.0916,22.78,30.51,840799,HAP (Happy)
1038_IEO_ANG_LO.wav,1447,180,309,0.0837,29.04,33.05,1033529,ANG (Angry)
1038_DFA_NEU_XX.wav,471,167,343,0.08,48.44,31.9,64544,NEU (Neutral)
1038_DFA_DIS_XX.wav,390,155,337,0.1011,41.21,21.13,62434,DIS (Disgust)
1038_DFA_SAD_XX.wav,256,159,344,0.0706,36.68,27.16,7901,SAD (Sadness)
1038_IEO_ANG_MD.wav,3139,243,290,0.1125,21.47,37.71,6467677,ANG (Angry)
1038_IEO_ANG_HI.wav,4393,231,314,0.1311,25.41,25.01,13522471,ANG (Angry)
1038_IEO_DIS_LO.wav,489,189,328,0.0824,39.24,28.47,70492,DIS (Disgust)
1038_IEO_FEA_HI.wav,3360,240,335,0.0915,21.19,47.47,6154558,FEA (Fear)
1038_IEO_FEA_LO.wav,188,155,208,0.0599,36.38,20.43,2052,FEA (Fear)
1038_IEO_DIS_MD.wav,1466,217,344,0.0825,24.76,24.73,1210989,DIS (Disgust)
1038_IEO_HAP_MD.wav,1068,186,335,0.0973,40.03,27.15,497496,HAP (Happy)
1038_IEO_HAP_LO.wav,329,178,330,0.066,44.89,24.67,21368,HAP (Happy)
1038_IEO_DIS_HI.wav,1333,176,340,0.1017,41.17,24.27,1043437,DIS (Disgust)
1038_IEO_NEU_XX.wav,340,189,345,0.0687,45.45,28.56,22432,NEU (Neutral)
1038_IEO_HAP_HI.wav,3960,252,338,0.1268,25.25,37.86,12528198,HAP (Happy)
1038_IEO_FEA_MD.wav,422,170,338,0.0724,40.24,27.33,43508,FEA (Fear)
1038_IEO_SAD_HI.wav,217,161,333,0.0743,42.32,18.2,4463,SAD (Sadness)
1038_IEO_SAD_LO.wav,189,164,342,0.0629,46.48,19.2,2385,SAD (Sadness)
1038_IEO_SAD_MD.wav,204,156,310,0.0625,41.88,22.15,3807,SAD (Sadness)
1038_IOM_FEA_XX.wav,1191,225,340,0.0585,26.96,28.48,141283,FEA (Fear)
1038_IOM_ANG_XX.wav,1816,190,340,0.0868,26.27,23.78,1106404,ANG (Angry)
1038_IOM_SAD_XX.wav,297,156,271,0.0538,39.76,18.19,5887,SAD (Sadness)
1038_IOM_NEU_XX.wav,504,158,342,0.058,43.47,22.97,42288,NEU (Neutral)
1038_IOM_HAP_XX.wav,972,192,333,0.0583,28.77,26.33,145301,HAP (Happy)
1038_IOM_DIS_XX.wav,863,179,341,0.0743,28.97,21.33,98503,DIS (Disgust)
1038_ITH_ANG_XX.wav,1506,191,287,0.0939,25.32,40.69,1024407,ANG (Angry)
1038_ITH_HAP_XX.wav,841,201,281,0.0706,24.51,35.04,134349,HAP (Happy)
1038_ITH_FEA_XX.wav,1716,209,282,0.0799,20.91,43.73,855620,FEA (Fear)
1038_ITH_NEU_XX.wav,401,166,342,0.0717,43.21,32.13,49770,NEU (Neutral)
1038_ITH_SAD_XX.wav,228,156,325,0.0765,43.49,23.18,6356,SAD (Sadness)
1038_ITS_ANG_XX.wav,3373,220,331,0.1437,26.33,29.76,3521455,ANG (Angry)
1038_ITS_FEA_XX.wav,1275,237,342,0.1005,26.42,34.04,277457,FEA (Fear)
1038_ITH_DIS_XX.wav,316,154,305,0.0892,42.33,23.35,26116,DIS (Disgust)
1038_ITS_HAP_XX.wav,1529,216,329,0.0989,22.35,33.67,341415,HAP (Happy)
1038_ITS_NEU_XX.wav,454,172,338,0.0948,37.02,31.48,41071,NEU (Neutral)
1038_ITS_SAD_XX.wav,496,178,340,0.1175,40.68,25.65,38928,SAD (Sadness)
1038_IWL_ANG_XX.wav,2753,212,344,0.0822,20.5,26.03,2771372,ANG (Angry)
1038_ITS_DIS_XX.wav,812,178,343,0.1367,29.54,23.43,126462,DIS (Disgust)
1038_IWL_FEA_XX.wav,1601,238,343,0.0626,20.37,33.31,407747,FEA (Fear)
1038_IWL_DIS_XX.wav,701,183,327,0.0735,38.61,21.23,109581,DIS (Disgust)
1038_IWW_HAP_XX.wav,1082,201,339,0.0705,24.98,29.93,281634,HAP (Happy)
1038_IWL_NEU_XX.wav,572,176,342,0.0591,35.25,22.92,78389,NEU (Neutral)
1038_IWW_ANG_XX.wav,1623,187,342,0.0977,24.74,28.23,1014329,ANG (Angry)
1038_IWW_DIS_XX.wav,1051,185,336,0.0948,26.31,24.4,358627,DIS (Disgust)
1038_IWL_HAP_XX.wav,1491,207,343,0.0681,20.6,34.99,706121,HAP (Happy)
1038_IWL_SAD_XX.wav,322,163,341,0.0575,35.8,20.38,8956,SAD (Sadness)
1038_IWW_FEA_XX.wav,864,191,340,0.0854,28.62,34.19,142095,FEA (Fear)
1038_IWW_SAD_XX.wav,423,157,341,0.0864,36.53,22.27,31417,SAD (Sadness)
1038_IWW_NEU_XX.wav,504,175,342,0.0804,46.5,33.93,60212,NEU (Neutral)
1038_MTI_ANG_XX.wav,2685,202,341,0.0826,25.43,27.75,2622019,ANG (Angry)
1038_MTI_FEA_XX.wav,1707,236,308,0.0614,15.59,31.35,558548,FEA (Fear)
1038_MTI_DIS_XX.wav,1288,182,336,0.0748,34.69,25.58,398317,DIS (Disgust)
1038_MTI_HAP_XX.wav,1480,211,337,0.0656,29.0,27.39,584422,HAP (Happy)
1038_MTI_NEU_XX.wav,691,177,343,0.0623,40.64,27.34,83742,NEU (Neutral)
1038_MTI_SAD_XX.wav,418,175,344,0.0636,35.86,20.63,16748,SAD (Sadness)
1038_TAI_FEA_XX.wav,1806,227,345,0.0845,23.84,30.68,709100,FEA (Fear)
1038_TAI_HAP_XX.wav,2752,230,324,0.0932,22.34,40.2,2481440,HAP (Happy)
1038_TAI_DIS_XX.wav,1637,181,315,0.131,27.77,26.12,921038,DIS (Disgust)
1038_TAI_NEU_XX.wav,521,177,344,0.0687,43.98,33.21,62475,NEU (Neutral)
1038_TAI_SAD_XX.wav,480,165,340,0.0854,38.04,19.36,32131,SAD (Sadness)
1038_TAI_ANG_XX.wav,2394,202,319,0.1113,20.96,30.91,1918740,ANG (Angry)
1038_TIE_ANG_XX.wav,1417,187,333,0.0816,29.01,33.82,947362,ANG (Angry)
1038_TIE_FEA_XX.wav,552,186,271,0.0678,28.63,30.18,39963,FEA (Fear)
1038_TIE_HAP_XX.wav,1191,190,332,0.0678,23.81,34.69,521654,HAP (Happy)
1038_TIE_NEU_XX.wav,318,162,316,0.0692,47.19,28.95,21593,NEU (Neutral)
1038_TSI_FEA_XX.wav,1747,230,337,0.1004,24.44,35.99,1544313,FEA (Fear)
1038_TIE_DIS_XX.wav,608,167,345,0.1023,41.15,29.28,213710,DIS (Disgust)
1038_TIE_SAD_XX.wav,263,160,337,0.0602,39.61,24.14,5940,SAD (Sadness)
1038_TSI_DIS_XX.wav,787,197,344,0.2108,34.98,21.95,293714,DIS (Disgust)
1038_TSI_HAP_XX.wav,617,183,338,0.1312,35.95,33.5,125260,HAP (Happy)
1038_TSI_ANG_XX.wav,1680,208,330,0.1591,21.13,34.49,1212069,ANG (Angry)
1038_TSI_NEU_XX.wav,311,176,343,0.1216,44.8,30.06,24620,NEU (Neutral)
1038_TSI_SAD_XX.wav,283,170,347,0.1513,39.17,23.07,23119,SAD (Sadness)
1038_WSI_ANG_XX.wav,2194,208,308,0.1622,23.46,35.64,2728477,ANG (Angry)
1038_WSI_HAP_XX.wav,1415,213,338,0.1272,24.82,32.94,846888,HAP (Happy)
1039_DFA_ANG_XX.wav,2227,181,329,0.1011,38.67,34.08,5741527,ANG (Angry)
1038_WSI_NEU_XX.wav,614,181,336,0.127,37.99,30.69,118584,NEU (Neutral)
1038_WSI_FEA_XX.wav,1196,224,298,0.1167,20.13,36.16,419395,FEA (Fear)
1039_DFA_DIS_XX.wav,442,159,343,0.0745,50.32,27.92,83173,DIS (Disgust)
1039_DFA_NEU_XX.wav,430,164,343,0.0559,37.45,26.49,26947,NEU (Neutral)
1039_DFA_FEA_XX.wav,423,174,276,0.05,28.83,27.64,11208,FEA (Fear)
1038_WSI_SAD_XX.wav,284,167,281,0.1092,35.7,24.26,12163,SAD (Sadness)
1039_DFA_HAP_XX.wav,2847,200,340,0.0811,23.76,30.96,8556633,HAP (Happy)
1038_WSI_DIS_XX.wav,575,173,341,0.1352,36.37,25.73,84135,DIS (Disgust)
1039_IEO_ANG_MD.wav,1451,190,312,0.0825,30.38,29.35,1378186,ANG (Angry)
1039_DFA_SAD_XX.wav,331,161,304,0.0451,45.35,24.77,5762,SAD (Sadness)
1039_IEO_ANG_LO.wav,453,160,324,0.0675,40.56,30.16,41703,ANG (Angry)
1039_IEO_ANG_HI.wav,4899,215,343,0.1075,24.37,31.11,19556134,ANG (Angry)
1039_IEO_DIS_HI.wav,3874,204,318,0.1009,32.8,33.9,8961077,DIS (Disgust)
1039_IEO_DIS_LO.wav,294,168,343,0.0541,51.85,21.98,8709,DIS (Disgust)
1039_IEO_DIS_MD.wav,465,162,302,0.0635,40.69,24.08,56207,DIS (Disgust)
1039_IEO_FEA_LO.wav,470,160,225,0.0689,37.57,30.71,46456,FEA (Fear)
1039_IEO_FEA_HI.wav,2892,209,344,0.0776,24.94,35.46,5915772,FEA (Fear)
1039_IEO_FEA_MD.wav,906,181,340,0.063,51.3,29.66,276926,FEA (Fear)
1039_IEO_HAP_MD.wav,1210,190,343,0.0678,47.96,37.23,599358,HAP (Happy)
1039_IEO_NEU_XX.wav,317,170,333,0.0566,45.66,23.39,10055,NEU (Neutral)
1039_IEO_HAP_HI.wav,3068,206,347,0.0863,29.42,34.49,6757957,HAP (Happy)
1039_IEO_SAD_HI.wav,352,158,333,0.0574,40.19,24.86,16253,SAD (Sadness)
1039_IEO_SAD_MD.wav,433,168,344,0.0662,49.36,24.56,31517,SAD (Sadness)
1039_IEO_SAD_LO.wav,287,152,286,0.0568,47.46,24.4,11764,SAD (Sadness)
1039_IEO_HAP_LO.wav,619,183,344,0.0665,44.54,29.0,131946,HAP (Happy)
1039_IOM_HAP_XX.wav,1751,192,322,0.0557,34.13,31.39,837695,HAP (Happy)
1039_IOM_NEU_XX.wav,494,173,332,0.0473,43.08,26.77,27771,NEU (Neutral)
1039_ITH_ANG_XX.wav,3497,194,332,0.0928,44.23,33.78,10548469,ANG (Angry)
1039_IOM_SAD_XX.wav,448,159,345,0.0502,49.61,20.99,19651,SAD (Sadness)
1039_IOM_DIS_XX.wav,386,170,345,0.0488,43.57,23.3,16754,DIS (Disgust)
1039_IOM_FEA_XX.wav,661,173,292,0.0434,28.94,25.42,31005,FEA (Fear)
1039_IOM_ANG_XX.wav,3822,200,333,0.0919,33.15,23.39,16121507,ANG (Angry)
1039_ITH_HAP_XX.wav,2412,206,340,0.0823,42.28,31.76,4905229,HAP (Happy)
1039_ITH_FEA_XX.wav,370,165,340,0.0559,41.13,32.08,19385,FEA (Fear)
1039_ITH_NEU_XX.wav,539,150,318,0.0599,46.02,29.95,65356,NEU (Neutral)
1039_ITH_SAD_XX.wav,506,165,342,0.0549,42.33,33.1,56774,SAD (Sadness)
1039_ITH_DIS_XX.wav,531,153,346,0.083,49.72,26.31,154539,DIS (Disgust)
1039_ITS_ANG_XX.wav,1953,188,341,0.125,34.54,32.31,1907689,ANG (Angry)
1039_ITS_DIS_XX.wav,504,186,341,0.116,40.57,24.96,87325,DIS (Disgust)
1039_ITS_NEU_XX.wav,417,171,328,0.079,49.55,29.2,28680,NEU (Neutral)
1039_ITS_HAP_XX.wav,2320,201,338,0.0876,34.1,34.15,2190048,HAP (Happy)
1039_ITS_SAD_XX.wav,275,169,331,0.071,46.24,22.29,5791,SAD (Sadness)
1039_ITS_FEA_XX.wav,428,182,339,0.0843,25.04,27.6,35734,FEA (Fear)
1039_IWL_HAP_XX.wav,3671,199,333,0.0796,34.94,32.92,5141071,HAP (Happy)
1039_IWL_NEU_XX.wav,570,167,343,0.0538,51.88,23.22,51089,NEU (Neutral)
1039_IWL_FEA_XX.wav,860,163,330,0.0509,31.44,22.86,107802,FEA (Fear)
1039_IWL_ANG_XX.wav,3913,177,337,0.0765,37.05,29.15,8440580,ANG (Angry)
1039_IWL_DIS_XX.wav,942,187,329,0.0651,35.61,28.84,276623,DIS (Disgust)
1039_IWL_SAD_XX.wav,542,170,345,0.0505,44.78,23.06,30761,SAD (Sadness)
1039_IWW_ANG_XX.wav,3052,189,325,0.0931,35.57,32.69,6134814,ANG (Angry)
1039_IWW_DIS_XX.wav,556,170,339,0.0939,45.17,28.7,75295,DIS (Disgust)
1039_IWW_HAP_XX.wav,1371,195,340,0.0736,33.96,35.88,712135,HAP (Happy)
1039_IWW_FEA_XX.wav,585,181,334,0.0667,41.8,28.73,33810,FEA (Fear)
1039_IWW_NEU_XX.wav,506,164,315,0.0594,50.43,30.22,25079,NEU (Neutral)
1039_IWW_SAD_XX.wav,337,148,309,0.0548,45.17,25.67,8509,SAD (Sadness)
1039_MTI_NEU_XX.wav,685,177,343,0.057,50.59,21.63,61187,NEU (Neutral)
1039_MTI_ANG_XX.wav,3122,180,337,0.0831,36.64,27.24,6184212,ANG (Angry)
1039_MTI_HAP_XX.wav,3996,224,340,0.0713,23.33,34.37,3855834,HAP (Happy)
1039_TAI_ANG_XX.wav,4016,205,345,0.0971,32.55,30.51,7722642,ANG (Angry)
1039_MTI_DIS_XX.wav,1772,203,328,0.0748,41.39,24.87,1739949,DIS (Disgust)
1039_MTI_SAD_XX.wav,388,155,315,0.0462,38.18,23.01,8992,SAD (Sadness)
1039_MTI_FEA_XX.wav,590,188,344,0.0478,25.09,26.15,23309,FEA (Fear)
1039_TAI_NEU_XX.wav,488,164,328,0.0672,45.88,23.08,34340,NEU (Neutral)
1039_TAI_DIS_XX.wav,1716,205,338,0.103,38.95,31.79,1562252,DIS (Disgust)
1039_TAI_FEA_XX.wav,610,179,335,0.0676,32.78,29.69,39573,FEA (Fear)
1039_TAI_HAP_XX.wav,3852,215,339,0.0898,28.87,33.79,6306784,HAP (Happy)
1039_TAI_SAD_XX.wav,521,181,340,0.0717,42.31,28.34,35924,SAD (Sadness)
1039_TIE_ANG_XX.wav,3613,184,342,0.1032,31.21,31.66,11766943,ANG (Angry)
1039_TIE_DIS_XX.wav,1434,193,339,0.0824,43.03,28.42,1085778,DIS (Disgust)
1039_TSI_ANG_XX.wav,1257,199,336,0.1715,34.78,34.72,1155400,ANG (Angry)
1039_TSI_NEU_XX.wav,424,192,322,0.1066,51.18,31.27,39073,NEU (Neutral)
1039_TIE_FEA_XX.wav,1454,178,345,0.0616,27.35,35.96,367173,FEA (Fear)
1039_TIE_HAP_XX.wav,3257,215,340,0.0826,28.65,34.31,6582256,HAP (Happy)
1039_TIE_NEU_XX.wav,654,169,343,0.059,42.44,32.27,157780,NEU (Neutral)
1039_TSI_HAP_XX.wav,2326,187,344,0.1003,31.83,31.85,4124055,HAP (Happy)
1039_TIE_SAD_XX.wav,292,152,337,0.0616,45.2,22.2,6663,SAD (Sadness)
1039_TSI_DIS_XX.wav,476,184,344,0.1382,51.18,26.07,91901,DIS (Disgust)
1039_TSI_FEA_XX.wav,555,179,346,0.0924,33.58,31.53,60767,FEA (Fear)
1039_WSI_ANG_XX.wav,3370,190,279,0.1648,29.39,38.5,10061198,ANG (Angry)
1039_WSI_NEU_XX.wav,444,164,330,0.0827,39.74,32.0,46591,NEU (Neutral)
1039_TSI_SAD_XX.wav,276,172,341,0.09,41.47,25.84,10527,SAD (Sadness)
1039_WSI_DIS_XX.wav,915,182,338,0.1207,38.39,28.15,358781,DIS (Disgust)
1039_WSI_FEA_XX.wav,324,174,339,0.0701,32.84,26.63,8016,FEA (Fear)
1040_DFA_ANG_XX.wav,788,185,339,0.0759,40.2,39.72,307702,ANG (Angry)
1039_WSI_HAP_XX.wav,1888,181,341,0.1236,27.72,39.15,2218237,HAP (Happy)
1040_DFA_FEA_XX.wav,360,180,341,0.0572,35.46,26.19,14271,FEA (Fear)
1040_DFA_HAP_XX.wav,500,183,340,0.0627,35.73,31.37,115350,HAP (Happy)
1040_DFA_NEU_XX.wav,354,165,303,0.0672,38.88,29.04,27614,NEU (Neutral)
1040_DFA_DIS_XX.wav,186,167,307,0.0599,45.25,17.91,2270,DIS (Disgust)
1039_WSI_SAD_XX.wav,335,171,311,0.0718,38.4,26.15,12938,SAD (Sadness)
1040_DFA_SAD_XX.wav,236,169,346,0.0542,45.09,22.15,3789,SAD (Sadness)
1040_IEO_ANG_MD.wav,1928,229,303,0.1065,22.33,34.39,2141486,ANG (Angry)
1040_IEO_ANG_HI.wav,5202,254,343,0.1325,26.12,28.39,28469662,ANG (Angry)
1040_IEO_DIS_MD.wav,295,169,343,0.0666,55.59,22.52,17145,DIS (Disgust)
1040_IEO_ANG_LO.wav,600,173,338,0.068,36.67,28.62,103647,ANG (Angry)
1040_IEO_FEA_LO.wav,268,173,326,0.0541,43.44,21.86,3780,FEA (Fear)
1040_IEO_FEA_HI.wav,2074,235,336,0.0891,27.46,33.2,1738483,FEA (Fear)
1040_IEO_DIS_LO.wav,239,167,342,0.0602,53.97,22.04,4979,DIS (Disgust)
1040_IEO_FEA_MD.wav,308,170,321,0.0713,37.0,27.52,13357,FEA (Fear)
1040_IEO_DIS_HI.wav,220,171,340,0.0706,41.67,22.51,5773,DIS (Disgust)
1040_IEO_HAP_LO.wav,446,184,327,0.0686,36.88,29.45,74393,HAP (Happy)
1040_IEO_HAP_HI.wav,901,192,332,0.0865,37.11,27.42,339423,HAP (Happy)
1040_IEO_NEU_XX.wav,371,187,338,0.0684,39.12,26.81,42707,NEU (Neutral)
1040_IEO_SAD_LO.wav,218,174,347,0.0617,41.24,18.6,2991,SAD (Sadness)
1040_IEO_HAP_MD.wav,341,171,331,0.0822,35.96,30.11,21139,HAP (Happy)
1040_IOM_ANG_XX.wav,1356,198,332,0.0728,34.51,25.89,586910,ANG (Angry)
1040_IEO_SAD_MD.wav,209,179,319,0.0592,41.48,21.15,3618,SAD (Sadness)
1040_IEO_SAD_HI.wav,233,174,344,0.0607,39.81,20.82,5042,SAD (Sadness)
1040_IOM_DIS_XX.wav,234,167,305,0.052,43.87,21.51,2434,DIS (Disgust)
1040_IOM_FEA_XX.wav,402,174,338,0.0513,40.52,21.97,8714,FEA (Fear)
1040_IOM_HAP_XX.wav,538,189,327,0.0517,37.92,28.79,31022,HAP (Happy)
1040_IOM_NEU_XX.wav,382,185,338,0.052,43.45,23.29,15505,NEU (Neutral)
1040_IOM_SAD_XX.wav,299,155,341,0.0463,41.89,16.7,4298,SAD (Sadness)
1040_ITH_ANG_XX.wav,1109,195,338,0.0822,26.92,38.36,617872,ANG (Angry)
1040_ITH_FEA_XX.wav,359,146,340,0.0511,35.45,22.31,8308,FEA (Fear)
1040_ITH_DIS_XX.wav,205,177,322,0.0564,50.43,23.02,2431,DIS (Disgust)
1040_ITH_HAP_XX.wav,354,184,336,0.0613,38.94,26.38,18857,HAP (Happy)
1040_ITS_ANG_XX.wav,654,181,262,0.0974,28.91,38.08,121338,ANG (Angry)
1040_ITH_NEU_XX.wav,339,175,341,0.0669,45.91,28.78,21590,NEU (Neutral)
1040_ITH_SAD_X.wav,241,166,340,0.053,46.92,27.47,4858,SAD (Sadness)
1040_ITS_DIS_XX.wav,267,178,344,0.0922,43.76,21.04,7942,DIS (Disgust)
1040_ITS_NEU_XX.wav,391,180,333,0.0773,43.39,29.75,23638,NEU (Neutral)
1040_ITS_HAP_XX.wav,455,181,344,0.0753,42.56,30.46,26648,HAP (Happy)
1040_ITS_FEA_XX.wav,332,180,343,0.0777,31.49,26.31,11778,FEA (Fear)
1040_ITS_SAD_XX.wav,228,167,346,0.0752,37.14,22.44,2927,SAD (Sadness)
1040_IWL_ANG_XX.wav,1690,198,343,0.0727,28.48,24.78,780811,ANG (Angry)
1040_IWL_DIS_XX.wav,271,183,338,0.0549,39.75,19.69,5123,DIS (Disgust)
1040_IWL_FEA_XX.wav,645,186,341,0.0584,25.87,25.81,76824,FEA (Fear)
1040_IWL_HAP_XX.wav,573,179,340,0.0572,41.69,22.16,60192,HAP (Happy)
1040_IWL_NEU_XX.wav,393,168,345,0.0588,42.6,22.42,22097,NEU (Neutral)
1040_IWL_SAD_XX.wav,343,165,340,0.049,37.02,20.88,7561,SAD (Sadness)
1040_IWW_ANG_XX.wav,867,181,337,0.0861,32.85,31.98,252529,ANG (Angry)
1040_IWW_FEA_XX.wav,230,170,339,0.0588,36.39,22.35,3627,FEA (Fear)
1040_IWW_DIS_XX.wav,265,178,274,0.0608,30.61,23.38,5099,DIS (Disgust)
1040_IWW_HAP_XX.wav,296,171,344,0.071,48.07,25.28,7880,HAP (Happy)
1040_IWW_NEU_XX.wav,343,168,347,0.0605,45.52,23.62,13101,NEU (Neutral)
1040_MTI_ANG_XX.wav,1936,205,318,0.0803,28.46,28.74,1329455,ANG (Angry)
1040_IWW_SAD_XX.wav,206,158,343,0.0563,37.7,19.97,1660,SAD (Sadness)
1040_MTI_HAP_XX.wav,390,177,340,0.0593,37.46,23.69,17613,HAP (Happy)
1040_MTI_FEA_XX.wav,549,188,337,0.0592,35.16,26.58,35721,FEA (Fear)
1040_MTI_DIS_XX.wav,303,175,343,0.0628,41.92,21.72,11551,DIS (Disgust)
1040_MTI_NEU_XX.wav,423,179,329,0.0584,43.76,22.84,26441,NEU (Neutral)
1040_MTI_SAD_XX.wav,296,171,333,0.0529,42.05,21.14,5579,SAD (Sadness)
1040_TAI_DIS_XX.wav,347,180,339,0.0745,45.67,25.47,13984,DIS (Disgust)
1040_TAI_FEA_XX.wav,387,178,344,0.0704,25.49,24.04,12397,FEA (Fear)
1040_TAI_ANG_XX.wav,915,183,341,0.0788,35.52,29.4,209763,ANG (Angry)
1040_TAI_HAP_XX.wav,395,174,344,0.0652,35.4,30.1,25149,HAP (Happy)
1040_TAI_NEU_XX.wav,382,163,330,0.0693,40.36,22.92,20604,NEU (Neutral)
1040_TIE_ANG_XX.wav,624,182,325,0.0845,36.88,30.28,161177,ANG (Angry)
1040_TAI_SAD_XX.wav,310,154,345,0.0668,38.09,20.88,5973,SAD (Sadness)
1040_TIE_FEA_XX.wav,731,195,299,0.0622,23.42,28.78,104598,FEA (Fear)
1040_TIE_DIS_XX.wav,252,171,346,0.0688,47.14,23.82,9290,DIS (Disgust)
1040_TIE_HAP_XX.wav,521,186,337,0.0758,21.57,29.78,60168,HAP (Happy)
1040_TIE_NEU_XX.wav,279,173,340,0.0615,47.05,23.3,11082,NEU (Neutral)
1040_TSI_DIS_XX.wav,333,185,344,0.1616,44.12,22.11,26972,DIS (Disgust)
1040_TSI_ANG_XX.wav,665,182,334,0.1753,36.52,31.13,189667,ANG (Angry)
1040_TSI_SAD_XX.wav,227,175,296,0.1392,38.06,21.58,9821,SAD (Sadness)
1040_TIE_SAD_XX.wav,269,174,337,0.0539,37.74,23.24,6875,SAD (Sadness)
1040_TSI_HAP_XX.wav,342,189,340,0.1347,35.07,28.0,36090,HAP (Happy)
1040_TSI_NEU_XX.wav,315,166,338,0.1132,39.89,31.53,19589,NEU (Neutral)
1040_TSI_FEA_XX.wav,446,195,343,0.1261,42.57,30.19,54886,FEA (Fear)
1040_WSI_DIS_XX.wav,310,184,343,0.0902,47.84,23.0,37639,DIS (Disgust)
1040_WSI_ANG_XX.wav,1123,203,333,0.1368,22.85,31.95,598668,ANG (Angry)
1040_WSI_HAP_XX.wav,527,191,339,0.0943,33.26,31.62,53061,HAP (Happy)
1040_WSI_FEA_XX.wav,842,195,346,0.1002,29.07,32.23,219285,FEA (Fear)
1040_WSI_NEU_XX.wav,391,180,343,0.0826,43.97,29.32,28152,NEU (Neutral)
1041_DFA_NEU_XX.wav,442,163,343,0.0715,39.86,29.76,27024,NEU (Neutral)
1041_DFA_FEA_XX.wav,264,163,340,0.0603,39.3,25.05,8628,FEA (Fear)
1041_DFA_ANG_XX.wav,3985,208,344,0.0803,17.77,35.88,10150637,ANG (Angry)
1040_WSI_SAD_XX.wav,231,160,311,0.0807,33.9,21.22,5634,SAD (Sadness)
1041_DFA_HAP_XX.wav,995,178,345,0.0671,39.39,34.01,330571,HAP (Happy)
1041_DFA_DIS_XX.wav,278,158,276,0.0763,36.13,21.79,8919,DIS (Disgust)
1041_DFA_SAD_XX.wav,279,173,338,0.0557,48.25,24.49,7056,SAD (Sadness)
1041_IEO_ANG_LO.wav,498,170,339,0.0758,41.44,22.57,45922,ANG (Angry)
1041_IEO_ANG_HI.wav,4668,221,336,0.0849,21.86,36.94,13168766,ANG (Angry)
1041_IEO_ANG_MD.wav,1102,181,327,0.0782,37.02,25.47,356950,ANG (Angry)
1041_IEO_DIS_HI.wav,359,166,337,0.0757,42.06,23.7,28397,DIS (Disgust)
1041_IEO_HAP_HI.wav,1261,177,337,0.0776,36.37,34.33,750548,HAP (Happy)
1041_IEO_DIS_MD.wav,296,145,316,0.0667,39.85,20.79,8015,DIS (Disgust)
1041_IEO_HAP_MD.wav,410,159,344,0.0684,41.51,21.96,28635,HAP (Happy)
1041_IEO_HAP_LO.wav,311,157,344,0.0569,36.31,23.82,10851,HAP (Happy)
1041_IEO_DIS_LO.wav,238,158,273,0.0597,38.87,22.75,4983,DIS (Disgust)
1041_IEO_SAD_LO.wav,317,139,347,0.0611,36.87,21.17,9083,SAD (Sadness)
1041_IEO_FEA_MD.wav,300,162,340,0.0635,49.72,20.92,13680,FEA (Fear)
1041_IEO_FEA_LO.wav,240,143,185,0.0559,32.66,17.95,4250,FEA (Fear)
1041_IEO_SAD_HI.wav,251,155,334,0.0589,47.82,24.25,4554,SAD (Sadness)
1041_IEO_NEU_XX.wav,238,127,211,0.0565,39.12,19.48,3752,NEU (Neutral)
1041_IEO_SAD_MD.wav,358,164,343,0.077,43.86,26.03,25228,SAD (Sadness)
1041_IEO_FEA_HI.wav,581,169,339,0.0706,35.78,27.64,69257,FEA (Fear)
1041_IOM_NEU_XX.wav,347,139,340,0.0499,36.01,18.47,8577,NEU (Neutral)
1041_IOM_FEA_XX.wav,604,167,345,0.054,33.15,23.41,59212,FEA (Fear)
1041_IOM_HAP_XX.wav,902,181,323,0.0577,36.3,24.55,121578,HAP (Happy)
1041_IOM_DIS_XX.wav,402,153,340,0.0515,35.63,16.21,18157,DIS (Disgust)
1041_IOM_ANG_XX.wav,1778,180,337,0.0579,30.42,24.39,998365,ANG (Angry)
1041_IOM_SAD_XX.wav,417,155,327,0.0466,35.99,20.18,15457,SAD (Sadness)
1041_ITH_FEA_XX.wav,292,157,338,0.0624,44.53,21.58,11232,FEA (Fear)
1041_ITH_HAP_XX.wav,691,173,316,0.0605,35.92,33.35,127196,HAP (Happy)
1041_ITH_DIS_XX.wav,295,157,337,0.0733,53.54,23.72,11947,DIS (Disgust)
1041_ITH_ANG_XX.wav,1943,172,335,0.0968,30.8,39.92,2438442,ANG (Angry)
1041_ITH_NEU_XX.wav,339,152,324,0.061,37.4,23.96,14226,NEU (Neutral)
1041_ITS_HAP_XX.wav,735,179,298,0.077,31.9,30.46,99171,HAP (Happy)
1041_ITS_FEA_XX.wav,271,149,344,0.085,43.42,23.04,22128,FEA (Fear)
1041_ITS_NEU_XX.wav,307,170,345,0.0739,39.06,22.26,9800,NEU (Neutral)
1041_ITH_SAD_XX.wav,340,145,333,0.0559,38.39,24.34,16642,SAD (Sadness)
1041_ITS_DIS_XX.wav,293,168,345,0.1048,43.84,22.35,23718,DIS (Disgust)
1041_ITS_ANG_XX.wav,2076,186,344,0.1107,30.64,29.56,1736497,ANG (Angry)
1041_IWL_ANG_XX.wav,3158,194,340,0.0805,25.5,24.89,4818430,ANG (Angry)
1041_IWL_FEA_XX.wav,558,171,326,0.0643,37.53,25.18,51045,FEA (Fear)
1041_ITS_SAD_XX.wav,291,167,338,0.0733,38.68,23.66,10021,SAD (Sadness)
1041_IWL_DIS_XX.wav,539,163,339,0.0653,40.65,24.17,55312,DIS (Disgust)
1041_IWL_NEU_XX.wav,515,163,311,0.058,39.48,27.43,45511,NEU (Neutral)
1041_IWW_ANG_XX.wav,4610,218,337,0.0859,20.43,25.4,10217398,ANG (Angry)
1041_IWL_SAD_XX.wav,314,156,339,0.0548,38.87,20.7,7002,SAD (Sadness)
1041_IWW_FEA_XX.wav,250,160,343,0.0718,41.38,20.65,8727,FEA (Fear)
1041_IWW_HAP_XX.wav,795,177,329,0.0685,39.5,31.32,121207,HAP (Happy)
1041_IWL_HAP_XX.wav,853,172,340,0.0571,36.73,28.87,206137,HAP (Happy)
1041_IWW_DIS_XX.wav,358,159,341,0.0706,43.57,25.72,25166,DIS (Disgust)
1041_IWW_NEU_XX.wav,296,150,345,0.0602,37.37,21.27,8497,NEU (Neutral)
1041_IWW_SAD_XX.wav,253,149,340,0.0593,36.94,22.8,5023,SAD (Sadness)
1041_MTI_HAP_XX.wav,1640,185,340,0.0741,31.89,28.75,529156,HAP (Happy)
1041_MTI_DIS_XX.wav,293,149,334,0.0641,40.44,20.14,9461,DIS (Disgust)
1041_MTI_ANG_XX.wav,4035,199,344,0.0747,27.0,32.88,6395878,ANG (Angry)
1041_TAI_ANG_XX.wav,3388,200,344,0.0826,25.64,36.02,5491708,ANG (Angry)
1041_MTI_NEU_XX.wav,521,172,335,0.062,46.22,25.57,39256,NEU (Neutral)
1041_MTI_SAD_XX.wav,319,170,341,0.0526,42.03,23.87,7334,SAD (Sadness)
1041_MTI_FEA_XX.wav,277,167,331,0.0591,41.66,21.72,5984,FEA (Fear)
1041_TAI_HAP_XX.wav,1354,184,291,0.0674,26.53,26.5,357863,HAP (Happy)
1041_TAI_FEA_XX.wav,321,155,342,0.061,42.18,23.19,10584,FEA (Fear)
1041_TAI_DIS_XX.wav,317,160,339,0.0786,41.08,23.47,10584,DIS (Disgust)
1041_TAI_NEU_XX.wav,519,160,342,0.0629,47.06,24.72,38006,NEU (Neutral)
1041_TIE_FEA_XX.wav,264,146,343,0.0649,40.35,23.86,7541,FEA (Fear)
1041_TAI_SAD_XX.wav,467,176,339,0.0639,40.88,26.22,23873,SAD (Sadness)
1041_TIE_DIS_XX.wav,285,173,345,0.071,47.86,21.0,10462,DIS (Disgust)
1041_TIE_ANG_XX.wav,1685,175,345,0.0956,34.71,27.39,2241238,ANG (Angry)
1041_TSI_NEU_XX.wav,311,163,341,0.1089,46.82,26.28,21352,NEU (Neutral)
1041_TSI_FEA_XX.wav,264,169,341,0.1376,46.82,22.27,37264,FEA (Fear)
1041_TIE_HAP_XX.wav,428,160,342,0.059,43.31,24.89,23492,HAP (Happy)
1041_TIE_SAD_XX.wav,294,140,344,0.0669,39.34,24.66,9205,SAD (Sadness)
1041_TIE_NEU_XX.wav,278,155,345,0.061,34.54,23.15,8157,NEU (Neutral)
1041_TSI_ANG_XX.wav,3125,209,324,0.1626,23.85,38.26,5696707,ANG (Angry)
1041_TSI_HAP_XX.wav,663,177,333,0.1176,36.56,30.27,152658,HAP (Happy)
1041_TSI_DIS_XX.wav,429,172,338,0.1582,38.8,20.26,73209,DIS (Disgust)
1041_TSI_SAD_XX.wav,324,175,343,0.1128,47.59,26.16,21240,SAD (Sadness)
1041_WSI_FEA_XX.wav,276,166,343,0.074,37.96,24.63,17431,FEA (Fear)
1041_WSI_DIS_XX.wav,474,170,317,0.1127,35.48,26.18,74441,DIS (Disgust)
1041_WSI_HAP_XX.wav,1093,172,334,0.0874,23.61,29.33,502215,HAP (Happy)
1041_WSI_ANG_XX.wav,1636,185,328,0.1371,35.12,33.49,1750896,ANG (Angry)
1042_DFA_ANG_XX.wav,714,188,331,0.089,41.21,30.31,161299,ANG (Angry)
1042_DFA_FEA_XX.wav,1161,203,333,0.0845,27.57,39.28,395839,FEA (Fear)
1042_DFA_DIS_XX.wav,529,180,321,0.1045,43.42,23.46,84958,DIS (Disgust)
1042_DFA_HAP_XX.wav,1249,200,340,0.0694,27.03,41.33,524839,HAP (Happy)
1041_WSI_NEU_XX.wav,373,166,340,0.078,47.74,26.44,29206,NEU (Neutral)
1041_WSI_SAD_XX.wav,276,149,339,0.0638,38.25,23.9,6664,SAD (Sadness)
1042_IEO_ANG_LO.wav,1222,192,320,0.0785,42.85,30.65,678750,ANG (Angry)
1042_DFA_NEU_XX.wav,491,169,341,0.0752,39.38,27.41,47051,NEU (Neutral)
1042_DFA_SAD_XX.wav,532,165,340,0.0744,37.76,30.52,44649,SAD (Sadness)
1042_IEO_ANG_HI.wav,3799,234,328,0.0958,20.2,35.36,8742018,ANG (Angry)
1042_IEO_ANG_MD.wav,1881,220,260,0.0762,24.61,27.21,1552615,ANG (Angry)
1042_IEO_DIS_LO.wav,277,168,305,0.0646,43.32,22.99,9928,DIS (Disgust)
1042_IEO_FEA_HI.wav,2994,246,342,0.0811,26.87,36.37,5174483,FEA (Fear)
1042_IEO_DIS_HI.wav,890,188,346,0.0849,34.71,32.63,325819,DIS (Disgust)
1042_IEO_DIS_MD.wav,795,179,337,0.0785,40.2,26.35,255689,DIS (Disgust)
1042_IEO_FEA_MD.wav,552,178,337,0.0626,32.81,30.61,55610,FEA (Fear)
1042_IEO_FEA_LO.wav,639,170,329,0.063,37.58,26.54,75350,FEA (Fear)
1042_IEO_NEU_XX.wav,374,192,337,0.0666,39.25,25.82,26307,NEU (Neutral)
1042_IEO_HAP_MD.wav,620,177,342,0.0678,32.07,29.02,133809,HAP (Happy)
1042_IEO_HAP_HI.wav,673,196,332,0.0725,34.89,29.36,158878,HAP (Happy)
1042_IEO_SAD_LO.wav,412,170,329,0.058,40.82,19.45,23576,SAD (Sadness)
1042_IEO_HAP_LO.wav,690,190,334,0.068,31.0,29.58,179091,HAP (Happy)
1042_IEO_SAD_HI.wav,339,177,342,0.0833,40.21,22.14,18867,SAD (Sadness)
1042_IOM_ANG_XX.wav,1253,179,335,0.068,39.96,29.15,610131,ANG (Angry)
1042_IEO_SAD_MD.wav,330,177,310,0.0604,44.44,20.81,20375,SAD (Sadness)
1042_IOM_FEA_XX.wav,1892,204,342,0.0623,20.82,28.16,1003984,FEA (Fear)
1042_IOM_DIS_XX.wav,520,176,343,0.0496,42.2,22.57,23166,DIS (Disgust)
1042_IOM_NEU_XX.wav,746,195,328,0.0603,36.98,28.76,93245,NEU (Neutral)
1042_IOM_HAP_XX.wav,1014,202,331,0.0576,32.99,27.2,191847,HAP (Happy)
1042_IOM_SAD_XX.wav,681,189,328,0.0514,31.19,23.83,57733,SAD (Sadness)
1042_ITH_ANG_XX.wav,1011,191,335,0.0856,41.04,33.95,821061,ANG (Angry)
1042_ITH_DIS_XX.wav,541,173,320,0.08,44.75,27.38,106954,DIS (Disgust)
1042_ITH_HAP_XX.wav,1239,199,311,0.075,27.54,31.13,737548,HAP (Happy)
1042_ITH_NEU_XX.wav,624,167,321,0.0736,37.19,29.1,131996,NEU (Neutral)
1042_ITH_SAD_XX.wav,633,171,340,0.0686,33.34,30.12,123766,SAD (Sadness)
1042_ITH_FEA_XX.wav,676,171,341,0.0742,28.84,33.01,227496,FEA (Fear)
1042_ITS_DIS_XX.wav,746,175,339,0.0905,40.87,28.15,243736,DIS (Disgust)
1042_ITS_HAP_XX.wav,983,212,331,0.084,26.49,37.01,228053,HAP (Happy)
1042_ITS_ANG_XX.wav,820,178,331,0.1089,44.39,28.25,290577,ANG (Angry)
1042_ITS_NEU_XX.wav,764,180,327,0.0892,34.57,32.92,132319,NEU (Neutral)
1042_ITS_FEA_XX.wav,947,179,254,0.0729,19.92,32.58,185603,FEA (Fear)
1042_ITS_SAD_XX.wav,642,173,331,0.083,34.9,28.49,118541,SAD (Sadness)
1042_IWL_ANG_XX.wav,1437,187,340,0.0709,34.34,24.25,570859,ANG (Angry)
1042_IWL_DIS_XX.wav,928,188,326,0.0628,41.41,20.96,259240,DIS (Disgust)
1042_IWL_FEA_XX.wav,1556,213,344,0.0659,30.02,27.73,607695,FEA (Fear)
1042_IWL_HAP_XX.wav,1689,214,336,0.0669,32.18,29.34,651671,HAP (Happy)
1042_IWL_NEU_XX.wav,808,179,344,0.0577,36.57,25.35,158347,NEU (Neutral)
1042_IWW_DIS_XX.wav,468,198,331,0.0631,39.45,26.94,28660,DIS (Disgust)
1042_IWW_ANG_XX.wav,885,183,332,0.0714,39.44,35.12,321877,ANG (Angry)
1042_IWW_FEA_XX.wav,1496,218,330,0.062,31.01,31.51,417214,FEA (Fear)
1042_IWW_HAP_XX.wav,1271,204,340,0.069,27.91,33.46,417346,HAP (Happy)
1042_IWL_SAD_XX.wav,843,175,344,0.0595,33.13,24.71,137675,SAD (Sadness)
1042_IWW_SAD_XX.wav,606,165,297,0.0645,31.33,29.13,36029,SAD (Sadness)
1042_IWW_NEU_XX.wav,504,172,345,0.0603,44.89,27.44,43603,NEU (Neutral)
1042_MTI_ANG_XX.wav,1524,196,335,0.0697,35.06,28.48,605350,ANG (Angry)
1042_MTI_FEA_XX.wav,1451,192,339,0.074,33.22,22.46,583443,FEA (Fear)
1042_TAI_ANG_XX.wav,1427,194,340,0.0889,27.34,28.97,559196,ANG (Angry)
1042_MTI_DIS_XX.wav,1087,182,327,0.069,34.23,25.95,261085,DIS (Disgust)
1042_MTI_NEU_XX.wav,982,193,319,0.0638,27.92,27.33,150894,NEU (Neutral)
1042_MTI_HAP_XX.wav,1344,204,342,0.0652,29.62,25.72,451487,HAP (Happy)
1042_TAI_HAP_XX.wav,1366,209,341,0.0686,30.65,31.03,568327,HAP (Happy)
1042_TAI_SAD_XX.wav,894,198,321,0.0735,26.33,25.84,160393,SAD (Sadness)
1042_TAI_NEU_XX.wav,523,175,334,0.067,40.19,25.02,36529,NEU (Neutral)
1042_TAI_DIS_XX.wav,1113,196,341,0.0953,31.12,23.45,463581,DIS (Disgust)
1042_TAI_FEA_XX.wav,1796,211,331,0.0663,29.33,28.44,694326,FEA (Fear)
1042_MTI_SAD_XX.wav,912,180,321,0.054,20.31,26.68,168605,SAD (Sadness)
1042_TSI_DIS_XX.wav,711,170,268,0.2359,36.09,31.9,227553,DIS (Disgust)
1042_TIE_NEU_XX.wav,547,171,321,0.0618,39.16,31.08,60825,NEU (Neutral)
1042_TIE_ANG_XX.wav,907,172,340,0.0901,33.72,29.37,401925,ANG (Angry)
1042_TIE_DIS_XX.wav,595,162,287,0.0674,40.39,25.17,79157,DIS (Disgust)
1042_TSI_ANG_XX.wav,592,181,345,0.1479,41.83,32.27,174854,ANG (Angry)
1042_TIE_FEA_XX.wav,670,175,299,0.0613,26.86,24.2,94536,FEA (Fear)
1042_TSI_FEA_XX.wav,901,184,341,0.1095,39.54,34.43,367554,FEA (Fear)
1042_TIE_HAP_XX.wav,1026,202,345,0.0694,32.48,32.16,342609,HAP (Happy)
1042_TSI_NEU_XX.wav,458,184,341,0.1006,37.06,30.24,54321,NEU (Neutral)
1042_TSI_SAD_XX.wav,543,181,314,0.1196,31.91,37.29,72523,SAD (Sadness)
1042_TSI_HAP_XX.wav,840,180,319,0.1143,38.66,37.17,302786,HAP (Happy)
1042_TIE_SAD_XX.wav,370,178,328,0.0667,45.37,22.76,31794,SAD (Sadness)
1042_WSI_ANG_XX.wav,805,192,330,0.1088,34.11,29.56,251425,ANG (Angry)
1042_WSI_DIS_XX.wav,640,178,334,0.1243,39.01,29.28,161449,DIS (Disgust)
1042_WSI_FEA_XX.wav,1299,193,332,0.0939,33.51,32.69,762192,FEA (Fear)
1043_DFA_ANG_XX.wav,1602,266,346,0.122,20.74,35.63,1773636,ANG (Angry)
1042_WSI_HAP_XX.wav,952,206,339,0.1152,31.68,34.29,272486,HAP (Happy)
1042_WSI_SAD_XX.wav,749,186,333,0.0882,26.69,30.83,109546,SAD (Sadness)
1043_DFA_HAP_XX.wav,695,232,337,0.085,22.2,33.06,280783,HAP (Happy)
1043_DFA_NEU_XX.wav,398,176,247,0.0716,23.56,26.89,30817,NEU (Neutral)
1043_DFA_DIS_XX.wav,350,183,342,0.0785,28.26,27.05,27411,DIS (Disgust)
1042_WSI_NEU_XX.wav,779,176,331,0.1044,32.88,32.0,130627,NEU (Neutral)
1043_DFA_FEA_XX.wav,872,221,342,0.0768,25.37,41.19,372968,FEA (Fear)
1043_DFA_SAD_XX.wav,284,204,337,0.0768,29.77,23.99,9404,SAD (Sadness)
1043_IEO_FEA_HI.wav,1208,250,342,0.0779,28.1,33.38,1009052,FEA (Fear)
1043_IEO_DIS_LO.wav,269,190,329,0.0632,34.92,22.73,25236,DIS (Disgust)
1043_IEO_ANG_MD.wav,633,213,338,0.0764,22.82,32.52,139582,ANG (Angry)
1043_IEO_ANG_HI.wav,1806,254,346,0.0848,19.64,34.61,1487190,ANG (Angry)
1043_IEO_DIS_HI.wav,863,222,334,0.084,23.16,31.98,320821,DIS (Disgust)
1043_IEO_DIS_MD.wav,453,196,343,0.0811,29.91,34.19,62600,DIS (Disgust)
1043_IEO_HAP_HI.wav,1013,215,306,0.0888,22.97,35.33,556389,HAP (Happy)
1043_IEO_HAP_LO.wav,510,207,342,0.0721,33.21,29.1,81188,HAP (Happy)
1043_IEO_ANG_LO.wav,480,190,337,0.068,32.1,26.82,70812,ANG (Angry)
1043_IEO_FEA_LO.wav,212,179,331,0.0623,34.79,23.11,4703,FEA (Fear)
1043_IEO_HAP_MD.wav,932,215,328,0.0847,23.27,33.22,297507,HAP (Happy)
1043_IEO_FEA_MD.wav,345,200,340,0.07,36.05,24.09,26878,FEA (Fear)
1043_IEO_NEU_XX.wav,363,193,341,0.0671,34.31,28.59,34925,NEU (Neutral)
1043_IEO_SAD_LO.wav,264,169,179,0.0649,29.44,21.08,10551,SAD (Sadness)
1043_IEO_SAD_MD.wav,283,198,343,0.0645,34.95,26.52,19966,SAD (Sadness)
1043_IEO_SAD_HI.wav,313,185,329,0.0617,31.16,28.59,29923,SAD (Sadness)
1043_IOM_HAP_XX.wav,838,225,236,0.073,11.23,26.55,262670,HAP (Happy)
1043_IOM_FEA_XX.wav,670,206,243,0.0722,14.92,26.62,146189,FEA (Fear)
1043_IOM_ANG_XX.wav,1245,260,337,0.0796,14.23,28.22,515280,ANG (Angry)
1043_IOM_NEU_XX.wav,515,208,339,0.0606,22.49,26.35,53391,NEU (Neutral)
1043_IOM_SAD_XX.wav,348,206,322,0.0623,24.36,21.29,16771,SAD (Sadness)
1043_IOM_DIS_XX.wav,410,199,338,0.0742,23.05,24.12,49216,DIS (Disgust)
1043_ITH_ANG_XX.wav,1242,273,333,0.0894,19.54,36.91,512361,ANG (Angry)
1043_ITS_ANG_XX.wav,901,233,339,0.104,26.19,36.73,307914,ANG (Angry)
1043_ITH_HAP_XX.wav,702,219,342,0.0729,24.59,30.24,193358,HAP (Happy)
1043_ITH_FEA_XX.wav,260,183,217,0.0674,21.67,23.94,10884,FEA (Fear)
1043_ITH_DIS_XX.wav,237,183,344,0.0655,36.84,23.19,6211,DIS (Disgust)
1043_ITH_NEU_XX.wav,361,188,342,0.0642,27.87,29.4,29450,NEU (Neutral)
1043_ITH_SAD_XX.wav,297,199,345,0.0636,30.34,24.6,12799,SAD (Sadness)
1043_ITS_NEU_XX.wav,349,185,343,0.0868,37.06,30.29,20698,NEU (Neutral)
1043_ITS_FEA_XX.wav,559,205,341,0.0658,28.02,36.1,58354,FEA (Fear)
1043_ITS_SAD_XX.wav,255,193,258,0.0677,17.93,25.29,4136,SAD (Sadness)
1043_ITS_HAP_XX.wav,704,219,338,0.0808,27.31,37.4,83169,HAP (Happy)
1043_ITS_DIS_XX.wav,293,181,345,0.0845,29.24,23.9,12702,DIS (Disgust)
1043_IWL_FEA_XX.wav,628,225,338,0.0665,24.84,22.21,85223,FEA (Fear)
1043_IWL_ANG_XX.wav,1559,261,326,0.0766,21.08,31.87,944995,ANG (Angry)
1043_IWL_SAD_XX.wav,438,215,342,0.0629,24.49,23.12,26975,SAD (Sadness)
1043_IWL_HAP_XX.wav,825,214,344,0.0673,19.72,30.1,271132,HAP (Happy)
1043_IWW_ANG_XX.wav,1071,218,337,0.0903,17.13,33.99,311845,ANG (Angry)
1043_IWL_NEU_XX.wav,411,205,340,0.0644,27.61,22.71,30361,NEU (Neutral)
1043_IWW_NEU_XX.wav,483,216,339,0.0766,23.34,29.02,41854,NEU (Neutral)
1043_IWL_DIS_XX.wav,346,192,333,0.0665,26.79,22.28,25910,DIS (Disgust)
1043_IWW_DIS_XX.wav,379,194,340,0.0756,32.23,22.76,39981,DIS (Disgust)
1043_IWW_FEA_XX.wav,471,200,325,0.0816,23.3,28.48,57934,FEA (Fear)
1043_IWW_HAP_XX.wav,801,248,343,0.0753,12.54,28.52,158847,HAP (Happy)
1043_IWW_SAD_XX.wav,349,195,331,0.0764,23.72,26.24,22225,SAD (Sadness)
1043_MTI_FEA_XX.wav,648,219,260,0.0758,15.91,28.08,75528,FEA (Fear)
1043_MTI_DIS_XX.wav,379,190,338,0.0605,30.16,22.24,13843,DIS (Disgust)
1043_MTI_ANG_XX.wav,1297,229,344,0.0796,21.15,32.76,599285,ANG (Angry)
1043_MTI_NEU_XX.wav,541,199,340,0.0648,26.47,25.8,55534,NEU (Neutral)
1043_MTI_SAD_XX.wav,402,190,345,0.0582,23.69,20.94,20761,SAD (Sadness)
1043_MTI_HAP_XX.wav,902,234,345,0.0699,26.02,29.07,190607,HAP (Happy)
1043_TAI_FEA_XX.wav,448,214,343,0.0739,22.53,30.02,46989,FEA (Fear)
1043_TAI_ANG_XX.wav,1525,253,330,0.0937,29.8,38.1,741028,ANG (Angry)
1043_TAI_DIS_XX.wav,306,171,342,0.0702,36.17,23.31,15787,DIS (Disgust)
1043_TAI_HAP_XX.wav,878,255,338,0.0886,19.88,30.01,256391,HAP (Happy)
1043_TAI_NEU_XX.wav,485,210,340,0.0727,24.04,29.83,33530,NEU (Neutral)
1043_TAI_SAD_XX.wav,343,189,329,0.059,23.7,21.59,9205,SAD (Sadness)
1043_TIE_FEA_XX.wav,505,213,240,0.0805,18.66,30.73,96260,FEA (Fear)
1043_TIE_ANG_XX.wav,597,206,345,0.0832,30.53,32.08,194197,ANG (Angry)
1043_TIE_NEU_XX.wav,382,190,329,0.0634,26.98,28.15,35980,NEU (Neutral)
1043_TIE_SAD_XX.wav,267,186,341,0.0657,34.35,23.47,12717,SAD (Sadness)
1043_TSI_HAP_XX.wav,799,241,336,0.1312,24.0,34.04,194130,HAP (Happy)
1043_TSI_ANG_XX.wav,1020,231,336,0.1492,36.23,36.75,584353,ANG (Angry)
1043_TIE_HAP_XX.wav,564,201,245,0.074,17.59,30.18,115558,HAP (Happy)
1043_TSI_NEU_XX.wav,431,197,340,0.1205,26.39,35.39,32726,NEU (Neutral)
1043_TSI_DIS_XX.wav,385,189,340,0.1396,36.69,33.39,40425,DIS (Disgust)
1043_TSI_SAD_XX.wav,269,195,341,0.0917,36.16,24.87,8375,SAD (Sadness)
1043_TSI_FEA_XX.wav,944,235,345,0.1271,22.77,38.59,258189,FEA (Fear)
1043_TIE_DIS_XX.wav,334,195,343,0.0636,33.23,27.6,35356,DIS (Disgust)
1043_WSI_ANG_XX.wav,1686,258,343,0.1642,23.8,31.19,2725897,ANG (Angry)
1043_WSI_FEA_XX.wav,704,255,329,0.119,19.86,34.8,188877,FEA (Fear)
1043_WSI_NEU_XX.wav,463,200,337,0.0841,28.5,32.26,68300,NEU (Neutral)
1043_WSI_SAD_XX.wav,302,191,343,0.08,27.4,25.91,17278,SAD (Sadness)
1044_DFA_HAP_XX.wav,958,177,331,0.0826,40.87,31.69,842973,HAP (Happy)
1044_DFA_DIS_XX.wav,1965,184,338,0.0945,36.56,35.25,3809177,DIS (Disgust)
1044_DFA_ANG_XX.wav,2956,199,329,0.1176,24.1,30.11,9223458,ANG (Angry)
1043_WSI_DIS_XX.wav,282,180,345,0.0893,41.15,25.87,21023,DIS (Disgust)
1044_DFA_FEA_XX.wav,2132,199,219,0.0662,23.97,37.11,2690884,FEA (Fear)
1043_WSI_HAP_XX.wav,764,246,333,0.103,20.31,30.01,216408,HAP (Happy)
1044_DFA_SAD_XX.wav,260,151,344,0.0598,42.58,21.28,8642,SAD (Sadness)
1044_IEO_ANG_MD.wav,1678,183,330,0.0807,32.93,31.19,1850799,ANG (Angry)
1044_IEO_ANG_LO.wav,678,178,333,0.0699,43.05,26.22,256959,ANG (Angry)
1044_DFA_NEU_XX.wav,674,172,345,0.0808,41.18,32.95,156951,NEU (Neutral)
1044_IEO_FEA_MD.wav,308,158,227,0.0591,29.44,20.19,11480,FEA (Fear)
1044_IEO_ANG_HI.wav,4547,237,332,0.118,23.9,29.67,17859450,ANG (Angry)
1044_IEO_DIS_LO.wav,750,186,333,0.0805,37.34,24.21,452984,DIS (Disgust)
1044_IEO_DIS_HI.wav,3308,226,347,0.1049,33.05,30.8,8499100,DIS (Disgust)
1044_IEO_FEA_HI.wav,2744,200,280,0.0969,24.0,31.34,4543548,FEA (Fear)
1044_IEO_DIS_MD.wav,4049,193,342,0.109,27.26,22.01,13453651,DIS (Disgust)
1044_IEO_HAP_LO.wav,916,165,257,0.0734,29.62,39.3,608262,HAP (Happy)
1044_IEO_NEU_XX.wav,592,188,342,0.0693,42.47,23.32,108451,NEU (Neutral)
1044_IEO_FEA_LO.wav,443,175,344,0.0666,42.66,22.22,65675,FEA (Fear)
1044_IOM_ANG_XX.wav,1501,160,342,0.0636,31.58,24.34,669038,ANG (Angry)
1044_IEO_HAP_MD.wav,347,169,343,0.0818,35.54,21.83,33321,HAP (Happy)
1044_IEO_HAP_HI.wav,994,173,340,0.0823,39.34,27.87,722973,HAP (Happy)
1044_IOM_FEA_XX.wav,948,183,345,0.0572,36.18,20.67,211975,FEA (Fear)
1044_IEO_SAD_HI.wav,212,165,339,0.057,53.27,21.66,3963,SAD (Sadness)
1044_IOM_HAP_XX.wav,1026,178,338,0.0677,29.18,20.02,268196,HAP (Happy)
1044_IEO_SAD_MD.wav,251,161,297,0.0545,38.12,20.17,4776,SAD (Sadness)
1044_IEO_SAD_LO.wav,232,170,340,0.0569,46.34,19.0,4975,SAD (Sadness)
1044_IOM_NEU_XX.wav,521,156,339,0.0604,40.22,21.41,43560,NEU (Neutral)
1044_IOM_DIS_XX.wav,1020,176,332,0.0628,44.11,19.43,204784,DIS (Disgust)
1044_IOM_SAD_XX.wav,367,150,344,0.0485,36.22,16.21,8380,SAD (Sadness)
1044_ITH_ANG_XX.wav,1159,182,343,0.0838,39.89,33.32,976301,ANG (Angry)
1044_ITH_SAD_XX.wav,297,153,252,0.0621,31.74,17.44,6924,SAD (Sadness)
1044_ITH_FEA_XX.wav,354,159,345,0.0634,35.2,22.18,26417,FEA (Fear)
1044_ITH_DIS_XX.wav,548,162,327,0.0725,38.04,25.42,80252,DIS (Disgust)
1044_ITH_HAP_XX.wav,530,161,331,0.0627,36.72,27.0,107079,HAP (Happy)
1044_ITS_NEU_XX.wav,605,168,331,0.0985,46.66,26.73,111283,NEU (Neutral)
1044_ITS_FEA_XX.wav,1618,184,342,0.0954,29.67,27.17,997893,FEA (Fear)
1044_ITH_NEU_XX.wav,739,170,337,0.0815,37.0,29.18,265473,NEU (Neutral)
1044_ITS_DIS_XX.wav,1695,175,336,0.0902,37.12,27.33,2306076,DIS (Disgust)
1044_ITS_ANG_XX.wav,1965,170,343,0.1042,34.35,31.05,2552049,ANG (Angry)
1044_ITS_HAP_XX.wav,751,177,339,0.104,34.69,29.11,181507,HAP (Happy)
1044_ITS_SAD_XX.wav,348,162,206,0.0848,38.39,21.64,17211,SAD (Sadness)
1044_IWL_FEA_XX.wav,2094,183,344,0.0705,31.83,29.66,1680440,FEA (Fear)
1044_IWL_HAP_XX.wav,1592,189,341,0.0666,40.07,26.97,1192884,HAP (Happy)
1044_IWL_ANG_XX.wav,2693,179,340,0.0803,32.73,28.12,6138505,ANG (Angry)
1044_IWL_DIS_XX.wav,3056,188,339,0.0871,35.75,27.56,7496660,DIS (Disgust)
1044_IWL_NEU_XX.wav,726,171,336,0.0652,36.98,25.56,108212,NEU (Neutral)
1044_IWL_SAD_XX.wav,343,166,341,0.0536,37.63,17.95,9736,SAD (Sadness)
1044_IWW_HAP_XX.wav,623,163,339,0.085,48.16,31.46,135563,HAP (Happy)
1044_IWW_DIS_XX.wav,1201,178,343,0.0901,37.12,28.81,1077654,DIS (Disgust)
1044_IWW_FEA_XX.wav,792,186,341,0.0726,34.09,25.07,487291,FEA (Fear)
1044_IWW_ANG_XX.wav,1206,172,302,0.069,35.23,35.74,454633,ANG (Angry)
1044_MTI_ANG_XX.wav,2965,203,335,0.0696,34.35,29.93,3361066,ANG (Angry)
1044_MTI_FEA_XX.wav,960,183,330,0.0542,26.45,23.4,136671,FEA (Fear)
1044_IWW_SAD_XX.wav,293,154,337,0.0584,35.92,21.92,8602,SAD (Sadness)
1044_IWW_NEU_XX.wav,646,169,336,0.0762,39.4,24.76,100135,NEU (Neutral)
1044_MTI_HAP_XX.wav,871,186,341,0.0563,42.2,23.26,211198,HAP (Happy)
1044_TAI_ANG_XX.wav,1676,184,342,0.0919,30.05,29.81,791512,ANG (Angry)
1044_MTI_SAD_XX.wav,352,161,334,0.0523,35.11,19.52,13334,SAD (Sadness)
1044_TAI_HAP_XX.wav,1012,186,249,0.0787,20.32,28.27,234863,HAP (Happy)
1044_TAI_DIS_XX.wav,2427,187,325,0.1026,33.39,31.27,2267574,DIS (Disgust)
1044_MTI_NEU_XX.wav,763,182,329,0.0652,36.37,23.49,117288,NEU (Neutral)
1044_MTI_DIS_XX.wav,1352,180,336,0.0587,37.22,21.46,464787,DIS (Disgust)
1044_TAI_SAD_XX.wav,286,165,338,0.0659,44.31,20.02,9441,SAD (Sadness)
1044_TAI_FEA_XX.wav,620,175,343,0.0917,34.61,27.74,106820,FEA (Fear)
1044_TIE_HAP_XX.wav,694,176,337,0.0818,40.43,30.81,185253,HAP (Happy)
1044_TIE_ANG_XX.wav,1346,175,339,0.0774,39.42,35.94,944650,ANG (Angry)
1044_TIE_NEU_XX.wav,535,154,245,0.0682,42.67,28.53,125795,NEU (Neutral)
1044_TAI_NEU_XX.wav,492,177,336,0.0696,36.02,24.53,33331,NEU (Neutral)
1044_TSI_ANG_XX.wav,2123,217,340,0.1672,26.34,35.69,3654908,ANG (Angry)
1044_TIE_DIS_XX.wav,1943,187,338,0.104,33.49,28.54,2739060,DIS (Disgust)
1044_TIE_SAD_XX.wav,337,160,340,0.0667,43.22,24.36,31995,SAD (Sadness)
1044_TSI_DIS_XX.wav,1324,196,340,0.1688,31.73,29.18,835593,DIS (Disgust)
1044_TIE_FEA_XX.wav,672,160,339,0.0932,42.08,33.85,170145,FEA (Fear)
1044_TSI_SAD_XX.wav,334,173,342,0.1323,41.66,26.91,23500,SAD (Sadness)
1044_TSI_HAP_XX.wav,635,193,336,0.1491,39.76,31.16,240224,HAP (Happy)
1044_TSI_FEA_XX.wav,1324,200,338,0.1252,29.63,33.62,1008206,FEA (Fear)
1044_WSI_HAP_XX.wav,539,175,323,0.1088,33.88,25.18,103517,HAP (Happy)
1044_TSI_NEU_XX.wav,624,199,324,0.1241,36.88,31.69,117047,NEU (Neutral)
1044_WSI_ANG_XX.wav,2803,210,330,0.1589,26.65,38.83,5690178,ANG (Angry)
1044_WSI_SAD_XX.wav,241,146,337,0.0843,41.56,21.39,12837,SAD (Sadness)
1044_WSI_FEA_XX.wav,1763,192,343,0.1142,31.07,34.94,1670360,FEA (Fear)
1044_WSI_NEU_XX.wav,584,165,339,0.0924,36.13,28.62,157760,NEU (Neutral)
1044_WSI_DIS_XX.wav,1874,179,337,0.1232,32.06,28.56,4051068,DIS (Disgust)
1045_DFA_HAP_XX.wav,496,191,337,0.0679,33.76,29.21,90111,HAP (Happy)
1045_DFA_ANG_XX.wav,941,172,313,0.0745,37.42,29.71,456944,ANG (Angry)
1045_DFA_DIS_XX.wav,334,164,341,0.0575,46.95,23.49,19039,DIS (Disgust)
1045_DFA_FEA_XX.wav,285,173,343,0.0626,40.68,30.61,11989,FEA (Fear)
1045_DFA_NEU_XX.wav,448,174,343,0.0743,41.32,26.82,53947,NEU (Neutral)
1045_DFA_SAD_XX.wav,207,171,261,0.0517,34.95,21.94,2649,SAD (Sadness)
1045_IEO_ANG_MD.wav,793,179,334,0.0783,41.49,29.53,175504,ANG (Angry)
1045_IEO_DIS_LO.wav,253,162,224,0.0537,32.44,21.67,5699,DIS (Disgust)
1045_IEO_DIS_MD.wav,339,153,338,0.0645,37.66,22.83,23638,DIS (Disgust)
1045_IEO_FEA_HI.wav,3420,214,277,0.0855,22.76,34.89,8169492,FEA (Fear)
1045_IEO_FEA_MD.wav,1362,190,342,0.0868,28.31,39.04,1336097,FEA (Fear)
1045_IEO_HAP_LO.wav,452,198,340,0.069,39.73,23.72,51771,HAP (Happy)
1045_IEO_DIS_HI.wav,277,169,343,0.0698,47.87,20.7,9293,DIS (Disgust)
1045_IEO_ANG_HI.wav,5146,250,339,0.125,21.45,27.49,29055474,ANG (Angry)
1045_IEO_ANG_LO.wav,587,176,341,0.0823,43.32,29.57,111484,ANG (Angry)
1045_IEO_FEA_LO.wav,251,168,345,0.0607,38.7,24.99,7216,FEA (Fear)
1045_IEO_HAP_HI.wav,545,181,339,0.0839,41.47,26.71,73250,HAP (Happy)
1045_IEO_HAP_MD.wav,349,155,246,0.0767,33.18,23.28,16745,HAP (Happy)
1045_IEO_NEU_XX.wav,335,177,337,0.0651,46.69,25.65,21558,NEU (Neutral)
1045_IEO_SAD_LO.wav,223,148,340,0.0641,37.83,24.03,5059,SAD (Sadness)
1045_IOM_ANG_XX.wav,1292,167,344,0.074,32.93,22.41,749623,ANG (Angry)
1045_IEO_SAD_HI.wav,235,164,341,0.0598,42.1,23.92,5121,SAD (Sadness)
1045_IOM_HAP_XX.wav,871,191,337,0.0603,33.97,22.79,181893,HAP (Happy)
1045_IEO_SAD_MD.wav,303,165,332,0.06,38.02,26.42,17549,SAD (Sadness)
1045_IOM_NEU_XX.wav,420,176,345,0.0626,39.73,18.05,32884,NEU (Neutral)
1045_IOM_SAD_XX.wav,354,152,290,0.0544,26.65,18.85,14493,SAD (Sadness)
1045_IOM_FEA_XX.wav,506,170,326,0.0528,21.71,24.02,33277,FEA (Fear)
1045_IOM_DIS_XX.wav,537,175,346,0.0532,33.79,17.96,46599,DIS (Disgust)
1045_ITH_ANG_XX.wav,789,175,345,0.0693,39.22,34.54,328318,ANG (Angry)
1045_ITH_FEA_XX.wav,246,165,343,0.0526,33.54,24.31,3705,FEA (Fear)
1045_ITH_DIS_XX.wav,224,169,290,0.0592,37.61,23.65,6720,DIS (Disgust)
1045_ITH_HAP_XX.wav,480,184,247,0.062,30.26,31.35,66963,HAP (Happy)
1045_ITH_NEU_XX.wav,425,168,333,0.0678,42.62,27.93,49934,NEU (Neutral)
1045_ITS_ANG_XX.wav,454,162,342,0.0843,44.85,29.56,57943,ANG (Angry)
1045_ITS_DIS_XX.wav,306,164,344,0.0778,48.14,26.2,21868,DIS (Disgust)
1045_ITS_HAP_XX.wav,514,198,333,0.0742,28.1,37.43,46789,HAP (Happy)
1045_ITS_FEA_XX.wav,334,168,343,0.0744,38.7,28.45,15573,FEA (Fear)
1045_ITS_SAD_XX.wav,227,179,273,0.0656,32.53,21.93,3318,SAD (Sadness)
1045_ITS_NEU_XX.wav,420,159,342,0.0931,39.61,25.1,52885,NEU (Neutral)
1045_ITH_SAD_XX.wav,310,176,345,0.0584,37.73,27.18,9287,SAD (Sadness)
1045_IWL_FEA_XX.wav,334,182,320,0.0557,27.35,25.1,9864,FEA (Fear)
1045_IWL_ANG_XX.wav,1171,182,343,0.0701,39.72,27.48,625496,ANG (Angry)
1045_IWL_DIS_XX.wav,227,168,333,0.0594,40.24,23.74,6781,DIS (Disgust)
1045_IWL_HAP_XX.wav,728,216,339,0.0607,20.09,31.19,143140,HAP (Happy)
1045_IWW_HAP_XX.wav,616,192,331,0.0661,31.62,30.59,74085,HAP (Happy)
1045_IWL_NEU_XX.wav,574,170,340,0.0645,35.91,24.63,120106,NEU (Neutral)
1045_IWW_FEA_XX.wav,225,160,332,0.0559,32.71,20.49,3030,FEA (Fear)
1045_IWL_SAD_XX.wav,255,178,340,0.0541,34.27,22.87,5690,SAD (Sadness)
1045_IWW_SAD_XX.wav,240,157,252,0.0615,43.97,22.34,3413,SAD (Sadness)
1045_IWW_DIS_XX.wav,297,161,345,0.0671,41.23,21.26,10709,DIS (Disgust)
1045_MTI_ANG_XX.wav,871,168,343,0.0725,29.13,24.23,236391,ANG (Angry)
1045_MTI_DIS_XX.wav,383,151,344,0.059,44.69,19.48,24856,DIS (Disgust)
1045_IWW_NEU_XX.wav,565,169,339,0.0724,41.05,28.85,74171,NEU (Neutral)
1045_IWW_ANG_XX.wav,651,179,342,0.0701,40.43,29.08,138196,ANG (Angry)
1045_MTI_FEA_XX.wav,580,181,342,0.0547,37.68,26.98,61850,FEA (Fear)
1045_MTI_HAP_XX.wav,1003,198,341,0.0627,25.86,22.45,300617,HAP (Happy)
1045_MTI_SAD_XX.wav,254,164,328,0.0537,35.63,23.39,5807,SAD (Sadness)
1045_MTI_NEU_XX.wav,497,164,296,0.0646,34.04,21.03,56795,NEU (Neutral)
1045_TAI_ANG_XX.wav,691,174,343,0.0862,41.74,24.19,139453,ANG (Angry)
1045_TAI_FEA_XX.wav,243,159,338,0.0594,37.24,24.25,4845,FEA (Fear)
1045_TAI_DIS_XX.wav,353,158,342,0.073,43.48,21.45,20254,DIS (Disgust)
1045_TAI_SAD_XX.wav,292,192,338,0.0648,28.18,21.7,8872,SAD (Sadness)
1045_TAI_HAP_XX.wav,805,187,325,0.0746,32.36,33.3,193869,HAP (Happy)
1045_TAI_NEU_XX.wav,447,162,342,0.0776,36.05,21.44,44119,NEU (Neutral)
1045_TIE_FEA_XX.wav,789,168,298,0.0733,24.71,28.4,200766,FEA (Fear)
1045_TIE_ANG_XX.wav,1179,183,339,0.0925,30.14,31.83,795161,ANG (Angry)
1045_TIE_NEU_XX.wav,413,160,344,0.0678,44.35,28.35,42240,NEU (Neutral)
1045_TIE_HAP_XX.wav,462,194,338,0.0595,36.29,29.92,64985,HAP (Happy)
1045_TIE_DIS_XX.wav,417,161,336,0.0781,38.49,23.19,45564,DIS (Disgust)
1045_TSI_ANG_XX.wav,573,178,340,0.1398,33.63,31.37,115375,ANG (Angry)
1045_TSI_DIS_XX.wav,248,171,342,0.1213,43.02,22.32,10870,DIS (Disgust)
1045_TSI_FEA_XX.wav,336,172,340,0.0859,42.6,32.47,29598,FEA (Fear)
1045_TIE_SAD_XX.wav,255,161,334,0.0632,37.93,22.38,6082,SAD (Sadness)
1045_TSI_NEU_XX.wav,376,180,341,0.1105,39.37,31.95,33565,NEU (Neutral)
1045_TSI_HAP_XX.wav,559,200,338,0.1084,31.29,35.55,96099,HAP (Happy)
1045_TSI_SAD_XX.wav,234,190,341,0.085,39.59,25.46,5285,SAD (Sadness)
1045_WSI_ANG_XX.wav,743,171,343,0.0986,37.74,31.98,331385,ANG (Angry)
1045_WSI_FEA_XX.wav,319,180,344,0.0727,34.91,28.16,12837,FEA (Fear)
1046_DFA_DIS_XX.wav,351,165,338,0.0636,31.61,27.33,31888,DIS (Disgust)
1045_WSI_DIS_XX.wav,374,158,341,0.0861,41.18,22.36,54321,DIS (Disgust)
1045_WSI_NEU_XX.wav,436,164,343,0.0925,37.7,25.47,65873,NEU (Neutral)
1046_DFA_FEA_XX.wav,950,243,335,0.0725,23.15,29.59,487598,FEA (Fear)
1046_DFA_ANG_XX.wav,1120,207,339,0.1082,27.63,33.62,1117456,ANG (Angry)
1045_WSI_HAP_XX.wav,671,179,339,0.0915,35.42,32.37,164734,HAP (Happy)
1046_DFA_NEU_XX.wav,468,184,338,0.0718,31.41,29.24,68900,NEU (Neutral)
1045_WSI_SAD_XX.wav,317,166,340,0.0673,41.69,24.03,16378,SAD (Sadness)
1046_DFA_HAP_XX.wav,673,199,333,0.0678,33.35,31.84,288069,HAP (Happy)
1046_DFA_SAD_XX.wav,284,161,346,0.0622,30.9,24.3,10003,SAD (Sadness)
1046_IEO_ANG_HI.wav,1975,227,344,0.1088,23.44,30.54,6301374,ANG (Angry)
1046_IEO_DIS_HI.wav,655,178,340,0.0754,29.42,32.49,153752,DIS (Disgust)
1046_IEO_DIS_LO.wav,435,180,334,0.061,31.1,27.21,35482,DIS (Disgust)
1046_IEO_FEA_HI.wav,994,243,344,0.0872,18.57,31.95,839064,FEA (Fear)
1046_IEO_DIS_MD.wav,802,199,330,0.0741,26.83,26.01,298305,DIS (Disgust)
1046_IEO_ANG_LO.wav,620,179,343,0.0688,31.22,26.44,103024,ANG (Angry)
1046_IEO_FEA_MD.wav,328,165,343,0.062,33.48,23.94,15926,FEA (Fear)
1046_IEO_FEA_LO.wav,339,168,345,0.056,29.36,25.07,16967,FEA (Fear)
1046_IEO_HAP_HI.wav,1948,223,340,0.1218,28.3,33.29,5109352,HAP (Happy)
1046_IEO_ANG_MD.wav,669,194,338,0.0789,31.34,31.32,161254,ANG (Angry)
1046_IEO_HAP_MD.wav,344,160,317,0.0755,30.83,20.82,19925,HAP (Happy)
1046_IEO_NEU_XX.wav,369,170,341,0.056,35.06,24.16,20900,NEU (Neutral)
1046_IEO_HAP_LO.wav,386,194,263,0.0609,29.27,25.87,30151,HAP (Happy)
1046_IEO_SAD_HI.wav,226,164,251,0.0528,32.88,20.75,2905,SAD (Sadness)
1046_IEO_SAD_LO.wav,252,175,336,0.0586,40.42,24.75,7634,SAD (Sadness)
1046_IOM_HAP_XX.wav,582,223,274,0.0661,19.13,24.86,97218,HAP (Happy)
1046_IOM_DIS_XX.wav,419,177,337,0.0565,32.29,21.78,37075,DIS (Disgust)
1046_IOM_ANG_XX.wav,987,204,343,0.0839,25.56,27.46,682425,ANG (Angry)
1046_IOM_FEA_XX.wav,369,183,338,0.0485,36.94,18.58,12495,FEA (Fear)
1046_IOM_NEU_XX.wav,463,195,332,0.0619,23.82,21.98,58486,NEU (Neutral)
1046_IEO_SAD_MD.wav,222,148,208,0.0489,34.47,21.95,2278,SAD (Sadness)
1046_ITH_ANG_XX.wav,761,193,264,0.0798,17.59,30.49,336637,ANG (Angry)
1046_IOM_SAD_XX.wav,336,171,337,0.0603,26.62,19.25,15026,SAD (Sadness)
1046_ITH_HAP_XX.wav,699,221,339,0.071,24.56,25.8,276850,HAP (Happy)
1046_ITH_DIS_XX.wav,370,160,254,0.0646,27.4,28.48,26196,DIS (Disgust)
1046_ITH_FEA_XX.wav,1487,228,331,0.0876,19.45,29.74,1519316,FEA (Fear)
1046_ITH_NEU_XX.wav,423,177,278,0.0615,23.41,27.26,44285,NEU (Neutral)
1046_ITS_FEA_XX.wav,668,215,343,0.0803,21.52,30.55,100450,FEA (Fear)
1046_ITS_DIS_XX.wav,312,175,336,0.0757,33.72,26.37,13099,DIS (Disgust)
1046_ITS_NEU_XX.wav,445,181,259,0.0763,19.05,31.71,37593,NEU (Neutral)
1046_ITS_HAP_XX.wav,1082,205,346,0.0956,24.14,34.99,494755,HAP (Happy)
1046_ITH_SAD_XX.wav,325,168,344,0.0561,34.5,24.24,13922,SAD (Sadness)
1046_ITS_ANG_XX.wav,818,192,269,0.1094,23.38,32.31,777214,ANG (Angry)
1046_IWL_ANG_XX.wav,1885,217,330,0.0911,17.71,26.73,1219485,ANG (Angry)
1046_ITS_SAD_XX.wav,271,162,222,0.0664,33.93,25.29,14792,SAD (Sadness)
1046_IWL_HAP_XX.wav,856,207,342,0.0693,23.54,29.56,260926,HAP (Happy)
1046_IWW_ANG_XX.wav,950,189,245,0.0809,21.33,35.7,332118,ANG (Angry)
1046_IWL_DIS_XX.wav,552,175,333,0.0614,27.17,25.76,83381,DIS (Disgust)
1046_IWW_DIS_XX.wav,556,175,269,0.0771,23.14,28.15,63437,DIS (Disgust)
1046_IWL_NEU_XX.wav,485,185,345,0.0602,21.8,23.33,42341,NEU (Neutral)
1046_IWL_FEA_XX.wav,971,239,326,0.0827,16.22,26.13,419883,FEA (Fear)
1046_IWL_SAD_XX.wav,410,166,209,0.0603,25.78,22.71,29237,SAD (Sadness)
1046_IWW_HAP_XX.wav,568,206,340,0.0745,25.77,28.71,87588,HAP (Happy)
1046_IWW_SAD_XX.wav,297,169,339,0.0595,25.7,19.31,7612,SAD (Sadness)
1046_IWW_FEA_XX.wav,551,200,200,0.0493,21.31,27.61,36595,FEA (Fear)
1046_IWW_NEU_XX.wav,405,180,329,0.0682,27.02,30.38,27262,NEU (Neutral)
1046_MTI_ANG_XX.wav,874,188,337,0.0796,23.53,22.39,293796,ANG (Angry)
1046_MTI_HAP_XX.wav,634,204,300,0.0707,20.8,22.44,89778,HAP (Happy)
1046_MTI_DIS_XX.wav,506,188,336,0.0679,34.0,25.37,51947,DIS (Disgust)
1046_MTI_SAD_XX.wav,463,187,331,0.0614,23.07,23.65,29137,SAD (Sadness)
1046_MTI_FEA_XX.wav,636,211,333,0.0695,22.28,26.96,83591,FEA (Fear)
1046_TAI_ANG_XX.wav,1141,214,334,0.0809,26.6,33.36,702714,ANG (Angry)
1046_MTI_NEU_XX.wav,606,203,339,0.0647,21.27,26.35,53846,NEU (Neutral)
1046_TAI_DIS_XX.wav,438,175,257,0.0699,19.69,26.07,38204,DIS (Disgust)
1046_TAI_HAP_XX.wav,771,239,343,0.0748,22.0,32.21,177898,HAP (Happy)
1046_TAI_FEA_XX.wav,780,208,323,0.0799,15.9,32.94,222204,FEA (Fear)
1046_TAI_SAD_XX.wav,359,172,258,0.0642,25.22,22.9,22675,SAD (Sadness)
1046_TAI_NEU_XX.wav,427,196,344,0.068,27.89,20.62,30712,NEU (Neutral)
1046_TIE_ANG_XX.wav,1075,205,335,0.0912,21.32,32.6,761263,ANG (Angry)
1046_TIE_DIS_XX.wav,875,211,340,0.0824,18.42,30.37,312460,DIS (Disgust)
1046_TIE_FEA_XX.wav,411,182,332,0.0642,26.6,29.5,26725,FEA (Fear)
1046_TSI_ANG_XX.wav,954,209,343,0.1619,28.99,38.75,571945,ANG (Angry)
1046_TIE_SAD_XX.wav,357,176,286,0.0593,26.06,27.47,15259,SAD (Sadness)
1046_TIE_HAP_XX.wav,638,225,341,0.0732,27.45,27.85,116261,HAP (Happy)
1046_TSI_FEA_XX.wav,1201,218,337,0.1086,26.28,39.4,718991,FEA (Fear)
1046_TSI_HAP_XX.wav,760,228,336,0.1494,25.11,30.16,233277,HAP (Happy)
1046_TIE_NEU_XX.wav,384,181,344,0.0682,25.78,27.93,30991,NEU (Neutral)
1046_TSI_NEU_XX.wav,403,178,330,0.1127,31.05,33.37,30835,NEU (Neutral)
1046_TSI_DIS_XX.wav,283,165,336,0.1345,41.45,25.12,13325,DIS (Disgust)
1046_TSI_SAD_XX.wav,283,164,345,0.1101,35.96,25.29,10052,SAD (Sadness)
1046_WSI_HAP_XX.wav,1004,259,340,0.117,22.83,30.65,473454,HAP (Happy)
1046_WSI_ANG_XX.wav,1029,197,257,0.118,21.63,35.35,806053,ANG (Angry)
1046_WSI_NEU_XX.wav,425,199,334,0.0765,27.59,30.28,46043,NEU (Neutral)
1046_WSI_DIS_XX.wav,495,176,281,0.0864,29.41,31.25,121506,DIS (Disgust)
1046_WSI_SAD_XX.wav,358,169,211,0.0739,23.03,24.4,20657,SAD (Sadness)
1047_DFA_ANG_XX.wav,1815,242,326,0.1395,21.29,36.13,3909576,ANG (Angry)
1047_DFA_HAP_XX.wav,1091,225,339,0.1007,18.72,37.71,1296026,HAP (Happy)
1046_WSI_FEA_XX.wav,1236,220,332,0.1107,30.96,38.68,999547,FEA (Fear)
1047_DFA_DIS_XX.wav,381,174,346,0.0634,40.32,29.33,27293,DIS (Disgust)
1047_DFA_FEA_XX.wav,1048,238,328,0.0822,26.25,40.03,431602,FEA (Fear)
1047_DFA_SAD_XX.wav,275,164,331,0.0574,47.06,22.79,7666,SAD (Sadness)
1047_IEO_ANG_LO.wav,1044,235,329,0.0881,17.74,34.38,587310,ANG (Angry)
1047_DFA_NEU_XX.wav,371,186,340,0.0587,32.23,29.43,19704,NEU (Neutral)
1047_IEO_DIS_LO.wav,231,170,335,0.0647,40.96,20.11,4695,DIS (Disgust)
1047_IEO_ANG_HI.wav,2941,238,331,0.1135,18.22,32.27,11110350,ANG (Angry)
1047_IEO_FEA_HI.wav,3210,207,326,0.124,25.55,32.81,14201476,FEA (Fear)
1047_IEO_DIS_HI.wav,219,152,228,0.0624,40.3,21.77,4202,DIS (Disgust)
1047_IEO_ANG_MD.wav,365,177,335,0.0676,43.13,29.29,39143,ANG (Angry)
1047_IEO_DIS_MD.wav,295,169,333,0.0741,38.45,21.24,22516,DIS (Disgust)
1047_IEO_HAP_HI.wav,774,204,339,0.0858,26.23,34.03,365413,HAP (Happy)
1047_IEO_FEA_MD.wav,1078,237,334,0.0891,32.54,27.67,435856,FEA (Fear)
1047_IEO_FEA_LO.wav,319,156,333,0.0636,30.78,24.35,20365,FEA (Fear)
1047_IEO_HAP_MD.wav,763,207,275,0.0725,23.98,29.41,181638,HAP (Happy)
1047_IEO_HAP_LO.wav,594,178,331,0.0724,39.64,28.65,135729,HAP (Happy)
1047_IEO_SAD_LO.wav,228,163,339,0.0552,42.1,21.57,2705,SAD (Sadness)
1047_IEO_NEU_XX.wav,364,168,344,0.063,35.97,24.61,22273,NEU (Neutral)
1047_IEO_SAD_HI.wav,269,162,339,0.0601,40.47,25.71,9144,SAD (Sadness)
1047_IEO_SAD_MD.wav,215,153,244,0.0527,34.4,23.49,2528,SAD (Sadness)
1047_IOM_DIS_XX.wav,496,197,337,0.0676,28.67,27.98,83268,DIS (Disgust)
1047_IOM_ANG_XX.wav,2078,242,329,0.0959,21.73,30.68,5233020,ANG (Angry)
1047_IOM_FEA_XX.wav,634,205,342,0.0546,20.63,25.27,53451,FEA (Fear)
1047_IOM_HAP_XX.wav,1161,244,329,0.087,15.6,29.99,840273,HAP (Happy)
1047_IOM_SAD_XX.wav,331,167,343,0.047,26.34,21.69,9675,SAD (Sadness)
1047_IOM_NEU_XX.wav,366,181,336,0.0548,38.23,24.11,25824,NEU (Neutral)
1047_ITH_DIS_XX.wav,395,175,340,0.0868,27.34,24.92,41653,DIS (Disgust)
1047_ITH_HAP_XX.wav,1007,226,332,0.0911,18.3,39.79,667566,HAP (Happy)
1047_ITH_ANG_XX.wav,765,205,341,0.0975,26.25,36.09,500269,ANG (Angry)
1047_ITH_NEU_XX.wav,428,183,344,0.0702,32.33,31.42,61338,NEU (Neutral)
1047_ITH_SAD_XX.wav,324,160,317,0.0692,44.32,22.86,21913,SAD (Sadness)
1047_ITS_DIS_XX.wav,341,174,341,0.0902,33.52,28.11,22235,DIS (Disgust)
1047_ITH_FEA_XX.wav,295,175,345,0.0693,35.73,24.6,11776,FEA (Fear)
1047_ITS_ANG_XX.wav,710,191,342,0.1034,28.77,32.35,204701,ANG (Angry)
1047_ITS_FEA_XX.wav,578,202,344,0.0685,23.97,40.76,80875,FEA (Fear)
1047_ITS_HAP_XX.wav,629,203,343,0.0899,26.04,33.67,60654,HAP (Happy)
1047_ITS_NEU_XX.wav,418,191,343,0.0808,25.38,27.2,27591,NEU (Neutral)
1047_ITS_SAD_XX.wav,257,173,343,0.079,30.93,25.19,6163,SAD (Sadness)
1047_IWL_ANG_XX.wav,864,192,339,0.0742,25.54,24.64,668904,ANG (Angry)
1047_IWL_DIS_XX.wav,358,182,341,0.0668,32.35,26.4,19952,DIS (Disgust)
1047_IWL_NEU_XX.wav,543,192,345,0.0626,21.69,23.28,113249,NEU (Neutral)
1047_IWL_FEA_XX.wav,630,203,346,0.0585,26.18,24.94,71617,FEA (Fear)
1047_IWW_ANG_XX.wav,599,183,340,0.0768,32.2,36.51,103915,ANG (Angry)
1047_IWL_SAD_XX.wav,330,182,265,0.0594,24.36,22.27,18148,SAD (Sadness)
1047_IWL_HAP_XX.wav,1146,235,328,0.0801,20.47,25.84,747835,HAP (Happy)
1047_IWW_DIS_XX.wav,236,156,345,0.068,42.84,23.08,4412,DIS (Disgust)
1047_IWW_FEA_XX.wav,426,196,346,0.0641,29.85,31.28,24918,FEA (Fear)
1047_IWW_NEU_XX.wav,362,190,325,0.082,31.13,29.59,27526,NEU (Neutral)
1047_IWW_HAP_XX.wav,579,203,342,0.0724,28.74,32.6,81594,HAP (Happy)
1047_IWW_SAD_XX.wav,327,167,344,0.0841,31.43,25.31,11472,SAD (Sadness)
1047_MTI_ANG_XX.wav,1505,227,326,0.0802,20.2,29.49,663257,ANG (Angry)
1047_MTI_FEA_XX.wav,767,205,333,0.0646,22.13,34.5,73265,FEA (Fear)
1047_MTI_DIS_XX.wav,535,193,337,0.0729,34.97,28.53,55151,DIS (Disgust)
1047_TAI_ANG_XX.wav,1183,218,340,0.097,19.51,29.4,520785,ANG (Angry)
1047_TAI_FEA_XX.wav,581,188,217,0.0706,22.26,25.05,41246,FEA (Fear)
1047_MTI_NEU_XX.wav,560,187,339,0.0684,24.28,24.99,87067,NEU (Neutral)
1047_MTI_SAD_XX.wav,718,202,321,0.0705,19.37,24.83,117079,SAD (Sadness)
1047_MTI_HAP_XX.wav,1314,230,335,0.0807,16.18,29.72,347215,HAP (Happy)
1047_TAI_HAP_XX.wav,1220,246,336,0.0898,19.01,29.1,587616,HAP (Happy)
1047_TAI_DIS_XX.wav,337,176,334,0.0735,40.4,25.0,19752,DIS (Disgust)
1047_TAI_NEU_XX.wav,487,186,336,0.0771,28.99,26.58,59868,NEU (Neutral)
1047_TAI_SAD_XX.wav,276,176,342,0.0589,35.7,23.79,7167,SAD (Sadness)
1047_TIE_ANG_XX.wav,1848,240,339,0.1082,21.7,39.96,4912354,ANG (Angry)
1047_TIE_FEA_XX.wav,1029,237,342,0.0652,21.2,45.89,559208,FEA (Fear)
1047_TSI_ANG_XX.wav,1200,231,340,0.1778,20.65,39.16,1091985,ANG (Angry)
1047_TSI_FEA_XX.wav,1057,231,328,0.1573,26.81,39.41,465420,FEA (Fear)
1047_TIE_NEU_XX.wav,342,179,341,0.0619,38.39,28.93,23116,NEU (Neutral)
1047_TSI_NEU_XX.wav,388,189,325,0.1145,36.67,34.93,30882,NEU (Neutral)
1047_TIE_HAP_XX.wav,2371,219,336,0.1033,26.35,36.18,8960991,HAP (Happy)
1047_TIE_DIS_XX.wav,459,194,340,0.0857,33.88,25.37,89281,DIS (Disgust)
1047_TSI_DIS_XX.wav,528,197,342,0.155,36.98,29.24,76961,DIS (Disgust)
1047_TSI_HAP_XX.wav,789,209,330,0.1706,31.42,34.38,219444,HAP (Happy)
1047_TIE_SAD_XX.wav,267,166,345,0.0595,42.08,24.78,7088,SAD (Sadness)
1047_TSI_SAD_XX.wav,275,162,315,0.1034,31.53,28.29,8559,SAD (Sadness)
1047_WSI_ANG_XX.wav,1234,228,304,0.1486,21.82,31.16,1127820,ANG (Angry)
1047_WSI_HAP_XX.wav,796,233,330,0.1388,24.15,32.43,399011,HAP (Happy)
1047_WSI_FEA_XX.wav,366,183,340,0.0929,30.72,29.0,19954,FEA (Fear)
1047_WSI_DIS_XX.wav,342,177,345,0.1222,33.43,24.27,38813,DIS (Disgust)
1047_WSI_NEU_XX.wav,474,198,271,0.1002,28.99,29.56,74674,NEU (Neutral)
1047_WSI_SAD_XX.wav,350,185,293,0.0863,24.37,26.13,41505,SAD (Sadness)
1048_DFA_HAP_XX.wav,1202,189,344,0.0664,31.06,40.38,673458,HAP (Happy)
1048_DFA_ANG_XX.wav,1884,217,342,0.107,22.0,37.12,2640856,ANG (Angry)
1048_DFA_FEA_XX.wav,504,200,345,0.064,29.64,31.47,59532,FEA (Fear)
1048_DFA_SAD_XX.wav,520,170,272,0.0717,28.89,32.72,63571,SAD (Sadness)
1048_DFA_DIS_XX.wav,442,178,343,0.0878,38.66,35.74,63956,DIS (Disgust)
1048_DFA_NEU_XX.wav,501,166,317,0.0684,30.0,38.0,56212,NEU (Neutral)
1048_IEO_ANG_LO.wav,1402,189,342,0.0877,43.44,37.96,1335478,ANG (Angry)
1048_IEO_ANG_HI.wav,3953,225,340,0.0992,31.51,25.56,16629926,ANG (Angry)
1048_IEO_DIS_HI.wav,1081,182,347,0.0814,39.4,30.77,508547,DIS (Disgust)
1048_IEO_DIS_LO.wav,407,170,344,0.0717,48.09,32.66,51869,DIS (Disgust)
1048_IEO_FEA_HI.wav,2936,228,295,0.132,23.2,33.69,8637132,FEA (Fear)
1048_IEO_FEA_MD.wav,2031,213,306,0.1004,20.46,40.0,1965982,FEA (Fear)
1048_IEO_DIS_MD.wav,641,169,339,0.0731,40.65,26.69,135674,DIS (Disgust)
1048_IEO_HAP_HI.wav,940,183,326,0.0909,36.67,36.33,284837,HAP (Happy)
1048_IEO_ANG_MD.wav,1930,197,340,0.0882,27.24,32.1,4439174,ANG (Angry)
1048_IEO_HAP_LO.wav,432,174,304,0.0744,38.56,33.28,56672,HAP (Happy)
1048_IEO_FEA_LO.wav,489,192,337,0.0854,34.37,29.19,69282,FEA (Fear)
1048_IEO_SAD_HI.wav,213,185,342,0.0643,34.15,25.44,4087,SAD (Sadness)
1048_IEO_HAP_MD.wav,293,161,344,0.0668,46.25,30.41,22431,HAP (Happy)
1048_IOM_ANG_XX.wav,2424,207,326,0.0868,21.98,27.49,3296358,ANG (Angry)
1048_IEO_NEU_XX.wav,385,164,306,0.075,46.16,34.56,37355,NEU (Neutral)
1048_IOM_SAD_XX.wav,471,166,345,0.0541,35.01,22.82,30269,SAD (Sadness)
1048_IEO_SAD_LO.wav,408,165,340,0.0723,41.48,30.2,41844,SAD (Sadness)
1048_IEO_SAD_MD.wav,239,168,342,0.0602,44.52,26.18,7131,SAD (Sadness)
1048_IOM_NEU_XX.wav,511,173,334,0.0619,36.55,23.74,58164,NEU (Neutral)
1048_IOM_FEA_XX.wav,591,161,284,0.0543,27.94,21.6,39748,FEA (Fear)
1048_IOM_HAP_XX.wav,1146,186,345,0.0619,38.32,27.06,393236,HAP (Happy)
1048_IOM_DIS_XX.wav,1114,182,347,0.0674,30.5,25.72,519209,DIS (Disgust)
1048_ITH_ANG_XX.wav,2369,216,326,0.098,17.94,36.95,4422122,ANG (Angry)
1048_ITH_FEA_XX.wav,1178,218,258,0.0633,13.94,36.05,414983,FEA (Fear)
1048_ITH_DIS_XX.wav,703,188,334,0.0787,34.28,33.96,170037,DIS (Disgust)
1048_ITH_NEU_XX.wav,638,179,344,0.0689,38.61,29.03,95696,NEU (Neutral)
1048_ITH_HAP_XX.wav,444,186,345,0.0638,37.44,36.94,55421,HAP (Happy)
1048_ITS_ANG_XX.wav,1682,206,303,0.1398,22.08,36.07,1445804,ANG (Angry)
1048_ITS_HAP_XX.wav,991,191,261,0.0965,27.04,36.14,626306,HAP (Happy)
1048_ITS_SAD_XX.wav,314,164,340,0.1006,38.8,28.55,20910,SAD (Sadness)
1048_ITH_SAD_XX.wav,355,176,333,0.0574,40.54,28.18,20598,SAD (Sadness)
1048_ITS_FEA_XX.wav,319,191,342,0.0864,38.18,29.85,20521,FEA (Fear)
1048_IWL_ANG_XX.wav,4152,235,341,0.0934,20.14,31.72,9705996,ANG (Angry)
1048_ITS_DIS_XX.wav,363,179,343,0.0873,42.42,27.07,33159,DIS (Disgust)
1048_IWL_FEA_XX.wav,363,183,342,0.051,26.79,26.05,14196,FEA (Fear)
1048_ITS_NEU_XX.wav,471,168,344,0.0983,38.17,30.6,69911,NEU (Neutral)
1048_IWL_NEU_XX.wav,710,172,343,0.0601,36.66,27.86,106034,NEU (Neutral)
1048_IWL_DIS_XX.wav,1361,185,344,0.0666,25.99,26.28,560280,DIS (Disgust)
1048_IWL_HAP_XX.wav,1404,187,253,0.0712,27.0,36.38,700086,HAP (Happy)
1048_IWW_ANG_XX.wav,2746,203,246,0.1074,23.7,37.4,3034958,ANG (Angry)
1048_IWW_HAP_XX.wav,546,191,324,0.076,38.93,32.34,57047,HAP (Happy)
1048_IWW_SAD_XX.wav,299,172,340,0.0617,44.96,28.84,8575,SAD (Sadness)
1048_IWW_DIS_XX.wav,810,191,345,0.093,27.94,32.58,222607,DIS (Disgust)
1048_IWW_FEA_XX.wav,419,168,342,0.0637,39.26,32.68,27351,FEA (Fear)
1048_IWW_NEU_XX.wav,588,175,337,0.0639,35.69,36.77,79096,NEU (Neutral)
1048_MTI_FEA_XX.wav,336,167,343,0.0549,38.77,22.82,11056,FEA (Fear)
1048_MTI_HAP_XX.wav,565,188,344,0.0564,33.02,30.48,53399,HAP (Happy)
1048_IWL_SAD_XX.wav,720,189,336,0.059,30.55,26.79,101093,SAD (Sadness)
1048_MTI_ANG_XX.wav,2773,203,344,0.0847,23.53,34.24,2690698,ANG (Angry)
1048_MTI_SAD_XX.wav,381,176,344,0.062,40.6,25.29,15909,SAD (Sadness)
1048_MTI_NEU_XX.wav,897,191,343,0.0724,29.3,26.95,183432,NEU (Neutral)
1048_MTI_DIS_XX.wav,676,196,341,0.0658,33.35,24.74,79350,DIS (Disgust)
1048_TAI_ANG_XX.wav,2159,207,328,0.1129,20.44,31.55,2000501,ANG (Angry)
1048_TAI_DIS_XX.wav,977,192,336,0.1016,29.34,27.79,223707,DIS (Disgust)
1048_TAI_FEA_XX.wav,469,176,339,0.0704,30.31,31.24,26903,FEA (Fear)
1048_TAI_HAP_XX.wav,1129,184,313,0.0837,25.82,37.64,413749,HAP (Happy)
1048_TAI_NEU_XX.wav,712,179,337,0.0942,45.45,32.91,133859,NEU (Neutral)
1048_TAI_SAD_XX.wav,438,171,331,0.0719,31.68,26.84,27164,SAD (Sadness)
1048_TIE_ANG_XX.wav,1017,186,330,0.0811,30.29,38.73,438531,ANG (Angry)
1048_TIE_FEA_XX.wav,370,173,341,0.0661,40.91,30.65,23171,FEA (Fear)
1048_TIE_NEU_XX.wav,450,178,335,0.0713,39.06,30.36,57407,NEU (Neutral)
1048_TSI_ANG_XX.wav,1600,195,340,0.1909,34.36,37.94,1863865,ANG (Angry)
1048_TIE_DIS_XX.wav,586,169,337,0.0761,38.87,27.81,126101,DIS (Disgust)
1048_TIE_SAD_XX.wav,309,160,338,0.0618,38.75,29.77,14711,SAD (Sadness)
1048_TIE_HAP_XX.wav,497,159,267,0.0654,35.43,29.52,75257,HAP (Happy)
1048_TSI_DIS_XX.wav,267,180,330,0.194,42.84,19.81,62466,DIS (Disgust)
1048_TSI_SAD_XX.wav,226,167,333,0.145,39.89,21.99,16122,SAD (Sadness)
1048_TSI_NEU_XX.wav,500,185,324,0.1525,41.94,31.62,92915,NEU (Neutral)
1048_TSI_FEA_XX.wav,255,178,345,0.1018,45.82,30.65,15709,FEA (Fear)
1048_TSI_HAP_XX.wav,482,159,340,0.1653,36.73,33.71,114404,HAP (Happy)
1048_WSI_FEA_XX.wav,420,185,332,0.0727,28.51,30.59,26628,FEA (Fear)
1048_WSI_HAP_XX.wav,634,179,333,0.0957,31.43,33.17,124602,HAP (Happy)
1048_WSI_ANG_XX.wav,1144,184,343,0.1281,32.53,36.34,719538,ANG (Angry)
1049_DFA_FEA_XX.wav,611,208,338,0.0817,30.96,34.74,103971,FEA (Fear)
1049_DFA_DIS_XX.wav,655,167,314,0.0732,26.48,28.86,155587,DIS (Disgust)
1048_WSI_DIS_XX.wav,286,173,343,0.0881,44.24,25.41,22700,DIS (Disgust)
1049_DFA_ANG_XX.wav,1372,201,344,0.1035,29.94,36.06,1110087,ANG (Angry)
1049_DFA_NEU_XX.wav,641,173,278,0.066,29.17,33.5,146182,NEU (Neutral)
1048_WSI_NEU_XX.wav,516,157,321,0.0957,36.25,31.41,67945,NEU (Neutral)
1048_WSI_SAD_XX.wav,265,157,344,0.0772,43.45,24.67,11135,SAD (Sadness)
1049_DFA_SAD_XX.wav,479,191,338,0.0668,29.14,32.81,50584,SAD (Sadness)
1049_IEO_ANG_LO.wav,786,187,341,0.072,33.82,39.0,415375,ANG (Angry)
1049_IEO_ANG_HI.wav,2742,216,339,0.094,33.27,30.84,7175236,ANG (Angry)
1049_DFA_HAP_XX.wav,1363,233,328,0.0833,23.64,34.44,1346212,HAP (Happy)
1049_IEO_FEA_HI.wav,2694,214,336,0.1194,30.5,34.32,4787662,FEA (Fear)
1049_IEO_DIS_HI.wav,596,172,339,0.0625,32.57,19.72,135308,DIS (Disgust)
1049_IEO_FEA_LO.wav,404,167,253,0.0571,30.8,23.85,23587,FEA (Fear)
1049_IEO_DIS_MD.wav,777,186,341,0.0966,32.12,30.93,273594,DIS (Disgust)
1049_IEO_DIS_LO.wav,440,175,241,0.0731,27.97,26.42,78231,DIS (Disgust)
1049_IEO_ANG_MD.wav,2338,228,339,0.0961,20.69,39.12,3848252,ANG (Angry)
1049_IEO_HAP_HI.wav,1346,238,333,0.091,27.24,37.93,1265006,HAP (Happy)
1049_IEO_FEA_MD.wav,1246,216,343,0.0916,30.91,30.28,1036857,FEA (Fear)
1049_IEO_NEU_XX.wav,499,182,340,0.0609,29.66,30.93,64573,NEU (Neutral)
1049_IEO_HAP_MD.wav,1172,208,336,0.091,32.75,34.45,1107213,HAP (Happy)
1049_IOM_DIS_XX.wav,973,198,342,0.0721,18.49,21.81,200739,DIS (Disgust)
1049_IEO_SAD_LO.wav,285,171,209,0.0488,33.66,21.94,7888,SAD (Sadness)
1049_IEO_HAP_LO.wav,609,193,329,0.0622,28.24,30.17,105530,HAP (Happy)
1049_IOM_HAP_XX.wav,1625,242,334,0.0874,13.86,28.12,670697,HAP (Happy)
1049_IOM_ANG_XX.wav,2244,216,340,0.0903,16.39,23.67,2447371,ANG (Angry)
1049_IEO_SAD_HI.wav,309,169,346,0.0514,40.11,29.64,18512,SAD (Sadness)
1049_IOM_FEA_XX.wav,518,187,340,0.0564,21.92,26.13,33082,FEA (Fear)
1049_IEO_SAD_MD.wav,237,162,343,0.0464,34.1,21.59,3477,SAD (Sadness)
1049_IOM_SAD_XX.wav,520,178,298,0.0561,19.35,17.09,40574,SAD (Sadness)
1049_IOM_NEU_XX.wav,878,190,335,0.0588,27.27,24.15,228964,NEU (Neutral)
1049_ITH_HAP_XX.wav,1276,242,344,0.0731,20.79,36.19,536621,HAP (Happy)
1049_ITH_ANG_XX.wav,1916,233,323,0.1017,18.5,41.15,2152002,ANG (Angry)
1049_ITH_NEU_XX.wav,742,189,315,0.0715,20.29,31.61,161291,NEU (Neutral)
1049_ITS_FEA_XX.wav,372,201,341,0.0609,22.47,27.86,8024,FEA (Fear)
1049_ITS_DIS_XX.wav,520,190,336,0.079,28.83,26.92,40968,DIS (Disgust)
1049_ITH_DIS_XX.wav,599,204,343,0.0603,30.9,31.87,82292,DIS (Disgust)
1049_ITH_FEA_XX.wav,512,207,339,0.0614,27.01,33.35,34182,FEA (Fear)
1049_ITS_HAP_XX.wav,1806,286,345,0.1049,18.64,39.72,759158,HAP (Happy)
1049_ITS_ANG_XX.wav,1572,217,299,0.1178,20.7,32.76,615387,ANG (Angry)
1049_ITH_SAD_XX.wav,384,178,342,0.0668,24.94,29.42,26384,SAD (Sadness)
1049_ITS_NEU_XX.wav,534,190,328,0.0698,26.99,31.6,84092,NEU (Neutral)
1049_ITS_SAD_XX.wav,388,188,306,0.0773,28.2,25.74,13054,SAD (Sadness)
1049_IWL_FEA_XX.wav,877,226,341,0.0648,21.85,24.58,173713,FEA (Fear)
1049_IWL_NEU_XX.wav,737,184,347,0.0608,23.46,25.53,136309,NEU (Neutral)
1049_IWL_HAP_XX.wav,1784,250,328,0.0958,20.05,34.33,1527769,HAP (Happy)
1049_IWW_HAP_XX.wav,1695,219,338,0.0843,28.51,33.01,974895,HAP (Happy)
1049_IWW_FEA_XX.wav,524,204,281,0.0554,20.6,31.54,33104,FEA (Fear)
1049_IWL_SAD_XX.wav,594,180,344,0.0633,28.43,21.8,91937,SAD (Sadness)
1049_IWW_ANG_XX.wav,2396,230,339,0.1028,21.89,35.88,4295550,ANG (Angry)
1049_IWL_DIS_XX.wav,1343,197,339,0.0739,23.93,25.95,672439,DIS (Disgust)
1049_IWL_ANG_XX.wav,2220,229,330,0.0791,18.26,30.58,2584688,ANG (Angry)
1049_IWW_DIS_XX.wav,1074,204,333,0.1021,26.46,28.59,305870,DIS (Disgust)
1049_IWW_NEU_XX.wav,599,185,343,0.0652,21.27,27.53,55177,NEU (Neutral)
1049_IWW_SAD_XX.wav,475,190,345,0.0718,22.11,27.68,28722,SAD (Sadness)
1049_MTI_ANG_XX.wav,3403,234,344,0.0841,17.05,36.77,5330846,ANG (Angry)
1049_TAI_HAP_XX.wav,2387,239,331,0.0926,19.89,30.67,1831609,HAP (Happy)
1049_MTI_DIS_XX.wav,1241,204,340,0.0809,28.97,25.81,407044,DIS (Disgust)
1049_MTI_NEU_XX.wav,865,209,335,0.0695,20.65,29.4,140402,NEU (Neutral)
1049_MTI_HAP_XX.wav,2160,275,339,0.0792,18.96,29.62,1384441,HAP (Happy)
1049_TAI_NEU_XX.wav,784,199,324,0.0877,23.04,23.52,106904,NEU (Neutral)
1049_TAI_FEA_XX.wav,746,222,337,0.0825,17.92,21.83,50319,FEA (Fear)
1049_TAI_ANG_XX.wav,2765,237,338,0.1023,15.92,29.64,2350036,ANG (Angry)
1049_MTI_SAD_XX.wav,629,192,339,0.0592,30.41,23.27,66946,SAD (Sadness)
1049_MTI_FEA_XX.wav,762,232,343,0.0538,18.96,29.72,77104,FEA (Fear)
1049_TAI_SAD_XX.wav,471,180,342,0.0685,23.0,22.78,27497,SAD (Sadness)
1049_TAI_DIS_XX.wav,1430,191,325,0.0911,22.99,27.92,930749,DIS (Disgust)
1049_TIE_ANG_XX.wav,1660,201,327,0.0904,28.71,44.31,2823424,ANG (Angry)
1049_TIE_DIS_XX.wav,469,185,337,0.0558,28.42,29.78,61871,DIS (Disgust)
1049_TIE_HAP_XX.wav,1107,226,335,0.079,22.56,35.4,387221,HAP (Happy)
1049_TSI_ANG_XX.wav,1217,216,346,0.1364,27.14,40.32,1288569,ANG (Angry)
1049_TIE_FEA_XX.wav,453,189,324,0.0659,25.81,26.68,47951,FEA (Fear)
1049_TSI_FEA_XX.wav,388,189,339,0.1071,37.12,25.77,40133,FEA (Fear)
1049_TSI_NEU_XX.wav,593,180,341,0.1013,29.78,38.32,137695,NEU (Neutral)
1049_TSI_HAP_XX.wav,1448,243,340,0.1665,24.81,39.54,1825437,HAP (Happy)
1049_TIE_NEU_XX.wav,496,181,345,0.0623,26.59,27.84,109260,NEU (Neutral)
1049_TIE_SAD_XX.wav,311,171,341,0.053,34.69,27.65,10458,SAD (Sadness)
1049_TSI_SAD_XX.wav,273,169,310,0.1029,31.78,25.7,8237,SAD (Sadness)
1049_TSI_DIS_XX.wav,652,185,345,0.1437,35.68,29.51,309814,DIS (Disgust)
1049_WSI_ANG_XX.wav,1760,214,301,0.1178,20.07,36.62,2360757,ANG (Angry)
1049_WSI_FEA_XX.wav,381,199,345,0.076,31.57,29.3,15982,FEA (Fear)
1049_WSI_HAP_XX.wav,1793,234,340,0.1121,19.62,36.21,1584655,HAP (Happy)
1049_WSI_NEU_XX.wav,828,201,333,0.0914,27.26,32.02,245838,NEU (Neutral)
1050_DFA_HAP_XX.wav,773,183,339,0.0828,27.31,36.01,137354,HAP (Happy)
1050_DFA_ANG_XX.wav,4719,220,341,0.1132,25.18,35.68,17505364,ANG (Angry)
1050_DFA_NEU_XX.wav,729,152,337,0.0611,31.93,34.56,197476,NEU (Neutral)
1049_WSI_DIS_XX.wav,750,183,341,0.0893,27.78,31.41,319145,DIS (Disgust)
1050_DFA_DIS_XX.wav,316,169,341,0.0743,48.01,27.69,23155,DIS (Disgust)
1049_WSI_SAD_XX.wav,322,163,345,0.0655,33.06,25.28,24463,SAD (Sadness)
1050_DFA_FEA_XX.wav,341,170,341,0.0681,35.13,29.37,12544,FEA (Fear)
1050_IEO_ANG_LO.wav,3145,195,324,0.0927,41.17,38.04,4454108,ANG (Angry)
1050_IEO_ANG_MD.wav,2839,211,343,0.0998,32.44,35.9,4310142,ANG (Angry)
1050_IEO_ANG_HI.wav,6686,265,337,0.1115,19.76,31.92,23411256,ANG (Angry)
1050_IEO_DIS_HI.wav,439,154,233,0.0679,42.48,26.87,35279,DIS (Disgust)
1050_DFA_SAD_XX.wav,200,148,317,0.0533,47.57,20.75,2109,SAD (Sadness)
1050_IEO_DIS_LO.wav,358,157,295,0.0792,49.33,26.8,17586,DIS (Disgust)
1050_IEO_DIS_MD.wav,570,170,302,0.079,42.42,24.47,89287,DIS (Disgust)
1050_IEO_FEA_MD.wav,3062,210,326,0.1005,24.18,34.26,5725634,FEA (Fear)
1050_IEO_FEA_LO.wav,375,177,340,0.094,40.02,30.67,47041,FEA (Fear)
1050_IEO_HAP_LO.wav,649,170,339,0.0856,39.82,31.92,107950,HAP (Happy)
1050_IEO_HAP_HI.wav,5937,236,309,0.1074,19.68,33.97,15870768,HAP (Happy)
1050_IEO_HAP_MD.wav,1799,197,318,0.097,36.15,35.03,1341961,HAP (Happy)
1050_IEO_FEA_HI.wav,6694,258,339,0.1101,25.57,31.0,23522741,FEA (Fear)
1050_IEO_NEU_XX.wav,464,166,331,0.0685,39.19,25.95,45710,NEU (Neutral)
1050_IEO_SAD_LO.wav,254,152,310,0.0625,44.98,21.1,6362,SAD (Sadness)
1050_IEO_SAD_HI.wav,188,160,342,0.0605,51.7,20.86,2138,SAD (Sadness)
1050_IEO_SAD_MD.wav,225,165,300,0.0611,42.06,18.46,4181,SAD (Sadness)
1050_IOM_FEA_XX.wav,365,156,334,0.0539,42.96,17.15,9373,FEA (Fear)
1050_IOM_HAP_XX.wav,943,170,337,0.0599,35.27,27.47,229803,HAP (Happy)
1050_IOM_SAD_XX.wav,239,155,345,0.0499,36.32,18.78,2672,SAD (Sadness)
1050_IOM_NEU_XX.wav,516,153,341,0.0558,38.5,22.06,30599,NEU (Neutral)
1050_IOM_ANG_XX.wav,1600,168,305,0.0667,35.17,29.61,818444,ANG (Angry)
1050_IOM_DIS_XX.wav,824,145,336,0.0668,36.28,23.19,134777,DIS (Disgust)
1050_ITH_ANG_XX.wav,5288,219,338,0.093,19.84,34.77,18049125,ANG (Angry)
1050_ITH_NEU_XX.wav,794,179,334,0.0685,45.62,34.09,215553,NEU (Neutral)
1050_ITH_FEA_XX.wav,286,150,263,0.0644,32.03,26.77,11046,FEA (Fear)
1050_ITH_SAD_XX.wav,223,152,340,0.0562,44.23,21.69,3221,SAD (Sadness)
1050_ITH_DIS_XX.wav,300,166,342,0.0624,46.2,26.14,16772,DIS (Disgust)
1050_ITS_NEU_XX.wav,505,162,249,0.0782,40.31,30.24,41429,NEU (Neutral)
1050_ITH_HAP_XX.wav,882,181,342,0.0752,31.79,34.22,270962,HAP (Happy)
1050_ITS_ANG_XX.wav,4396,215,334,0.0997,21.34,33.64,10616611,ANG (Angry)
1050_ITS_DIS_XX.wav,214,158,334,0.0935,40.64,20.09,6160,DIS (Disgust)
1050_ITS_SAD_XX.wav,209,152,343,0.0655,43.09,24.18,3321,SAD (Sadness)
1050_ITS_FEA_XX.wav,328,175,345,0.0863,39.01,28.94,15857,FEA (Fear)
1050_ITS_HAP_XX.wav,861,204,340,0.1197,26.81,31.46,223719,HAP (Happy)
1050_IWL_ANG_XX.wav,6708,225,337,0.0948,18.63,29.04,19963496,ANG (Angry)
1050_IWW_ANG_XX.wav,1176,170,337,0.0867,34.49,37.04,511012,ANG (Angry)
1050_IWL_NEU_XX.wav,954,170,338,0.0569,38.71,27.44,261153,NEU (Neutral)
1050_IWL_DIS_XX.wav,1747,172,343,0.0775,32.21,27.87,1395295,DIS (Disgust)
1050_IWL_HAP_XX.wav,1029,188,338,0.072,31.07,28.49,182151,HAP (Happy)
1050_IWL_SAD_XX.wav,263,148,341,0.0498,43.94,19.59,3528,SAD (Sadness)
1050_IWL_FEA_XX.wav,611,179,331,0.0762,26.29,26.69,51722,FEA (Fear)
1050_IWW_DIS_XX.wav,460,168,338,0.0764,50.09,25.22,30058,DIS (Disgust)
1050_IWW_NEU_XX.wav,590,157,325,0.0634,39.92,29.64,67899,NEU (Neutral)
1050_IWW_SAD_XX.wav,208,152,343,0.0651,40.66,19.24,2661,SAD (Sadness)
1050_IWW_HAP_XX.wav,391,170,345,0.0863,43.37,32.6,27508,HAP (Happy)
1050_IWW_FEA_XX.wav,215,156,344,0.0551,51.37,23.49,2247,FEA (Fear)
1050_MTI_HAP_XX.wav,846,172,336,0.0591,32.34,29.94,120054,HAP (Happy)
1050_MTI_NEU_XX.wav,758,172,342,0.0585,48.14,28.45,92779,NEU (Neutral)
1050_MTI_ANG_XX.wav,5427,197,339,0.0829,19.8,30.21,10047257,ANG (Angry)
1050_TAI_ANG_XX.wav,6186,218,338,0.1112,22.34,32.44,16936748,ANG (Angry)
1050_MTI_FEA_XX.wav,1136,187,335,0.0762,32.37,30.85,201951,FEA (Fear)
1050_TAI_HAP_XX.wav,1053,194,330,0.0974,30.95,34.24,210803,HAP (Happy)
1050_MTI_SAD_XX.wav,415,161,345,0.0526,40.46,20.9,16749,SAD (Sadness)
1050_TAI_FEA_XX.wav,481,165,337,0.0735,33.14,24.67,24823,FEA (Fear)
1050_MTI_DIS_XX.wav,634,171,333,0.0676,40.05,25.12,65674,DIS (Disgust)
1050_TAI_NEU_XX.wav,784,157,335,0.0702,43.22,22.39,114352,NEU (Neutral)
1050_TAI_SAD_XX.wav,394,178,336,0.065,43.67,22.64,22312,SAD (Sadness)
1050_TAI_DIS_XX.wav,755,185,344,0.086,40.4,23.94,146475,DIS (Disgust)
1050_TIE_ANG_XX.wav,2892,188,325,0.0803,30.95,36.98,6893621,ANG (Angry)
1050_TSI_ANG_XX.wav,4533,235,331,0.1316,26.81,37.9,15081844,ANG (Angry)
1050_TIE_FEA_XX.wav,408,170,345,0.0653,47.71,32.1,30259,FEA (Fear)
1050_TIE_HAP_XX.wav,587,167,344,0.0664,38.32,35.08,114211,HAP (Happy)
1050_TIE_NEU_XX.wav,652,166,342,0.0701,41.99,30.21,158357,NEU (Neutral)
1050_TIE_DIS_XX.wav,336,158,334,0.07,40.75,32.32,27553,DIS (Disgust)
1050_TSI_NEU_XX.wav,428,168,345,0.1235,52.23,30.22,39150,NEU (Neutral)
1050_WSI_ANG_XX.wav,4564,215,339,0.1414,20.05,36.52,11600248,ANG (Angry)
1050_TSI_SAD_XX.wav,230,155,341,0.0974,46.38,23.24,7054,SAD (Sadness)
1050_TIE_SAD_XX.wav,215,169,336,0.0531,48.34,22.06,2732,SAD (Sadness)
1050_TSI_HAP_XX.wav,568,197,342,0.1618,30.88,30.65,77244,HAP (Happy)
1050_TSI_FEA_XX.wav,229,169,317,0.1216,38.83,24.87,8709,FEA (Fear)
1050_WSI_NEU_XX.wav,755,168,339,0.0997,45.88,33.54,249059,NEU (Neutral)
1050_WSI_FEA_XX.wav,311,186,339,0.1018,28.28,26.33,15384,FEA (Fear)
1050_TSI_DIS_XX.wav,258,166,341,0.131,48.63,25.66,12189,DIS (Disgust)
1051_DFA_ANG_XX.wav,1432,167,322,0.0892,37.34,30.18,842019,ANG (Angry)
1050_WSI_DIS_XX.wav,259,165,345,0.0993,45.59,26.3,14000,DIS (Disgust)
1051_DFA_NEU_XX.wav,451,177,332,0.0617,54.06,30.15,35898,NEU (Neutral)
1051_DFA_SAD_XX.wav,339,173,346,0.0586,45.97,29.63,16149,SAD (Sadness)
1050_WSI_SAD_XX.wav,208,163,343,0.0703,49.89,22.19,3647,SAD (Sadness)
1051_DFA_HAP_XX.wav,1275,173,338,0.0686,40.4,30.14,703758,HAP (Happy)
1051_DFA_FEA_XX.wav,1087,190,340,0.081,32.51,26.29,450607,FEA (Fear)
1051_IEO_ANG_MD.wav,1247,174,296,0.0874,31.35,28.59,670992,ANG (Angry)
1050_WSI_HAP_XX.wav,1093,208,342,0.1444,26.93,31.52,260563,HAP (Happy)
1051_IEO_DIS_LO.wav,268,156,306,0.0807,45.85,28.31,12380,DIS (Disgust)
1051_IEO_ANG_LO.wav,805,191,327,0.0778,29.96,29.44,153761,ANG (Angry)
1051_IEO_DIS_HI.wav,921,177,334,0.0897,36.37,30.69,337111,DIS (Disgust)
1051_IEO_ANG_HI.wav,3299,207,326,0.1425,31.44,34.68,5269127,ANG (Angry)
1051_IEO_FEA_HI.wav,845,162,324,0.0857,30.62,28.11,207260,FEA (Fear)
1051_DFA_DIS_XX.wav,314,169,325,0.072,44.91,25.34,29692,DIS (Disgust)
1051_IEO_HAP_HI.wav,1762,180,332,0.1039,35.07,36.99,1689861,HAP (Happy)
1051_IEO_HAP_LO.wav,487,161,344,0.0708,45.98,26.34,48985,HAP (Happy)
1051_IEO_FEA_LO.wav,370,173,343,0.0722,44.35,24.21,24021,FEA (Fear)
1051_IEO_HAP_MD.wav,630,182,341,0.0818,43.47,29.7,119805,HAP (Happy)
1051_IEO_FEA_MD.wav,245,161,342,0.0643,52.96,21.44,7403,FEA (Fear)
1051_IEO_NEU_XX.wav,369,150,329,0.0595,35.71,26.16,27974,NEU (Neutral)
1051_IOM_FEA_XX.wav,1555,191,333,0.0726,26.64,23.72,645222,FEA (Fear)
1051_IEO_SAD_LO.wav,260,160,335,0.0611,46.66,22.01,5248,SAD (Sadness)
1051_IOM_HAP_XX.wav,1112,166,336,0.0542,43.42,24.3,238854,HAP (Happy)
1051_IEO_SAD_MD.wav,210,164,340,0.061,48.85,21.06,3203,SAD (Sadness)
1051_IEO_DIS_MD.wav,433,170,332,0.0701,47.64,27.22,45703,DIS (Disgust)
1051_IOM_ANG_XX.wav,1736,167,342,0.0714,37.27,28.51,1127641,ANG (Angry)
1051_IOM_NEU_XX.wav,532,155,315,0.0474,56.87,19.37,24065,NEU (Neutral)
1051_IOM_DIS_XX.wav,789,163,337,0.0589,44.9,21.18,206530,DIS (Disgust)
1051_IEO_SAD_HI.wav,292,171,342,0.0614,42.88,24.51,11223,SAD (Sadness)
1051_IOM_SAD_XX.wav,411,161,341,0.0539,51.73,22.17,16526,SAD (Sadness)
1051_ITH_ANG_XX.wav,1560,178,316,0.0777,42.53,34.21,1156870,ANG (Angry)
1051_ITH_FEA_XX.wav,660,170,343,0.0821,38.19,30.45,150285,FEA (Fear)
1051_ITS_ANG_XX.wav,1080,183,337,0.0973,36.22,32.76,437126,ANG (Angry)
1051_ITS_HAP_XX.wav,1164,188,341,0.1018,33.59,34.25,464143,HAP (Happy)
1051_ITS_FEA_XX.wav,329,175,344,0.1355,44.34,23.29,54261,FEA (Fear)
1051_ITH_NEU_XX.wav,468,174,323,0.0595,42.57,28.25,39359,NEU (Neutral)
1051_ITH_SAD_XX.wav,250,151,340,0.0672,51.07,23.98,7201,SAD (Sadness)
1051_ITH_HAP_XX.wav,1205,176,331,0.0753,29.04,36.93,636710,HAP (Happy)
1051_ITS_NEU_XX.wav,489,146,337,0.0804,45.98,26.09,40784,NEU (Neutral)
1051_ITS_SAD_XX.wav,333,159,340,0.0864,46.35,24.96,18491,SAD (Sadness)
1051_ITH_DIS_XX.wav,241,156,336,0.0653,42.35,26.25,13852,DIS (Disgust)
1051_IWL_ANG_XX.wav,2511,195,339,0.0794,29.4,33.22,3595310,ANG (Angry)
1051_ITS_DIS_XX.wav,273,160,342,0.0886,44.53,20.46,14078,DIS (Disgust)
1051_IWL_NEU_XX.wav,673,158,312,0.0557,43.78,24.64,68465,NEU (Neutral)
1051_IWL_FEA_XX.wav,691,175,334,0.07,27.57,23.7,79609,FEA (Fear)
1051_IWL_DIS_XX.wav,327,160,342,0.0567,42.79,20.98,13299,DIS (Disgust)
1051_IWL_HAP_XX.wav,1559,201,329,0.0685,25.09,31.63,818685,HAP (Happy)
1051_IWL_SAD_XX.wav,336,158,334,0.0529,48.18,20.8,14050,SAD (Sadness)
1051_IWW_ANG_XX.wav,953,182,339,0.085,39.49,28.78,320797,ANG (Angry)
1051_IWW_HAP_XX.wav,819,194,339,0.0792,29.9,30.15,165174,HAP (Happy)
1051_IWW_NEU_XX.wav,576,187,343,0.0681,48.79,27.89,56116,NEU (Neutral)
1051_IWW_DIS_XX.wav,397,195,341,0.1136,36.6,24.48,55906,DIS (Disgust)
1051_IWW_FEA_XX.wav,775,173,227,0.0917,28.08,24.29,225093,FEA (Fear)
1051_IWW_SAD_XX.wav,246,161,344,0.0646,48.61,22.6,5443,SAD (Sadness)
1051_MTI_ANG_XX.wav,1887,175,264,0.0774,28.88,29.07,1387880,ANG (Angry)
1051_MTI_FEA_XX.wav,1025,187,331,0.0774,31.05,27.7,225533,FEA (Fear)
1051_MTI_DIS_XX.wav,368,169,339,0.067,49.49,23.53,25098,DIS (Disgust)
1051_MTI_HAP_XX.wav,1720,184,337,0.0636,38.45,24.47,629988,HAP (Happy)
1051_TAI_HAP_XX.wav,1464,173,316,0.1003,37.19,27.49,523091,HAP (Happy)
1051_TAI_ANG_XX.wav,2031,187,344,0.0918,33.11,36.76,1850385,ANG (Angry)
1051_TAI_DIS_XX.wav,494,184,336,0.0927,33.34,26.59,50696,DIS (Disgust)
1051_TAI_FEA_XX.wav,2124,194,331,0.0864,23.32,30.16,1490417,FEA (Fear)
1051_MTI_NEU_XX.wav,601,184,338,0.0552,52.17,22.39,61857,NEU (Neutral)
1051_TAI_NEU_XX.wav,485,170,340,0.0653,59.34,23.08,40856,NEU (Neutral)
1051_MTI_SAD_XX.wav,378,159,340,0.0576,49.93,21.38,21515,SAD (Sadness)
1051_TAI_SAD_XX.wav,334,148,344,0.0607,39.01,20.38,8900,SAD (Sadness)
1051_TIE_NEU_XX.wav,382,174,318,0.0592,51.07,26.26,22197,NEU (Neutral)
1051_TSI_ANG_XX.wav,1369,183,331,0.1804,35.36,33.21,1076359,ANG (Angry)
1051_TIE_ANG_XX.wav,1242,160,310,0.0957,40.51,32.56,1295081,ANG (Angry)
1051_TSI_FEA_XX.wav,1287,189,338,0.1785,32.33,32.16,808027,FEA (Fear)
1051_TIE_HAP_XX.wav,567,166,344,0.0791,46.92,27.01,96616,HAP (Happy)
1051_TSI_HAP_XX.wav,730,197,335,0.1895,44.31,28.91,234953,HAP (Happy)
1051_TSI_NEU_XX.wav,343,164,337,0.1269,50.95,26.85,33347,NEU (Neutral)
1051_TIE_DIS_XX.wav,588,175,342,0.0939,36.89,33.1,158034,DIS (Disgust)
1051_TSI_DIS_XX.wav,347,167,337,0.2024,42.4,21.43,88967,DIS (Disgust)
1051_TIE_FEA_XX.wav,588,170,318,0.0974,29.41,28.69,122741,FEA (Fear)
1051_TSI_SAD_XX.wav,261,155,333,0.1179,50.25,19.75,19480,SAD (Sadness)
1051_TIE_SAD_XX.wav,238,164,345,0.0584,48.11,22.6,5118,SAD (Sadness)
1051_WSI_HAP_XX.wav,914,167,335,0.1196,41.41,31.11,318491,HAP (Happy)
1051_WSI_NEU_XX.wav,503,170,341,0.091,49.06,27.1,58818,NEU (Neutral)
1052_DFA_ANG_XX.wav,3671,249,345,0.1407,16.47,35.8,10541725,ANG (Angry)
1052_DFA_HAP_XX.wav,1476,247,336,0.0844,18.93,33.71,1463541,HAP (Happy)
1051_WSI_ANG_XX.wav,1293,179,299,0.135,44.33,27.37,854732,ANG (Angry)
1051_WSI_SAD_XX.wav,275,152,342,0.0962,49.86,24.35,16682,SAD (Sadness)
1052_DFA_DIS_XX.wav,285,170,226,0.0738,35.51,28.08,12452,DIS (Disgust)
1051_WSI_DIS_XX.wav,416,162,340,0.1011,48.35,29.09,50873,DIS (Disgust)
1051_WSI_FEA_XX.wav,746,185,340,0.1252,30.72,33.64,168429,FEA (Fear)
1052_DFA_SAD_XX.wav,377,186,343,0.0685,26.84,26.71,24797,SAD (Sadness)
1052_DFA_NEU_XX.wav,380,185,345,0.0698,40.6,25.52,41187,NEU (Neutral)
1052_DFA_FEA_XX.wav,581,192,341,0.0844,33.88,26.84,165128,FEA (Fear)
1052_IEO_ANG_LO.wav,954,210,337,0.08,26.46,34.42,534601,ANG (Angry)
1052_IEO_DIS_LO.wav,200,176,332,0.0618,43.68,21.24,3679,DIS (Disgust)
1052_IEO_ANG_HI.wav,4597,264,343,0.1215,22.48,33.89,17539767,ANG (Angry)
1052_IEO_FEA_HI.wav,2213,231,343,0.1022,28.47,37.11,5352923,FEA (Fear)
1052_IEO_FEA_LO.wav,211,192,335,0.0697,34.18,24.34,4201,FEA (Fear)
1052_IEO_DIS_MD.wav,256,169,344,0.059,35.77,25.73,11531,DIS (Disgust)
1052_IEO_HAP_MD.wav,362,174,324,0.08,25.05,24.85,23372,HAP (Happy)
1052_IEO_DIS_HI.wav,401,171,344,0.08,42.96,24.34,44614,DIS (Disgust)
1052_IEO_HAP_HI.wav,2021,223,327,0.1114,23.47,37.78,2323026,HAP (Happy)
1052_IEO_ANG_MD.wav,2048,232,339,0.0948,23.91,34.02,3459707,ANG (Angry)
1052_IEO_HAP_LO.wav,475,185,333,0.073,30.92,32.37,73264,HAP (Happy)
1052_IEO_FEA_MD.wav,258,195,339,0.0786,39.88,28.4,12124,FEA (Fear)
1052_IEO_NEU_XX.wav,295,176,343,0.0748,35.42,26.89,16531,NEU (Neutral)
1052_IEO_SAD_LO.wav,202,172,345,0.0721,41.52,20.48,3149,SAD (Sadness)
1052_IOM_DIS_XX.wav,604,167,258,0.0586,29.31,20.96,105030,DIS (Disgust)
1052_IOM_ANG_XX.wav,3524,244,321,0.0817,13.79,22.86,4874360,ANG (Angry)
1052_IEO_SAD_HI.wav,196,176,342,0.0528,42.19,22.31,3017,SAD (Sadness)
1052_IOM_HAP_XX.wav,1230,211,278,0.0727,23.67,22.56,351949,HAP (Happy)
1052_IEO_SAD_MD.wav,179,186,340,0.0527,41.18,22.08,1308,SAD (Sadness)
1052_IOM_NEU_XX.wav,385,177,342,0.0575,32.6,20.74,21948,NEU (Neutral)
1052_IOM_SAD_XX.wav,432,185,340,0.0552,35.89,18.06,23872,SAD (Sadness)
1052_ITH_ANG_XX.wav,2384,235,325,0.109,21.02,33.75,3967335,ANG (Angry)
1052_ITH_HAP_XX.wav,824,183,339,0.0756,24.32,33.88,235030,HAP (Happy)
1052_IOM_FEA_XX.wav,391,183,344,0.0543,36.39,23.75,32427,FEA (Fear)
1052_ITH_FEA_XX.wav,564,185,339,0.0671,27.62,25.82,92334,FEA (Fear)
1052_ITH_NEU_XX.wav,561,183,332,0.0704,26.99,29.66,97215,NEU (Neutral)
1052_ITH_DIS_XX.wav,414,167,340,0.0647,34.46,24.79,51985,DIS (Disgust)
1052_ITS_FEA_XX.wav,418,185,341,0.078,28.68,26.86,25184,FEA (Fear)
1052_ITS_ANG_XX.wav,1456,209,338,0.1188,23.76,28.4,1162264,ANG (Angry)
1052_ITH_SAD_XX.wav,418,177,344,0.0601,29.23,28.55,34675,SAD (Sadness)
1052_ITS_DIS_XX.wav,276,180,341,0.0766,42.81,22.25,13147,DIS (Disgust)
1052_ITS_HAP_XX.wav,1074,230,340,0.0959,21.1,34.59,295205,HAP (Happy)
1052_IWW_ANG_XX.wav,1931,217,340,0.0931,26.49,32.92,1245450,ANG (Angry)
1052_ITS_NEU_XX.wav,394,177,326,0.0844,36.34,26.48,19558,NEU (Neutral)
1052_IWL_DIS_XX.wav,495,187,331,0.066,27.54,22.29,38614,DIS (Disgust)
1052_IWL_NEU_XX.wav,508,183,241,0.0603,17.84,22.9,48213,NEU (Neutral)
1052_IWL_FEA_XX.wav,520,205,333,0.0749,28.28,24.45,77410,FEA (Fear)
1052_ITS_SAD_XX.wav,329,170,346,0.0752,32.22,26.68,13510,SAD (Sadness)
1052_IWL_HAP_XX.wav,582,200,340,0.0697,25.96,26.23,106824,HAP (Happy)
1052_IWL_ANG_XX.wav,2740,219,334,0.0794,20.84,25.87,3405697,ANG (Angry)
1052_IWL_SAD_XX.wav,727,181,340,0.0614,28.64,24.56,84732,SAD (Sadness)
1052_IWW_DIS_XX.wav,394,180,327,0.0677,38.62,29.23,27007,DIS (Disgust)
1052_IWW_HAP_XX.wav,1045,202,260,0.1035,20.44,30.53,385776,HAP (Happy)
1052_IWW_FEA_XX.wav,622,199,342,0.0687,29.75,25.81,126838,FEA (Fear)
1052_IWW_NEU_XX.wav,445,182,337,0.0673,30.38,27.82,38465,NEU (Neutral)
1052_MTI_ANG_XX.wav,4136,251,334,0.0861,16.43,30.48,7012254,ANG (Angry)
1052_IWW_SAD_XX.wav,536,175,345,0.0705,31.08,28.52,60329,SAD (Sadness)
1052_MTI_DIS_XX.wav,546,182,345,0.068,27.67,26.98,87691,DIS (Disgust)
1052_MTI_HAP_XX.wav,1137,226,333,0.0757,23.16,33.43,452212,HAP (Happy)
1052_MTI_FEA_XX.wav,1193,238,342,0.0777,20.23,32.7,466001,FEA (Fear)
1052_MTI_SAD_XX.wav,1097,199,335,0.0686,17.25,21.9,282547,SAD (Sadness)
1052_TAI_ANG_XX.wav,3031,219,330,0.0926,20.47,35.4,3761406,ANG (Angry)
1052_MTI_NEU_XX.wav,402,186,334,0.0629,27.22,22.45,33721,NEU (Neutral)
1052_TAI_DIS_XX.wav,860,187,344,0.0821,25.74,29.38,221873,DIS (Disgust)
1052_TAI_FEA_XX.wav,900,204,309,0.0851,20.63,30.44,237669,FEA (Fear)
1052_TAI_HAP_XX.wav,2035,265,337,0.1255,14.71,24.13,1525899,HAP (Happy)
1052_TIE_ANG_XX.wav,2299,237,343,0.1085,20.5,39.8,4979624,ANG (Angry)
1052_TIE_HAP_XX.wav,849,214,315,0.0863,29.45,37.88,652225,HAP (Happy)
1052_TIE_NEU_XX.wav,309,177,344,0.0688,39.81,29.55,26925,NEU (Neutral)
1052_TIE_DIS_XX.wav,265,169,345,0.0887,40.1,25.58,27759,DIS (Disgust)
1052_TSI_ANG_XX.wav,2230,228,340,0.1549,26.93,36.55,4781921,ANG (Angry)
1052_TAI_NEU_XX.wav,516,191,337,0.0696,28.03,23.36,38877,NEU (Neutral)
1052_TSI_FEA_XX.wav,818,251,339,0.1452,19.22,26.89,238337,FEA (Fear)
1052_TIE_SAD_XX.wav,294,181,342,0.0597,33.67,22.88,12959,SAD (Sadness)
1052_TSI_HAP_XX.wav,995,226,337,0.1348,27.65,35.52,420990,HAP (Happy)
1052_TSI_DIS_XX.wav,256,190,347,0.1427,35.48,26.9,13059,DIS (Disgust)
1052_TSI_SAD_XX.wav,368,177,341,0.1428,30.79,22.15,29311,SAD (Sadness)
1052_TAI_SAD_XX.wav,556,184,327,0.0768,26.39,24.36,66717,SAD (Sadness)
1052_TIE_FEA_XX.wav,469,187,343,0.0776,30.96,29.97,62581,FEA (Fear)
1052_TSI_NEU_XX.wav,307,181,343,0.1311,36.11,26.85,23401,NEU (Neutral)
1053_DFA_ANG_XX.wav,2128,230,331,0.1229,21.79,33.42,3640264,ANG (Angry)
1052_WSI_ANG_XX.wav,2846,233,318,0.1633,17.59,38.46,6054445,ANG (Angry)
1052_WSI_DIS_XX.wav,299,182,333,0.0803,42.94,24.92,16732,DIS (Disgust)
1052_WSI_FEA_XX.wav,541,204,325,0.0889,28.78,28.72,59088,FEA (Fear)
1053_DFA_DIS_XX.wav,804,201,224,0.0847,21.67,34.95,287833,DIS (Disgust)
1052_WSI_NEU_XX.wav,386,171,342,0.0876,32.36,27.6,22941,NEU (Neutral)
1053_DFA_NEU_XX.wav,588,200,260,0.0771,24.32,32.11,99297,NEU (Neutral)
1052_WSI_HAP_XX.wav,832,208,324,0.1161,22.33,30.39,266955,HAP (Happy)
1053_DFA_FEA_XX.wav,1756,263,338,0.0953,18.02,35.1,2352921,FEA (Fear)
1053_DFA_SAD_XX.wav,387,195,333,0.073,24.16,31.07,34202,SAD (Sadness)
1053_DFA_HAP_XX.wav,1585,256,329,0.0876,21.36,33.24,1613171,HAP (Happy)
1052_WSI_SAD_XX.wav,236,154,344,0.0673,36.12,21.96,6970,SAD (Sadness)
1053_IEO_DIS_HI.wav,1154,235,332,0.0923,23.36,34.11,551551,DIS (Disgust)
1053_IEO_ANG_LO.wav,352,174,292,0.068,30.71,24.84,28368,ANG (Angry)
1053_IEO_ANG_MD.wav,812,195,309,0.0775,25.35,27.62,230447,ANG (Angry)
1053_IEO_DIS_LO.wav,288,164,343,0.0635,33.76,26.38,13642,DIS (Disgust)
1053_IEO_DIS_MD.wav,522,181,338,0.0708,38.08,28.23,58164,DIS (Disgust)
1053_IEO_HAP_MD.wav,904,192,338,0.0851,25.49,23.01,290390,HAP (Happy)
1053_IEO_ANG_HI.wav,3340,237,334,0.113,21.29,35.17,13603044,ANG (Angry)
1053_IEO_HAP_HI.wav,2066,269,312,0.093,15.63,38.62,2100211,HAP (Happy)
1053_IEO_FEA_HI.wav,951,229,338,0.0888,25.2,28.87,571608,FEA (Fear)
1053_IEO_FEA_LO.wav,209,164,340,0.0609,37.24,19.2,3758,FEA (Fear)
1053_IEO_FEA_MD.wav,243,178,332,0.061,32.63,21.38,5520,FEA (Fear)
1053_IEO_HAP_LO.wav,476,188,246,0.0702,27.16,26.75,117572,HAP (Happy)
1053_IEO_SAD_HI.wav,312,181,341,0.06,33.13,22.7,15810,SAD (Sadness)
1053_IEO_SAD_LO.wav,217,167,344,0.0585,35.4,24.85,3097,SAD (Sadness)
1053_IEO_SAD_MD.wav,214,170,343,0.0563,36.39,18.98,3058,SAD (Sadness)
1053_IOM_FEA_XX.wav,1363,241,337,0.067,14.38,25.3,365311,FEA (Fear)
1053_IEO_NEU_XX.wav,340,178,218,0.0643,29.82,25.35,19878,NEU (Neutral)
1053_IOM_HAP_XX.wav,789,196,290,0.0652,14.57,27.67,136327,HAP (Happy)
1053_IOM_ANG_XX.wav,2355,237,299,0.0908,14.28,31.07,2806285,ANG (Angry)
1053_IOM_NEU_XX.wav,657,200,342,0.0664,20.41,21.17,66117,NEU (Neutral)
1053_IOM_DIS_XX.wav,831,192,331,0.0618,26.15,22.48,149418,DIS (Disgust)
1053_IOM_SAD_XX.wav,401,185,337,0.0588,19.05,17.6,18067,SAD (Sadness)
1053_ITH_ANG_XX.wav,2069,233,337,0.0941,23.24,30.81,2853234,ANG (Angry)
1053_ITH_FEA_XX.wav,1698,296,336,0.0817,13.3,39.53,1686517,FEA (Fear)
1053_ITH_NEU_XX.wav,572,203,255,0.0759,21.8,31.1,96004,NEU (Neutral)
1053_ITH_HAP_XX.wav,1123,242,333,0.0692,14.97,32.07,535343,HAP (Happy)
1053_ITH_DIS_XX.wav,637,180,344,0.0782,29.57,29.51,153061,DIS (Disgust)
1053_ITS_DIS_XX.wav,480,179,343,0.1371,36.34,28.29,51400,DIS (Disgust)
1053_ITS_NEU_XX.wav,486,208,296,0.0909,24.03,31.14,45799,NEU (Neutral)
1053_ITS_FEA_XX.wav,1146,265,327,0.0929,14.9,35.94,549420,FEA (Fear)
1053_ITH_SAD_XX.wav,474,201,325,0.0623,20.02,31.4,66513,SAD (Sadness)
1053_ITS_HAP_XX.wav,1421,251,325,0.0994,15.99,34.86,444815,HAP (Happy)
1053_ITS_ANG_XX.wav,1397,239,342,0.1177,22.16,38.28,1207462,ANG (Angry)
1053_ITS_SAD_XX.wav,402,191,342,0.0978,26.01,24.69,22367,SAD (Sadness)
1053_IWL_ANG_XX.wav,2810,262,337,0.0917,17.02,36.52,3921070,ANG (Angry)
1053_IWL_NEU_XX.wav,551,200,343,0.065,19.02,23.75,51975,NEU (Neutral)
1053_IWL_FEA_XX.wav,2797,306,326,0.0908,14.08,33.49,3536544,FEA (Fear)
1053_IWL_HAP_XX.wav,1523,227,323,0.0763,15.49,26.63,872365,HAP (Happy)
1053_IWL_DIS_XX.wav,1617,200,343,0.0844,20.47,27.01,918761,DIS (Disgust)
1053_IWW_FEA_XX.wav,1192,242,342,0.0719,16.9,33.13,382849,FEA (Fear)
1053_IWW_NEU_XX.wav,466,199,329,0.0779,27.19,26.02,34571,NEU (Neutral)
1053_IWW_ANG_XX.wav,1349,212,327,0.1074,23.51,32.92,690043,ANG (Angry)
1053_IWW_HAP_XX.wav,802,211,337,0.0715,26.77,34.33,154167,HAP (Happy)
1053_IWW_DIS_XX.wav,661,186,306,0.0725,25.01,30.59,94047,DIS (Disgust)
1053_IWL_SAD_XX.wav,674,204,326,0.0615,22.19,21.25,83046,SAD (Sadness)
1053_IWW_SAD_XX.wav,325,203,343,0.0655,21.88,21.39,7444,SAD (Sadness)
1053_MTI_FEA_XX.wav,1848,280,340,0.0815,18.28,28.24,1054696,FEA (Fear)
1053_MTI_ANG_XX.wav,1867,244,325,0.0845,15.7,30.39,1328723,ANG (Angry)
1053_TAI_ANG_XX.wav,2941,277,334,0.0962,14.71,30.42,3701369,ANG (Angry)
1053_TAI_FEA_XX.wav,2579,311,308,0.0843,12.68,30.72,3868231,FEA (Fear)
1053_MTI_HAP_XX.wav,1118,221,335,0.0654,20.45,30.53,242572,HAP (Happy)
1053_MTI_DIS_XX.wav,1151,215,338,0.0739,22.61,26.57,443470,DIS (Disgust)
1053_MTI_SAD_XX.wav,340,194,326,0.0549,28.23,21.23,10848,SAD (Sadness)
1053_MTI_NEU_XX.wav,660,203,342,0.0716,30.04,28.15,86870,NEU (Neutral)
1053_TAI_HAP_XX.wav,1440,244,342,0.0835,14.16,33.23,615316,HAP (Happy)
1053_TAI_DIS_XX.wav,1043,212,343,0.0874,28.88,28.66,441223,DIS (Disgust)
1053_TAI_NEU_XX.wav,499,194,336,0.0815,29.28,28.6,66043,NEU (Neutral)
1053_TAI_SAD_XX.wav,621,209,207,0.0802,13.42,24.0,60294,SAD (Sadness)
1053_TSI_FEA_XX.wav,1057,269,312,0.1478,22.0,36.28,596610,FEA (Fear)
1053_TIE_FEA_XX.wav,1335,229,325,0.0864,19.13,33.21,981224,FEA (Fear)
1053_TSI_ANG_XX.wav,1024,228,335,0.1802,29.87,35.6,875735,ANG (Angry)
1053_TIE_DIS_XX.wav,497,186,322,0.0845,24.47,28.29,77480,DIS (Disgust)
1053_TSI_DIS_XX.wav,540,201,336,0.1683,32.6,31.18,101868,DIS (Disgust)
1053_TSI_HAP_XX.wav,870,221,328,0.1695,32.53,35.81,308231,HAP (Happy)
1053_TIE_SAD_XX.wav,240,169,342,0.0695,34.76,20.36,5863,SAD (Sadness)
1053_TIE_ANG_XX.wav,1495,216,341,0.1091,20.14,35.85,2881734,ANG (Angry)
1053_TIE_NEU_XX.wav,415,179,337,0.061,26.73,26.42,33571,NEU (Neutral)
1053_TSI_NEU_XX.wav,481,211,340,0.1887,30.04,27.34,84774,NEU (Neutral)
1053_TSI_SAD_XX.wav,376,182,339,0.1926,31.38,25.72,53825,SAD (Sadness)
1053_TIE_HAP_XX.wav,909,204,340,0.0691,22.68,29.9,352970,HAP (Happy)
1053_WSI_ANG_XX.wav,1869,257,344,0.1472,17.73,33.17,2012227,ANG (Angry)
1053_WSI_HAP_XX.wav,793,204,341,0.0982,23.89,35.05,191762,HAP (Happy)
1054_DFA_ANG_XX.wav,1273,229,344,0.1064,23.51,32.35,1259099,ANG (Angry)
1053_WSI_FEA_XX.wav,1784,278,336,0.1137,19.17,37.93,1772817,FEA (Fear)
1053_WSI_NEU_XX.wav,397,190,332,0.1024,32.9,27.16,30870,NEU (Neutral)
1054_DFA_DIS_XX.wav,614,194,342,0.0966,23.44,35.75,156177,DIS (Disgust)
1053_WSI_DIS_XX.wav,608,196,311,0.1414,23.9,30.44,163479,DIS (Disgust)
1054_DFA_FEA_XX.wav,321,182,327,0.0623,38.37,26.01,13479,FEA (Fear)
1053_WSI_SAD_XX.wav,311,195,335,0.1035,31.07,24.87,12408,SAD (Sadness)
1054_DFA_HAP_XX.wav,517,203,333,0.0686,27.3,30.81,92309,HAP (Happy)
1054_DFA_NEU_XX.wav,285,169,344,0.0619,36.95,24.4,8691,NEU (Neutral)
1054_DFA_SAD_XX.wav,312,183,334,0.0549,28.87,30.08,10420,SAD (Sadness)
1054_IEO_ANG_MD.wav,667,234,344,0.0641,24.99,33.71,158252,ANG (Angry)
1054_IEO_ANG_HI.wav,3742,227,330,0.1262,23.76,32.81,14350303,ANG (Angry)
1054_IEO_ANG_LO.wav,777,202,340,0.0819,25.15,32.57,331865,ANG (Angry)
1054_IEO_DIS_HI.wav,648,216,324,0.0713,20.54,33.96,140593,DIS (Disgust)
1054_IEO_DIS_LO.wav,263,170,339,0.0555,41.64,24.26,6677,DIS (Disgust)
1054_IEO_HAP_HI.wav,1294,245,324,0.0836,18.65,29.06,644228,HAP (Happy)
1054_IEO_FEA_MD.wav,210,154,345,0.0556,36.67,21.26,2421,FEA (Fear)
1054_IEO_HAP_LO.wav,422,193,344,0.0622,30.86,27.52,32398,HAP (Happy)
1054_IEO_FEA_HI.wav,2293,236,343,0.0885,26.64,33.24,4977446,FEA (Fear)
1054_IEO_DIS_MD.wav,377,184,336,0.0736,27.93,20.04,21093,DIS (Disgust)
1054_IEO_FEA_LO.wav,226,158,342,0.0497,37.29,25.18,2306,FEA (Fear)
1054_IEO_NEU_XX.wav,264,167,343,0.0555,33.33,22.41,5601,NEU (Neutral)
1054_IEO_HAP_MD.wav,444,191,326,0.0627,26.43,25.56,42892,HAP (Happy)
1054_IOM_ANG_XX.wav,1967,255,326,0.0687,11.7,31.47,1039577,ANG (Angry)
1054_IOM_HAP_XX.wav,559,208,343,0.0569,17.84,25.96,55593,HAP (Happy)
1054_IEO_SAD_HI.wav,269,182,344,0.0594,39.09,28.94,5538,SAD (Sadness)
1054_IOM_FEA_XX.wav,682,206,336,0.0455,21.17,23.28,39741,FEA (Fear)
1054_IOM_NEU_XX.wav,312,193,338,0.0525,33.62,22.49,7588,NEU (Neutral)
1054_IOM_SAD_XX.wav,296,177,339,0.0485,34.11,24.18,5733,SAD (Sadness)
1054_IEO_SAD_MD.wav,221,165,340,0.0462,41.39,21.9,2415,SAD (Sadness)
1054_IOM_DIS_XX.wav,898,236,335,0.0636,21.81,27.65,233959,DIS (Disgust)
1054_IEO_SAD_LO.wav,249,172,338,0.0543,35.16,20.68,4183,SAD (Sadness)
1054_ITH_DIS_XX.wav,417,176,333,0.0724,23.62,25.61,28554,DIS (Disgust)
1054_ITH_ANG_XX.wav,1396,238,329,0.0892,18.65,32.39,826968,ANG (Angry)
1054_ITH_HAP_XX.wav,539,218,339,0.0653,19.67,35.05,67911,HAP (Happy)
1054_ITH_NEU_XX.wav,321,178,336,0.0606,29.05,25.72,11914,NEU (Neutral)
1054_ITH_FEA_XX.wav,245,163,220,0.0751,36.2,23.61,5746,FEA (Fear)
1054_ITS_ANG_XX.wav,1137,228,337,0.0983,23.24,32.16,315455,ANG (Angry)
1054_ITS_DIS_XX.wav,378,186,342,0.0947,35.68,25.51,19995,DIS (Disgust)
1054_ITH_SAD_XX.wav,332,189,345,0.0585,34.41,27.18,9902,SAD (Sadness)
1054_ITS_FEA_XX.wav,321,177,340,0.0816,35.39,21.91,10462,FEA (Fear)
1054_ITS_SAD_XX.wav,306,177,270,0.0741,30.2,28.73,8503,SAD (Sadness)
1054_ITS_NEU_XX.wav,354,166,340,0.0759,28.87,26.54,13430,NEU (Neutral)
1054_IWL_DIS_XX.wav,587,187,332,0.0602,24.2,27.72,55020,DIS (Disgust)
1054_IWL_ANG_XX.wav,1562,245,334,0.0775,20.29,32.54,1114852,ANG (Angry)
1054_ITS_HAP_XX.wav,732,229,327,0.0807,25.65,34.73,164647,HAP (Happy)
1054_IWL_NEU_XX.wav,300,175,220,0.0538,24.08,20.49,6479,NEU (Neutral)
1054_IWW_ANG_XX.wav,1194,228,315,0.0986,27.34,35.29,409844,ANG (Angry)
1054_IWL_FEA_XX.wav,343,178,342,0.0502,27.32,24.35,9676,FEA (Fear)
1054_IWL_HAP_XX.wav,597,204,341,0.0643,21.09,23.43,78516,HAP (Happy)
1054_IWW_DIS_XX.wav,341,177,343,0.0613,42.32,24.15,11198,DIS (Disgust)
1054_IWW_HAP_XX.wav,657,208,342,0.0751,30.09,44.62,85987,HAP (Happy)
1054_IWL_SAD_XX.wav,246,160,332,0.0527,38.01,21.71,3531,SAD (Sadness)
1054_IWW_NEU_XX.wav,306,177,339,0.0582,38.03,24.16,7045,NEU (Neutral)
1054_MTI_ANG_XX.wav,1613,234,344,0.0797,18.7,25.83,597164,ANG (Angry)
1054_IWW_SAD_XX.wav,372,198,253,0.0634,28.58,27.71,17338,SAD (Sadness)
1054_IWW_FEA_XX.wav,300,181,340,0.0641,37.59,26.02,5696,FEA (Fear)
1054_MTI_DIS_XX.wav,500,195,336,0.0739,29.72,32.1,37285,DIS (Disgust)
1054_MTI_FEA_XX.wav,305,172,338,0.0591,28.18,24.74,7466,FEA (Fear)
1054_TAI_ANG_XX.wav,1453,252,338,0.1031,13.93,30.96,581928,ANG (Angry)
1054_MTI_HAP_XX.wav,540,207,345,0.0628,27.31,28.56,45891,HAP (Happy)
1054_MTI_NEU_XX.wav,388,192,338,0.0585,31.42,25.85,13140,NEU (Neutral)
1054_TAI_DIS_XX.wav,345,179,337,0.0798,40.78,21.69,11819,DIS (Disgust)
1054_MTI_SAD_XX.wav,315,189,339,0.0484,34.42,21.71,5592,SAD (Sadness)
1054_TAI_FEA_XX.wav,269,161,342,0.0606,41.1,21.22,4159,FEA (Fear)
1054_TAI_NEU_XX.wav,308,182,339,0.0669,30.53,22.12,7437,NEU (Neutral)
1054_TIE_ANG_XX.wav,792,228,335,0.0871,23.57,34.21,276970,ANG (Angry)
1054_TAI_HAP_XX.wav,607,214,340,0.07,28.47,31.77,74659,HAP (Happy)
1054_TAI_SAD_XX.wav,323,183,255,0.0609,25.97,24.76,13336,SAD (Sadness)
1054_TIE_FEA_XX.wav,460,186,339,0.0638,27.84,32.3,41354,FEA (Fear)
1054_TSI_ANG_XX.wav,964,227,321,0.1834,22.27,35.44,532365,ANG (Angry)
1054_TIE_NEU_XX.wav,268,168,341,0.0536,37.42,25.78,5016,NEU (Neutral)
1054_TIE_HAP_XX.wav,471,204,341,0.0577,22.21,36.34,38094,HAP (Happy)
1054_TSI_NEU_XX.wav,303,179,312,0.1653,39.66,24.16,16560,NEU (Neutral)
1054_TIE_DIS_XX.wav,419,191,338,0.0725,32.25,27.08,72429,DIS (Disgust)
1054_TSI_FEA_XX.wav,427,185,331,0.1194,36.55,34.26,38627,FEA (Fear)
1054_TSI_SAD_XX.wav,284,169,336,0.1308,41.23,25.08,10818,SAD (Sadness)
1054_TSI_DIS_XX.wav,410,180,276,0.186,32.66,26.41,49452,DIS (Disgust)
1054_TSI_HAP_XX.wav,586,207,340,0.1053,30.22,35.45,79526,HAP (Happy)
1054_TIE_SAD_XX.wav,298,179,345,0.0574,34.74,24.28,15233,SAD (Sadness)
1054_WSI_ANG_XX.wav,1314,249,335,0.1403,19.93,39.79,604189,ANG (Angry)
1054_WSI_DIS_XX.wav,444,195,341,0.1371,29.74,26.65,29617,DIS (Disgust)
1054_WSI_HAP_XX.wav,651,238,341,0.0888,19.75,38.09,96175,HAP (Happy)
1054_WSI_FEA_XX.wav,279,181,342,0.0968,44.78,26.52,7479,FEA (Fear)
1055_DFA_HAP_XX.wav,1100,228,335,0.0913,23.39,40.18,1890755,HAP (Happy)
1054_WSI_SAD_XX.wav,255,170,339,0.0654,35.53,23.42,4279,SAD (Sadness)
1055_DFA_ANG_XX.wav,2063,242,330,0.1022,20.09,40.08,4976460,ANG (Angry)
1055_DFA_FEA_XX.wav,2982,234,287,0.1149,20.14,41.31,10461005,FEA (Fear)
1055_DFA_DIS_XX.wav,338,171,340,0.0811,34.24,25.07,30484,DIS (Disgust)
1054_WSI_NEU_XX.wav,323,185,336,0.0911,33.14,23.09,11241,NEU (Neutral)
1055_IEO_ANG_LO.wav,472,184,335,0.074,27.58,27.82,42026,ANG (Angry)
1055_IEO_ANG_MD.wav,927,251,310,0.0898,16.78,32.29,498844,ANG (Angry)
1055_DFA_SAD_XX.wav,335,182,342,0.0661,35.39,26.26,12079,SAD (Sadness)
1055_DFA_NEU_XX.wav,452,173,343,0.0699,36.48,31.01,60707,NEU (Neutral)
1055_IEO_ANG_HI.wav,6238,245,315,0.1472,24.5,31.83,39217049,ANG (Angry)
1055_IEO_FEA_HI.wav,3022,220,327,0.0928,23.98,40.43,12234961,FEA (Fear)
1055_IEO_FEA_MD.wav,328,192,340,0.0648,25.33,26.83,11236,FEA (Fear)
1055_IEO_DIS_MD.wav,576,195,334,0.0769,28.03,25.54,97713,DIS (Disgust)
1055_IEO_DIS_LO.wav,214,180,343,0.0621,33.32,23.78,3226,DIS (Disgust)
1055_IEO_DIS_HI.wav,1676,232,337,0.1024,28.61,23.88,3084028,DIS (Disgust)
1055_IEO_FEA_LO.wav,245,172,335,0.0599,32.22,22.81,4852,FEA (Fear)
1055_IEO_HAP_LO.wav,4335,238,338,0.1242,25.3,41.04,16284016,HAP (Happy)
1055_IEO_HAP_HI.wav,396,224,301,0.0684,24.71,26.15,48024,HAP (Happy)
1055_IEO_SAD_LO.wav,255,182,338,0.0633,41.49,23.51,5275,SAD (Sadness)
1055_IEO_NEU_XX.wav,341,171,337,0.0695,39.62,28.77,17073,NEU (Neutral)
1055_IEO_SAD_HI.wav,242,199,338,0.057,32.63,27.12,3643,SAD (Sadness)
1055_IEO_HAP_MD.wav,618,172,226,0.0768,25.43,32.1,102926,HAP (Happy)
1055_IEO_SAD_MD.wav,275,184,330,0.063,36.23,25.3,8811,SAD (Sadness)
1055_IOM_FEA_XX.wav,1079,238,342,0.0829,24.9,31.32,1064033,FEA (Fear)
1055_IOM_NEU_XX.wav,400,175,328,0.0578,27.72,27.02,20339,NEU (Neutral)
1055_IOM_DIS_XX.wav,552,174,340,0.0547,26.13,21.35,45301,DIS (Disgust)
1055_IOM_HAP_XX.wav,842,204,331,0.0671,41.15,29.09,308210,HAP (Happy)
1055_IOM_ANG_XX.wav,604,175,342,0.0619,28.78,28.33,107933,ANG (Angry)
1055_IOM_SAD_XX.wav,381,173,263,0.0471,31.04,20.06,10205,SAD (Sadness)
1055_ITH_FEA_XX.wav,2788,238,334,0.096,24.74,42.88,6339156,FEA (Fear)
1055_ITH_HAP_XX.wav,558,189,336,0.0684,32.21,32.08,88263,HAP (Happy)
1055_ITH_DIS_XX.wav,360,178,337,0.0659,37.94,29.02,19241,DIS (Disgust)
1055_ITH_ANG_XX.wav,870,207,342,0.0843,28.98,36.52,442281,ANG (Angry)
1055_ITH_NEU_XX.wav,398,185,337,0.0611,26.74,29.68,21878,NEU (Neutral)
1055_ITS_FEA_XX.wav,3275,239,336,0.1102,24.6,40.21,6277885,FEA (Fear)
1055_ITS_ANG_XX.wav,946,195,343,0.105,25.84,34.79,370676,ANG (Angry)
1055_ITS_DIS_XX.wav,405,167,300,0.1008,33.89,29.01,41546,DIS (Disgust)
1055_ITH_SAD_XX.wav,286,178,340,0.057,33.31,23.34,9526,SAD (Sadness)
1055_ITS_NEU_XX.wav,432,198,345,0.0879,27.62,28.38,29404,NEU (Neutral)
1055_ITS_HAP_XX.wav,455,196,334,0.0827,35.0,29.33,34818,HAP (Happy)
1055_ITS_SAD_XX.wav,298,178,330,0.082,31.16,22.16,7111,SAD (Sadness)
1055_IWL_HAP_XX.wav,812,190,335,0.0718,42.18,30.46,240129,HAP (Happy)
1055_IWL_FEA_XX.wav,2268,239,340,0.1027,31.65,36.62,3142202,FEA (Fear)
1055_IWL_ANG_XX.wav,2150,231,314,0.0822,24.73,28.67,2616985,ANG (Angry)
1055_IWL_NEU_XX.wav,367,185,331,0.0597,32.64,22.9,25884,NEU (Neutral)
1055_IWW_HAP_XX.wav,382,197,333,0.0615,42.3,29.91,14628,HAP (Happy)
1055_IWW_ANG_XX.wav,760,209,321,0.0762,27.63,35.16,231871,ANG (Angry)
1055_IWL_SAD_XX.wav,306,189,334,0.0603,26.45,21.82,11090,SAD (Sadness)
1055_IWW_NEU_XX.wav,413,166,257,0.0689,28.05,24.37,20333,NEU (Neutral)
1055_IWW_FEA_XX.wav,455,226,337,0.0654,27.16,30.43,70696,FEA (Fear)
1055_IWW_DIS_XX.wav,254,176,316,0.0639,38.85,21.84,4810,DIS (Disgust)
1055_IWL_DIS_XX.wav,434,181,334,0.0608,33.54,21.98,44897,DIS (Disgust)
1055_MTI_DIS_XX.wav,749,179,337,0.0657,26.16,27.43,145234,DIS (Disgust)
1055_MTI_FEA_XX.wav,808,232,339,0.0656,25.56,31.33,263692,FEA (Fear)
1055_TAI_FEA_XX.wav,390,205,326,0.0669,27.18,29.02,16341,FEA (Fear)
1055_IWW_SAD_XX.wav,235,168,337,0.0538,39.61,23.7,2712,SAD (Sadness)
1055_MTI_ANG_XX.wav,1297,207,336,0.0746,28.04,24.7,696232,ANG (Angry)
1055_MTI_NEU_XX.wav,345,189,341,0.0544,32.26,23.08,8174,NEU (Neutral)
1055_TAI_NEU_XX.wav,403,168,339,0.0652,26.42,22.87,21769,NEU (Neutral)
1055_MTI_SAD_XX.wav,457,186,326,0.059,33.29,23.9,35368,SAD (Sadness)
1055_TAI_HAP_XX.wav,601,187,333,0.0682,29.18,28.86,79814,HAP (Happy)
1055_MTI_HAP_XX.wav,414,184,337,0.0541,33.91,25.35,36334,HAP (Happy)
1055_TAI_ANG_XX.wav,1268,218,338,0.0858,22.86,27.61,638315,ANG (Angry)
1055_TAI_DIS_XX.wav,304,184,329,0.0744,30.43,23.97,7662,DIS (Disgust)
1055_TIE_FEA_XX.wav,2661,287,339,0.0834,16.82,39.69,5232540,FEA (Fear)
1055_TSI_FEA_XX.wav,3715,261,326,0.1438,20.39,36.83,15533156,FEA (Fear)
1055_TIE_NEU_XX.wav,444,171,337,0.0614,29.27,24.55,38682,NEU (Neutral)
1055_TAI_SAD_XX.wav,307,176,310,0.066,28.84,23.87,6212,SAD (Sadness)
1055_TIE_HAP_XX.wav,1304,236,321,0.0824,20.77,30.44,917798,HAP (Happy)
1055_TSI_ANG_XX.wav,1388,200,340,0.1584,26.33,33.63,1814656,ANG (Angry)
1055_TIE_SAD_XX.wav,335,175,344,0.0605,33.86,26.1,14697,SAD (Sadness)
1055_TSI_HAP_XX.wav,638,189,331,0.1301,37.75,36.5,312182,HAP (Happy)
1055_TIE_ANG_XX.wav,902,187,328,0.0798,25.75,29.03,631401,ANG (Angry)
1055_TSI_DIS_XX.wav,478,198,336,0.1465,42.4,33.83,171497,DIS (Disgust)
1055_TSI_NEU_XX.wav,568,199,265,0.1428,28.08,33.09,78194,NEU (Neutral)
1055_TIE_DIS_XX.wav,521,167,280,0.0869,30.73,27.84,222109,DIS (Disgust)
1055_TSI_SAD_XX.wav,331,185,343,0.1124,35.51,33.56,15840,SAD (Sadness)
1055_WSI_FEA_XX.wav,2996,245,344,0.1636,17.94,41.69,11328225,FEA (Fear)
1055_WSI_ANG_XX.wav,1193,212,327,0.159,26.23,32.72,890912,ANG (Angry)
1055_WSI_HAP_XX.wav,916,228,341,0.1394,28.33,37.13,318617,HAP (Happy)
1056_DFA_DIS_XX.wav,1182,182,337,0.0927,22.62,31.41,467426,DIS (Disgust)
1056_DFA_ANG_XX.wav,2214,217,339,0.1053,23.94,33.46,5105886,ANG (Angry)
1055_WSI_NEU_XX.wav,432,178,336,0.106,24.67,25.42,53977,NEU (Neutral)
1055_WSI_SAD_XX.wav,317,180,345,0.1024,41.28,24.98,22780,SAD (Sadness)
1056_DFA_FEA_XX.wav,1066,220,327,0.0741,21.08,37.34,307571,FEA (Fear)
1056_DFA_HAP_XX.wav,1138,212,339,0.0769,27.33,33.64,793874,HAP (Happy)
1056_DFA_NEU_XX.wav,518,169,275,0.079,28.4,33.69,83575,NEU (Neutral)
1056_DFA_SAD_XX.wav,336,158,284,0.0685,33.66,23.99,12459,SAD (Sadness)
1055_WSI_DIS_XX.wav,406,192,330,0.0976,41.35,25.66,59381,DIS (Disgust)
1056_IEO_ANG_LO.wav,1426,210,330,0.1123,27.05,30.02,1246887,ANG (Angry)
1056_IEO_DIS_LO.wav,628,180,331,0.0706,29.69,27.41,109587,DIS (Disgust)
1056_IEO_ANG_HI.wav,4498,230,332,0.1321,27.72,31.78,31049788,ANG (Angry)
1056_IEO_HAP_HI.wav,2198,257,337,0.1125,17.56,38.13,2935774,HAP (Happy)
1056_IEO_FEA_MD.wav,1119,233,327,0.0964,22.84,30.44,1115551,FEA (Fear)
1056_IEO_FEA_HI.wav,2261,253,333,0.0944,16.41,29.22,4983733,FEA (Fear)
1056_IEO_DIS_MD.wav,1579,198,320,0.0873,22.96,28.19,1573191,DIS (Disgust)
1056_IEO_ANG_MD.wav,2519,211,340,0.1142,27.33,34.15,7436158,ANG (Angry)
1056_IEO_HAP_LO.wav,468,195,286,0.0707,25.54,34.95,42634,HAP (Happy)
1056_IEO_HAP_MD.wav,668,171,331,0.08,28.82,21.8,108924,HAP (Happy)
1056_IEO_DIS_HI.wav,497,182,340,0.0791,44.3,27.96,66955,DIS (Disgust)
1056_IEO_FEA_LO.wav,532,171,315,0.1163,37.55,21.58,119305,FEA (Fear)
1056_IEO_NEU_XX.wav,380,158,242,0.0774,35.92,27.09,37610,NEU (Neutral)
1056_IEO_SAD_HI.wav,217,157,341,0.0571,40.72,25.78,2795,SAD (Sadness)
1056_IOM_HAP_XX.wav,715,181,339,0.0641,25.16,22.9,64372,HAP (Happy)
1056_IOM_DIS_XX.wav,1567,199,310,0.0909,26.53,30.57,1355971,DIS (Disgust)
1056_IEO_SAD_LO.wav,336,167,295,0.062,37.07,27.66,22034,SAD (Sadness)
1056_IOM_NEU_XX.wav,561,167,327,0.0672,29.79,26.15,54559,NEU (Neutral)
1056_IEO_SAD_MD.wav,217,152,221,0.0605,46.62,20.42,3329,SAD (Sadness)
1056_IOM_ANG_XX.wav,2059,219,343,0.0968,20.9,35.2,1629993,ANG (Angry)
1056_IOM_SAD_XX.wav,433,157,346,0.0568,34.2,19.42,15334,SAD (Sadness)
1056_IOM_FEA_XX.wav,348,155,342,0.0531,39.0,23.97,7571,FEA (Fear)
1056_ITH_DIS_XX.wav,1101,170,317,0.0871,26.64,34.83,641231,DIS (Disgust)
1056_ITH_ANG_XX.wav,865,178,325,0.0824,27.41,31.6,838986,ANG (Angry)
1056_ITH_FEA_XX.wav,447,185,333,0.0677,23.94,26.14,34313,FEA (Fear)
1056_ITH_SAD_XX.wav,453,173,326,0.067,34.96,26.51,57970,SAD (Sadness)
1056_ITH_NEU_XX.wav,584,166,337,0.0818,31.79,30.26,189830,NEU (Neutral)
1056_ITS_DIS_XX.wav,674,189,326,0.0939,33.42,36.78,98169,DIS (Disgust)
1056_ITS_SAD_XX.wav,448,182,295,0.0864,32.42,29.76,24451,SAD (Sadness)
1056_ITS_HAP_XX.wav,968,217,325,0.0935,26.34,37.15,233083,HAP (Happy)
1056_ITS_NEU_XX.wav,554,170,330,0.0848,35.89,31.09,102820,NEU (Neutral)
1056_ITS_ANG_XX.wav,1719,199,343,0.1017,25.02,35.63,1949370,ANG (Angry)
1056_ITH_HAP_XX.wav,726,195,326,0.0721,32.95,32.69,229771,HAP (Happy)
1056_IWL_ANG_XX.wav,2298,219,344,0.0875,26.05,31.45,4782054,ANG (Angry)
1056_ITS_FEA_XX.wav,1013,222,341,0.1015,24.85,33.4,217071,FEA (Fear)
1056_IWL_DIS_XX.wav,1753,192,327,0.1017,20.27,22.66,1045401,DIS (Disgust)
1056_IWL_FEA_XX.wav,763,219,256,0.0719,16.47,30.66,139671,FEA (Fear)
1056_IWL_NEU_XX.wav,756,179,323,0.0772,25.01,25.09,255893,NEU (Neutral)
1056_IWW_HAP_XX.wav,626,179,346,0.0885,26.89,33.73,77214,HAP (Happy)
1056_IWL_HAP_XX.wav,1826,237,321,0.1009,22.09,26.3,1512827,HAP (Happy)
1056_IWW_SAD_XX.wav,359,163,328,0.0698,29.05,27.04,12421,SAD (Sadness)
1056_IWL_SAD_XX.wav,556,171,338,0.0638,20.24,23.5,92650,SAD (Sadness)
1056_IWW_DIS_XX.wav,1048,195,330,0.0957,31.86,37.36,338467,DIS (Disgust)
1056_IWW_NEU_XX.wav,513,170,321,0.0804,27.3,31.03,47779,NEU (Neutral)
1056_IWW_ANG_XX.wav,1202,187,338,0.0958,25.26,34.5,690364,ANG (Angry)
1056_IWW_FEA_XX.wav,582,197,320,0.0888,28.22,35.72,56638,FEA (Fear)
1056_MTI_ANG_XX.wav,1933,202,322,0.0749,24.34,28.49,2051444,ANG (Angry)
1056_MTI_DIS_XX.wav,1692,225,318,0.0801,18.5,31.1,1121105,DIS (Disgust)
1056_MTI_NEU_XX.wav,709,185,330,0.0754,29.12,27.0,120090,NEU (Neutral)
1056_MTI_FEA_XX.wav,941,213,331,0.0739,17.5,28.46,137779,FEA (Fear)
1056_TAI_NEU_XX.wav,835,183,337,0.0815,22.02,28.24,178415,NEU (Neutral)
1056_MTI_SAD_XX.wav,721,189,328,0.0644,38.39,27.92,100303,SAD (Sadness)
1056_TAI_ANG_XX.wav,2304,217,305,0.0777,21.99,28.67,2444139,ANG (Angry)
1056_TAI_FEA_XX.wav,1261,259,331,0.0952,17.7,24.9,228832,FEA (Fear)
1056_TAI_HAP_XX.wav,922,196,346,0.0903,32.03,27.96,192788,HAP (Happy)
1056_MTI_HAP_XX.wav,1588,231,334,0.0709,21.44,27.64,674778,HAP (Happy)
1056_TAI_SAD_XX.wav,729,214,328,0.0842,20.0,31.67,80310,SAD (Sadness)
1056_TAI_DIS_XX.wav,1566,255,304,0.1076,16.9,31.73,1177784,DIS (Disgust)
1056_TSI_ANG_XX.wav,1781,223,341,0.1616,25.46,39.08,2746061,ANG (Angry)
1056_TSI_SAD_XX.wav,419,175,284,0.1541,37.85,29.34,46678,SAD (Sadness)
1056_TSI_HAP_XX.wav,1703,222,340,0.1883,34.48,41.29,1305759,HAP (Happy)
1056_TSI_DIS_XX.wav,647,188,334,0.1565,36.18,33.55,183386,DIS (Disgust)
1056_TSI_NEU_XX.wav,556,182,329,0.1612,37.82,34.34,109078,NEU (Neutral)
1056_TIE_HAP_XX.wav,592,198,335,0.0751,39.1,28.47,208060,HAP (Happy)
1056_TIE_ANG_XX.wav,1249,194,338,0.1129,30.17,35.22,2319656,ANG (Angry)
1056_TIE_NEU_XX.wav,421,177,332,0.0692,36.19,28.0,77096,NEU (Neutral)
1056_TSI_FEA_XX.wav,1191,249,327,0.1918,21.61,32.34,437299,FEA (Fear)
1056_TIE_DIS_XX.wav,860,190,340,0.1008,36.25,33.39,745525,DIS (Disgust)
1056_TIE_FEA_XX.wav,677,203,340,0.0738,27.93,33.48,125410,FEA (Fear)
1056_TIE_SAD_XX.wav,250,165,280,0.059,33.31,23.5,4191,SAD (Sadness)
1056_WSI_ANG_XX.wav,2420,218,342,0.145,21.75,37.04,4481996,ANG (Angry)
1056_WSI_HAP_XX.wav,1295,220,329,0.1138,24.56,43.28,1462062,HAP (Happy)
1056_WSI_DIS_XX.wav,658,175,306,0.1108,32.49,31.15,349757,DIS (Disgust)
1057_DFA_HAP_XX.wav,576,163,331,0.068,33.7,28.67,99200,HAP (Happy)
1056_WSI_SAD_XX.wav,530,177,327,0.0807,23.53,26.88,74084,SAD (Sadness)
1056_WSI_FEA_XX.wav,1731,253,331,0.1076,20.96,35.29,907205,FEA (Fear)
1057_DFA_FEA_XX.wav,222,158,344,0.07,46.12,21.93,5947,FEA (Fear)
1056_WSI_NEU_XX.wav,614,169,324,0.0944,22.81,33.1,167312,NEU (Neutral)
1057_DFA_ANG_XX.wav,2731,201,336,0.1041,22.74,35.46,3958230,ANG (Angry)
1057_DFA_SAD_XX.wav,243,167,337,0.0636,46.53,23.61,5774,SAD (Sadness)
1057_DFA_NEU_XX.wav,482,194,331,0.0654,37.91,34.31,40347,NEU (Neutral)
1057_DFA_DIS_XX.wav,472,186,346,0.0608,43.13,27.56,64351,DIS (Disgust)
1057_IEO_ANG_LO.wav,2168,192,308,0.0827,30.42,36.76,2065939,ANG (Angry)
1057_IEO_ANG_HI.wav,6033,260,332,0.1012,20.97,27.95,21684609,ANG (Angry)
1057_IEO_DIS_LO.wav,281,167,323,0.0598,45.48,21.8,11295,DIS (Disgust)
1057_IEO_ANG_MD.wav,2212,193,343,0.076,34.58,33.05,1945201,ANG (Angry)
1057_IEO_FEA_LO.wav,261,167,343,0.066,39.39,22.48,8636,FEA (Fear)
1057_IEO_DIS_MD.wav,1206,198,305,0.0739,31.55,32.5,558999,DIS (Disgust)
1057_IEO_HAP_LO.wav,317,168,314,0.0697,49.34,28.37,20150,HAP (Happy)
1057_IEO_DIS_HI.wav,1315,195,343,0.0815,35.05,35.14,831489,DIS (Disgust)
1057_IEO_HAP_HI.wav,2264,196,330,0.0919,26.56,32.42,2860899,HAP (Happy)
1057_IEO_FEA_HI.wav,1397,174,337,0.0878,36.29,28.27,1743217,FEA (Fear)
1057_IEO_HAP_MD.wav,385,180,335,0.1018,40.11,28.18,29080,HAP (Happy)
1057_IEO_NEU_XX.wav,484,166,302,0.0622,42.44,26.12,39179,NEU (Neutral)
1057_IEO_FEA_MD.wav,234,170,346,0.0642,40.94,23.54,6172,FEA (Fear)
1057_IEO_SAD_LO.wav,219,172,342,0.0598,45.32,25.42,5032,SAD (Sadness)
1057_IOM_HAP_XX.wav,2319,188,334,0.0569,22.09,26.61,1137078,HAP (Happy)
1057_IOM_FEA_XX.wav,1129,169,345,0.0565,27.49,20.05,225391,FEA (Fear)
1057_IEO_SAD_MD.wav,214,174,345,0.0649,50.99,24.59,5789,SAD (Sadness)
1057_IOM_DIS_XX.wav,1084,172,336,0.0551,32.8,24.53,398401,DIS (Disgust)
1057_IOM_NEU_XX.wav,699,165,343,0.0519,33.84,20.25,53198,NEU (Neutral)
1057_IOM_ANG_XX.wav,2785,207,340,0.0655,18.67,25.4,2129692,ANG (Angry)
1057_IOM_SAD_XX.wav,464,173,342,0.0488,44.23,19.88,17045,SAD (Sadness)
1057_IEO_SAD_HI.wav,186,173,344,0.0597,46.76,20.52,2601,SAD (Sadness)
1057_ITH_ANG_XX.wav,2159,201,267,0.0936,18.12,37.47,2273329,ANG (Angry)
1057_ITH_FEA_XX.wav,212,167,343,0.0651,43.47,18.64,6097,FEA (Fear)
1057_ITH_DIS_XX.wav,320,166,338,0.0638,38.42,23.25,20756,DIS (Disgust)
1057_ITH_HAP_XX.wav,502,171,345,0.0666,39.68,26.77,57401,HAP (Happy)
1057_ITH_SAD_XX.wav,273,175,344,0.062,36.8,22.43,7891,SAD (Sadness)
1057_ITS_NEU_XX.wav,375,174,332,0.0948,46.51,26.79,22113,NEU (Neutral)
1057_ITS_ANG_XX.wav,2048,231,345,0.1121,24.97,36.84,1391102,ANG (Angry)
1057_ITS_FEA_XX.wav,217,150,340,0.0644,46.17,23.76,5076,FEA (Fear)
1057_ITH_NEU_XX.wav,390,176,332,0.0658,37.9,24.96,24422,NEU (Neutral)
1057_ITS_HAP_XX.wav,978,188,339,0.0943,32.57,32.13,369957,HAP (Happy)
1057_ITS_DIS_XX.wav,944,170,337,0.0791,37.23,26.29,487718,DIS (Disgust)
1057_ITS_SAD_XX.wav,252,156,343,0.0674,42.05,22.59,8918,SAD (Sadness)
1057_IWL_FEA_XX.wav,363,168,341,0.0599,31.11,23.37,12519,FEA (Fear)
1057_IWL_DIS_XX.wav,2433,224,328,0.0639,23.09,32.93,1977676,DIS (Disgust)
1057_IWL_HAP_XX.wav,3304,206,334,0.0723,30.0,36.46,3842221,HAP (Happy)
1057_IWW_DIS_XX.wav,863,185,345,0.0662,28.28,27.98,175837,DIS (Disgust)
1057_IWL_ANG_XX.wav,1924,184,335,0.0743,24.52,24.21,884875,ANG (Angry)
1057_IWL_SAD_XX.wav,337,180,334,0.0544,42.74,20.76,9025,SAD (Sadness)
1057_IWW_ANG_XX.wav,1967,203,321,0.0831,29.99,35.17,1219219,ANG (Angry)
1057_IWL_NEU_XX.wav,530,164,330,0.0573,37.3,23.72,43739,NEU (Neutral)
1057_IWW_NEU_XX.wav,480,170,335,0.0857,36.91,25.95,38533,NEU (Neutral)
1057_IWW_FEA_XX.wav,449,169,331,0.0769,35.68,23.47,60346,FEA (Fear)
1057_IWW_HAP_XX.wav,1663,191,335,0.0697,33.07,32.68,955260,HAP (Happy)
1057_IWW_SAD_XX.wav,393,173,341,0.0754,34.3,24.74,24172,SAD (Sadness)
1057_MTI_DIS_XX.wav,1072,197,344,0.0581,32.42,27.5,436570,DIS (Disgust)
1057_MTI_ANG_XX.wav,1482,186,346,0.0673,27.2,24.96,398218,ANG (Angry)
1057_TAI_ANG_XX.wav,1839,191,330,0.0901,30.12,30.93,857289,ANG (Angry)
1057_MTI_FEA_XX.wav,306,159,252,0.0495,37.15,23.38,5597,FEA (Fear)
1057_TAI_HAP_XX.wav,931,188,342,0.0696,32.95,33.86,176014,HAP (Happy)
1057_MTI_HAP_XX.wav,2008,188,343,0.0703,33.45,29.58,736401,HAP (Happy)
1057_MTI_NEU_XX.wav,653,182,337,0.0594,37.58,22.84,63369,NEU (Neutral)
1057_MTI_SAD_XX.wav,561,179,329,0.0607,31.96,22.22,32053,SAD (Sadness)
1057_TAI_DIS_XX.wav,1075,190,324,0.0917,26.01,28.59,215840,DIS (Disgust)
1057_TAI_FEA_XX.wav,369,165,331,0.067,35.11,24.67,16777,FEA (Fear)
1057_TAI_NEU_XX.wav,463,185,340,0.0794,36.62,25.33,29589,NEU (Neutral)
1057_TAI_SAD_XX.wav,254,175,342,0.0624,38.09,22.65,5754,SAD (Sadness)
1057_TIE_DIS_XX.wav,280,167,297,0.0845,42.36,20.31,11637,DIS (Disgust)
1057_TIE_FEA_XX.wav,808,178,342,0.0776,30.26,25.77,217726,FEA (Fear)
1057_TSI_ANG_XX.wav,2724,203,337,0.1908,34.18,33.7,4019710,ANG (Angry)
1057_TSI_NEU_XX.wav,624,188,341,0.1973,39.34,27.01,193325,NEU (Neutral)
1057_TIE_ANG_XX.wav,5718,237,306,0.0959,19.34,24.97,18218230,ANG (Angry)
1057_TSI_HAP_XX.wav,1313,200,337,0.143,31.23,39.33,1021261,HAP (Happy)
1057_TIE_HAP_XX.wav,2394,182,338,0.0847,27.32,34.6,3112202,HAP (Happy)
1057_TIE_NEU_XX.wav,442,173,340,0.0657,35.95,30.76,31717,NEU (Neutral)
1057_TSI_DIS_XX.wav,1414,189,326,0.1818,29.08,29.23,1088089,DIS (Disgust)
1057_TSI_FEA_XX.wav,747,181,341,0.1613,38.08,30.38,397441,FEA (Fear)
1057_TSI_SAD_XX.wav,522,173,336,0.1577,40.17,28.81,184894,SAD (Sadness)
1057_TIE_SAD_XX.wav,263,169,340,0.0649,41.95,18.92,7337,SAD (Sadness)
1057_WSI_NEU_XX.wav,515,169,329,0.1151,35.25,26.84,55712,NEU (Neutral)
1057_WSI_HAP_XX.wav,1223,180,274,0.1166,30.09,31.64,735510,HAP (Happy)
1057_WSI_FEA_XX.wav,618,163,336,0.1032,33.33,31.54,89245,FEA (Fear)
1058_DFA_FEA_XX.wav,1322,247,342,0.0921,26.71,34.86,982487,FEA (Fear)
1057_WSI_DIS_XX.wav,486,170,345,0.1126,39.35,35.87,74991,DIS (Disgust)
1057_WSI_ANG_XX.wav,2970,219,342,0.1479,25.81,33.1,4534308,ANG (Angry)
1057_WSI_SAD_XX.wav,259,166,209,0.0752,35.5,26.88,10229,SAD (Sadness)
1058_DFA_HAP_XX.wav,573,176,341,0.0734,36.95,33.68,124952,HAP (Happy)
1058_DFA_ANG_XX.wav,1345,214,339,0.1045,24.99,29.79,1683650,ANG (Angry)
1058_DFA_DIS_XX.wav,249,165,340,0.0671,38.68,24.24,8832,DIS (Disgust)
1058_DFA_NEU_XX.wav,418,178,341,0.0784,33.59,27.94,62005,NEU (Neutral)
1058_DFA_SAD_XX.wav,237,171,337,0.0694,36.67,24.44,5542,SAD (Sadness)
1058_IEO_ANG_LO.wav,477,197,340,0.0712,30.22,24.6,49726,ANG (Angry)
1058_IEO_ANG_HI.wav,5867,225,330,0.1411,31.11,31.73,39895958,ANG (Angry)
1058_IEO_DIS_LO.wav,326,185,265,0.0795,28.73,22.0,24300,DIS (Disgust)
1058_IEO_ANG_MD.wav,2219,243,338,0.1104,18.76,40.6,5466289,ANG (Angry)
1058_IEO_FEA_LO.wav,253,171,341,0.0692,40.16,25.08,12512,FEA (Fear)
1058_IEO_FEA_HI.wav,2819,215,331,0.1165,32.17,42.47,6064192,FEA (Fear)
1058_IEO_DIS_MD.wav,455,200,345,0.0742,27.32,29.3,56527,DIS (Disgust)
1058_IEO_FEA_MD.wav,416,197,340,0.0803,32.93,25.96,51805,FEA (Fear)
1058_IEO_HAP_HI.wav,2490,253,330,0.1228,20.65,29.96,6873013,HAP (Happy)
1058_IEO_HAP_LO.wav,361,168,332,0.0711,23.66,24.03,30467,HAP (Happy)
1058_IEO_DIS_HI.wav,608,186,343,0.1029,33.58,29.55,174388,DIS (Disgust)
1058_IEO_HAP_MD.wav,837,206,340,0.0859,28.14,28.73,483399,HAP (Happy)
1058_IEO_NEU_XX.wav,421,172,343,0.07,35.6,27.58,60930,NEU (Neutral)
1058_IEO_SAD_LO.wav,206,166,339,0.0684,45.94,23.59,3526,SAD (Sadness)
1058_IOM_HAP_XX.wav,1438,211,325,0.0736,15.66,28.79,520513,HAP (Happy)
1058_IOM_FEA_XX.wav,967,222,342,0.0563,11.13,23.62,96003,FEA (Fear)
1058_IEO_SAD_HI.wav,498,220,343,0.0745,31.25,28.7,162039,SAD (Sadness)
1058_IOM_ANG_XX.wav,1053,199,321,0.0805,22.21,23.05,670434,ANG (Angry)
1058_IEO_SAD_MD.wav,279,174,343,0.0725,46.78,26.23,18393,SAD (Sadness)
1058_IOM_DIS_XX.wav,294,173,343,0.0632,37.75,20.63,9110,DIS (Disgust)
1058_IOM_NEU_XX.wav,523,197,332,0.0686,25.68,23.39,66449,NEU (Neutral)
1058_IOM_SAD_XX.wav,313,178,325,0.0551,29.63,20.32,10515,SAD (Sadness)
1058_ITH_ANG_XX.wav,1403,222,313,0.1025,17.36,39.74,1622210,ANG (Angry)
1058_ITH_HAP_XX.wav,585,193,334,0.071,21.36,29.79,92928,HAP (Happy)
1058_ITH_FEA_XX.wav,491,219,327,0.0906,24.29,33.89,59420,FEA (Fear)
1058_ITH_DIS_XX.wav,277,172,343,0.0751,38.32,29.58,17610,DIS (Disgust)
1058_ITS_FEA_XX.wav,1358,247,338,0.1047,26.67,37.99,611339,FEA (Fear)
1058_ITS_HAP_XX.wav,979,249,332,0.1005,22.03,33.13,314408,HAP (Happy)
1058_ITS_ANG_XX.wav,800,194,338,0.0938,30.6,35.1,531582,ANG (Angry)
1058_ITH_NEU_XX.wav,425,168,294,0.0797,29.84,28.52,59654,NEU (Neutral)
1058_ITS_DIS_XX.wav,302,176,344,0.0793,35.99,26.43,12987,DIS (Disgust)
1058_ITS_NEU_XX.wav,344,182,339,0.0806,32.2,25.94,23844,NEU (Neutral)
1058_ITH_SAD_XX.wav,272,170,341,0.066,41.23,25.0,18596,SAD (Sadness)
1058_ITS_SAD_XX.wav,277,171,339,0.0855,40.84,22.82,10469,SAD (Sadness)
1058_IWL_ANG_XX.wav,2282,237,330,0.0918,15.39,28.92,2958130,ANG (Angry)
1058_IWL_FEA_XX.wav,1672,248,343,0.1002,16.49,29.99,1474426,FEA (Fear)
1058_IWL_DIS_XX.wav,400,178,340,0.0643,31.5,28.02,26660,DIS (Disgust)
1058_IWL_HAP_XX.wav,1267,210,284,0.0872,23.55,27.8,549751,HAP (Happy)
1058_IWW_ANG_XX.wav,2178,248,340,0.1081,22.31,38.04,2474341,ANG (Angry)
1058_IWW_FEA_XX.wav,385,223,290,0.0988,24.77,28.94,18471,FEA (Fear)
1058_IWW_DIS_XX.wav,353,185,339,0.0844,37.03,25.2,22167,DIS (Disgust)
1058_IWW_HAP_XX.wav,941,243,331,0.0941,20.09,36.09,156053,HAP (Happy)
1058_IWL_NEU_XX.wav,400,184,345,0.069,30.8,27.39,35994,NEU (Neutral)
1058_IWW_NEU_XX.wav,597,188,286,0.0804,19.46,32.28,78458,NEU (Neutral)
1058_IWL_SAD_XX.wav,241,168,337,0.0526,37.71,17.36,3562,SAD (Sadness)
1058_MTI_FEA_XX.wav,1672,262,338,0.0907,19.7,32.93,678868,FEA (Fear)
1058_IWW_SAD_XX.wav,250,176,337,0.0597,34.72,27.15,4182,SAD (Sadness)
1058_MTI_ANG_XX.wav,1536,213,329,0.0809,18.53,26.78,998814,ANG (Angry)
1058_TAI_ANG_XX.wav,2725,263,337,0.1137,16.76,35.74,3969517,ANG (Angry)
1058_TAI_FEA_XX.wav,1339,256,344,0.1057,15.31,32.31,681170,FEA (Fear)
1058_MTI_DIS_XX.wav,394,176,346,0.0755,39.49,26.39,29679,DIS (Disgust)
1058_MTI_HAP_XX.wav,1131,212,346,0.0763,20.87,29.91,319830,HAP (Happy)
1058_TAI_HAP_XX.wav,692,219,323,0.0813,24.25,31.06,117009,HAP (Happy)
1058_MTI_SAD_XX.wav,358,169,342,0.0651,25.13,20.86,16007,SAD (Sadness)
1058_MTI_NEU_XX.wav,600,193,342,0.0708,25.47,26.91,85328,NEU (Neutral)
1058_TAI_DIS_XX.wav,305,176,340,0.0709,37.75,22.17,13539,DIS (Disgust)
1058_TAI_NEU_XX.wav,513,187,342,0.0776,28.0,22.09,48128,NEU (Neutral)
1058_TSI_FEA_XX.wav,4277,243,333,0.1431,29.05,44.1,9081531,FEA (Fear)
1058_TIE_ANG_XX.wav,930,202,340,0.0913,31.72,30.05,1082788,ANG (Angry)
1058_TAI_SAD_XX.wav,309,170,341,0.0787,28.34,19.46,12225,SAD (Sadness)
1058_TSI_HAP_XX.wav,932,232,342,0.1547,25.8,41.79,562835,HAP (Happy)
1058_TSI_ANG_XX.wav,1804,248,334,0.1643,27.05,46.94,2585430,ANG (Angry)
1058_TIE_FEA_XX.wav,885,205,336,0.0846,25.1,30.48,686489,FEA (Fear)
1058_TIE_DIS_XX.wav,265,185,345,0.0728,41.11,25.6,11611,DIS (Disgust)
1058_TIE_HAP_XX.wav,596,179,293,0.0755,33.89,32.25,295449,HAP (Happy)
1058_TIE_NEU_XX.wav,379,171,342,0.0732,38.37,28.84,65747,NEU (Neutral)
1058_TSI_NEU_XX.wav,410,184,341,0.1464,37.95,30.63,81397,NEU (Neutral)
1058_TIE_SAD_XX.wav,264,181,343,0.072,38.79,25.64,9830,SAD (Sadness)
1058_TSI_DIS_XX.wav,265,177,335,0.1092,45.53,23.49,15388,DIS (Disgust)
1058_TSI_SAD_XX.wav,283,181,343,0.1488,36.38,22.88,16416,SAD (Sadness)
1058_WSI_FEA_XX.wav,2529,250,336,0.1381,14.06,43.97,6742381,FEA (Fear)
1058_WSI_HAP_XX.wav,1210,213,306,0.1373,18.84,32.93,778855,HAP (Happy)
1058_WSI_ANG_XX.wav,2035,236,323,0.1376,17.43,33.1,4088309,ANG (Angry)
1059_DFA_ANG_XX.wav,5060,236,341,0.1155,21.19,39.27,12930534,ANG (Angry)
1058_WSI_NEU_XX.wav,462,175,343,0.0872,29.56,27.68,91069,NEU (Neutral)
1059_DFA_DIS_XX.wav,1053,182,339,0.1085,37.06,34.32,520714,DIS (Disgust)
1058_WSI_DIS_XX.wav,323,170,344,0.0979,32.14,25.82,26829,DIS (Disgust)
1059_DFA_HAP_XX.wav,3772,226,343,0.0835,20.83,38.18,6028626,HAP (Happy)
1059_DFA_FEA_XX.wav,3613,222,334,0.0913,21.72,36.96,6250472,FEA (Fear)
1058_WSI_SAD_XX.wav,284,170,340,0.0948,34.7,21.82,35719,SAD (Sadness)
1059_DFA_SAD_XX.wav,402,169,345,0.0802,36.51,27.38,35105,SAD (Sadness)
1059_DFA_NEU_XX.wav,645,179,332,0.0958,37.54,38.52,175769,NEU (Neutral)
1059_IEO_ANG_LO.wav,1408,172,335,0.0948,37.19,31.43,1378260,ANG (Angry)
1059_IEO_ANG_HI.wav,4852,224,293,0.0985,20.56,30.75,15464855,ANG (Angry)
1059_IEO_DIS_LO.wav,277,148,346,0.0863,43.16,19.79,17507,DIS (Disgust)
1059_IEO_ANG_MD.wav,3281,235,340,0.0974,28.23,35.62,8935400,ANG (Angry)
1059_IEO_DIS_HI.wav,444,163,342,0.0941,45.82,25.74,87115,DIS (Disgust)
1059_IEO_FEA_HI.wav,4723,268,345,0.1286,23.39,29.89,15629406,FEA (Fear)
1059_IEO_FEA_MD.wav,650,174,332,0.0949,42.56,35.2,140895,FEA (Fear)
1059_IEO_FEA_LO.wav,231,162,341,0.0776,48.68,21.57,11694,FEA (Fear)
1059_IEO_DIS_MD.wav,275,162,319,0.0756,41.71,20.09,9806,DIS (Disgust)
1059_IEO_HAP_LO.wav,302,162,343,0.0604,37.87,23.72,13403,HAP (Happy)
1059_IEO_HAP_HI.wav,2698,236,339,0.1004,28.02,37.21,5664123,HAP (Happy)
1059_IEO_HAP_MD.wav,1026,182,343,0.0914,33.22,26.13,669223,HAP (Happy)
1059_IEO_NEU_XX.wav,287,161,342,0.0794,41.58,24.03,11547,NEU (Neutral)
1059_IEO_SAD_HI.wav,678,177,339,0.0818,28.04,28.98,157513,SAD (Sadness)
1059_IEO_SAD_LO.wav,257,158,340,0.0709,35.72,21.84,7771,SAD (Sadness)
1059_IOM_ANG_XX.wav,5202,229,315,0.0903,16.47,28.1,15205431,ANG (Angry)
1059_IOM_FEA_XX.wav,970,183,242,0.0641,20.09,27.84,183045,FEA (Fear)
1059_IOM_DIS_XX.wav,417,159,341,0.0684,41.33,18.53,29182,DIS (Disgust)
1059_IEO_SAD_MD.wav,224,145,342,0.0666,40.45,20.8,6273,SAD (Sadness)
1059_IOM_HAP_XX.wav,2435,191,331,0.082,25.57,32.66,2576174,HAP (Happy)
1059_IOM_NEU_XX.wav,605,165,339,0.0749,34.25,22.54,88658,NEU (Neutral)
1059_IOM_SAD_XX.wav,870,182,248,0.0587,20.11,21.19,98240,SAD (Sadness)
1059_ITH_ANG_XX.wav,4649,225,303,0.1074,16.1,36.58,16567048,ANG (Angry)
1059_ITH_DIS_XX.wav,511,167,336,0.0812,41.94,32.66,178384,DIS (Disgust)
1059_ITH_FEA_XX.wav,3794,213,326,0.0903,16.33,39.76,7279596,FEA (Fear)
1059_ITH_SAD_XX.wav,626,179,335,0.0754,33.41,31.69,105638,SAD (Sadness)
1059_ITH_HAP_XX.wav,2005,198,337,0.0873,38.19,39.39,3477146,HAP (Happy)
1059_ITH_NEU_XX.wav,662,151,274,0.0882,35.85,26.5,168651,NEU (Neutral)
1059_ITS_ANG_XX.wav,4353,240,324,0.1426,20.64,37.32,12363143,ANG (Angry)
1059_ITS_SAD_XX.wav,479,173,289,0.1222,29.72,26.07,33024,SAD (Sadness)
1059_ITS_FEA_XX.wav,1740,208,341,0.1053,24.2,37.04,1035038,FEA (Fear)
1059_ITS_DIS_XX.wav,402,178,338,0.1272,41.14,21.9,35743,DIS (Disgust)
1059_ITS_HAP_XX.wav,2049,232,342,0.1258,21.38,37.44,3090324,HAP (Happy)
1059_ITS_NEU_XX.wav,728,162,334,0.1149,30.92,35.01,230739,NEU (Neutral)
1059_IWL_FEA_XX.wav,5836,246,314,0.0938,15.05,34.33,12173487,FEA (Fear)
1059_IWL_ANG_XX.wav,5549,215,345,0.0885,25.59,30.59,14896840,ANG (Angry)
1059_IWL_DIS_XX.wav,1238,172,336,0.0725,32.79,29.86,629821,DIS (Disgust)
1059_IWL_HAP_XX.wav,3323,208,327,0.0785,22.14,27.48,5745561,HAP (Happy)
1059_IWL_NEU_XX.wav,1174,174,316,0.0731,26.1,22.62,740046,NEU (Neutral)
1059_IWL_SAD_XX.wav,509,157,343,0.057,30.71,22.08,51165,SAD (Sadness)
1059_IWW_DIS_XX.wav,1160,191,341,0.0942,41.64,33.23,384325,DIS (Disgust)
1059_IWW_NEU_XX.wav,825,164,341,0.1025,36.92,32.27,227374,NEU (Neutral)
1059_IWW_HAP_XX.wav,2444,210,321,0.1103,23.37,34.07,3866440,HAP (Happy)
1059_IWW_ANG_XX.wav,4417,204,240,0.1085,22.42,40.12,7945354,ANG (Angry)
1059_IWW_SAD_XX.wav,342,160,339,0.0797,36.61,22.75,14453,SAD (Sadness)
1059_IWW_FEA_XX.wav,3184,211,337,0.0912,20.91,39.56,3151868,FEA (Fear)
1059_MTI_FEA_XX.wav,5735,260,340,0.0927,17.0,27.85,9207766,FEA (Fear)
1059_MTI_ANG_XX.wav,5754,234,317,0.0816,17.48,33.87,11729778,ANG (Angry)
1059_MTI_DIS_XX.wav,713,180,340,0.0789,41.41,26.26,138352,DIS (Disgust)
1059_MTI_HAP_XX.wav,3776,215,334,0.078,18.19,30.52,5426801,HAP (Happy)
1059_MTI_SAD_XX.wav,1143,192,341,0.0728,29.18,25.22,278783,SAD (Sadness)
1059_MTI_NEU_XX.wav,854,173,336,0.0698,36.09,24.68,175310,NEU (Neutral)
1059_TAI_DIS_XX.wav,921,182,337,0.107,32.7,29.62,302967,DIS (Disgust)
1059_TAI_FEA_XX.wav,3296,205,333,0.094,18.02,28.69,2798522,FEA (Fear)
1059_TAI_ANG_XX.wav,6242,244,327,0.1046,17.97,30.05,15067690,ANG (Angry)
1059_TAI_HAP_XX.wav,2366,199,336,0.095,26.15,31.61,2376178,HAP (Happy)
1059_TAI_SAD_XX.wav,608,176,336,0.0872,29.28,23.92,58108,SAD (Sadness)
1059_TAI_NEU_XX.wav,960,166,306,0.0939,28.55,26.68,288106,NEU (Neutral)
1059_TIE_FEA_XX.wav,2231,207,342,0.104,18.84,30.2,3069324,FEA (Fear)
1059_TIE_ANG_XX.wav,4428,238,342,0.1268,20.13,34.65,15663030,ANG (Angry)
1059_TIE_DIS_XX.wav,1555,181,338,0.1259,31.05,31.64,2068474,DIS (Disgust)
1059_TSI_FEA_XX.wav,3561,234,333,0.1961,23.91,37.48,5147034,FEA (Fear)
1059_TSI_ANG_XX.wav,4277,242,316,0.2148,19.37,38.72,8544514,ANG (Angry)
1059_TSI_DIS_XX.wav,804,195,338,0.2366,39.56,30.16,355902,DIS (Disgust)
1059_TIE_HAP_XX.wav,2999,204,334,0.0861,27.76,30.17,6586452,HAP (Happy)
1059_TSI_HAP_XX.wav,2588,217,337,0.1666,30.31,39.94,3104009,HAP (Happy)
1059_TSI_SAD_XX.wav,774,184,321,0.2074,37.06,33.49,170830,SAD (Sadness)
1059_TSI_NEU_XX.wav,830,183,342,0.2108,35.39,36.45,323369,NEU (Neutral)
1059_TIE_NEU_XX.wav,409,167,339,0.0836,40.47,26.93,42363,NEU (Neutral)
1059_TIE_SAD_XX.wav,2496,199,343,0.0949,18.27,33.92,3634379,SAD (Sadness)
1059_WSI_ANG_XX.wav,4487,223,282,0.1636,22.48,38.17,9979331,ANG (Angry)
1059_WSI_FEA_XX.wav,2223,222,339,0.1347,21.91,44.68,1490937,FEA (Fear)
1059_WSI_NEU_XX.wav,1364,166,324,0.1313,30.06,32.25,980659,NEU (Neutral)
1060_DFA_ANG_XX.wav,1208,194,338,0.0995,28.28,34.19,902808,ANG (Angry)
1060_DFA_DIS_XX.wav,280,163,249,0.0761,34.82,26.21,9189,DIS (Disgust)
1059_WSI_SAD_XX.wav,877,185,333,0.1261,30.78,37.77,249986,SAD (Sadness)
1059_WSI_HAP_XX.wav,2819,210,347,0.1394,21.52,37.99,4665665,HAP (Happy)
1059_WSI_DIS_XX.wav,680,182,339,0.1368,38.33,33.26,339686,DIS (Disgust)
1060_DFA_HAP_XX.wav,624,252,347,0.0801,18.91,23.68,54334,HAP (Happy)
1060_DFA_SAD_XX.wav,263,170,296,0.0698,30.82,24.95,8069,SAD (Sadness)
1060_DFA_FEA_XX.wav,297,177,337,0.0813,35.23,28.76,13825,FEA (Fear)
1060_DFA_NEU_XX.wav,354,171,343,0.0851,35.42,24.07,22820,NEU (Neutral)
1060_IEO_ANG_LO.wav,1148,206,318,0.0941,17.31,23.96,420113,ANG (Angry)
1060_IEO_DIS_MD.wav,628,197,342,0.0765,28.2,24.3,80790,DIS (Disgust)
1060_IEO_ANG_MD.wav,711,195,309,0.0789,28.65,31.81,174676,ANG (Angry)
1060_IEO_ANG_HI.wav,2739,231,316,0.1121,22.13,35.63,5410726,ANG (Angry)
1060_IEO_FEA_HI.wav,1712,229,346,0.0911,28.45,26.56,1713400,FEA (Fear)
1060_IEO_DIS_LO.wav,234,165,334,0.0653,32.94,22.52,4223,DIS (Disgust)
1060_IEO_DIS_HI.wav,349,173,331,0.0754,33.66,20.49,16699,DIS (Disgust)
1060_IEO_FEA_MD.wav,249,162,337,0.0671,38.55,18.56,6736,FEA (Fear)
1060_IEO_HAP_LO.wav,670,241,337,0.0672,17.68,27.79,71435,HAP (Happy)
1060_IEO_FEA_LO.wav,220,161,299,0.0597,32.12,23.08,3075,FEA (Fear)
1060_IEO_SAD_HI.wav,244,165,340,0.0575,35.2,21.74,3582,SAD (Sadness)
1060_IEO_HAP_HI.wav,641,190,340,0.0894,24.93,26.17,97506,HAP (Happy)
1060_IEO_HAP_MD.wav,519,203,330,0.076,28.05,27.74,51888,HAP (Happy)
1060_IEO_NEU_XX.wav,319,174,343,0.0709,32.67,24.82,12910,NEU (Neutral)
1060_IOM_ANG_XX.wav,1057,188,337,0.0834,19.62,24.55,565867,ANG (Angry)
1060_IOM_FEA_XX.wav,474,184,344,0.0673,29.52,24.1,23835,FEA (Fear)
1060_IEO_SAD_LO.wav,201,151,344,0.0593,43.13,22.35,2417,SAD (Sadness)
1060_IOM_DIS_XX.wav,387,178,330,0.067,29.98,21.85,17184,DIS (Disgust)
1060_IEO_SAD_MD.wav,222,165,341,0.0594,36.94,21.64,3514,SAD (Sadness)
1060_IOM_HAP_XX.wav,678,217,317,0.0656,15.65,22.6,76686,HAP (Happy)
1060_IOM_NEU_XX.wav,400,168,342,0.0722,18.83,18.37,16785,NEU (Neutral)
1060_IOM_SAD_XX.wav,284,167,212,0.0573,30.21,21.49,4644,SAD (Sadness)
1060_ITH_DIS_XX.wav,255,168,335,0.0641,38.81,20.67,7136,DIS (Disgust)
1060_ITH_ANG_XX.wav,1048,192,345,0.0919,26.47,32.32,992829,ANG (Angry)
1060_ITH_FEA_XX.wav,354,186,346,0.0668,23.05,27.31,22902,FEA (Fear)
1060_ITH_HAP_XX.wav,567,194,322,0.0724,24.84,30.88,79205,HAP (Happy)
1060_ITH_NEU_XX.wav,365,171,337,0.0704,26.43,25.75,21766,NEU (Neutral)
1060_ITH_SAD_XX.wav,305,169,345,0.0735,30.93,23.89,12539,SAD (Sadness)
1060_ITS_ANG_XX.wav,1126,191,337,0.1133,19.17,30.53,1154631,ANG (Angry)
1060_ITS_HAP_XX.wav,606,237,343,0.0976,26.3,34.54,148582,HAP (Happy)
1060_ITS_FEA_XX.wav,415,184,247,0.0781,25.32,24.12,13683,FEA (Fear)
1060_ITS_DIS_XX.wav,296,177,277,0.0784,32.56,23.08,6763,DIS (Disgust)
1060_ITS_NEU_XX.wav,284,165,282,0.0795,33.99,25.04,9455,NEU (Neutral)
1060_ITS_SAD_XX.wav,234,173,332,0.0722,32.9,23.02,4344,SAD (Sadness)
1060_IWL_ANG_XX.wav,1695,207,333,0.0886,20.54,28.92,1916374,ANG (Angry)
1060_IWL_DIS_XX.wav,385,169,294,0.0586,24.5,19.66,24345,DIS (Disgust)
1060_IWL_FEA_XX.wav,355,189,328,0.0565,25.74,22.3,10829,FEA (Fear)
1060_IWW_ANG_XX.wav,1148,196,340,0.0816,26.23,35.74,576846,ANG (Angry)
1060_IWL_SAD_XX.wav,327,189,341,0.0555,24.91,20.27,7577,SAD (Sadness)
1060_IWL_HAP_XX.wav,1000,201,341,0.0748,24.04,28.06,623330,HAP (Happy)
1060_IWW_NEU_XX.wav,343,171,341,0.0735,30.64,25.15,11630,NEU (Neutral)
1060_IWW_HAP_XX.wav,544,203,326,0.0681,17.83,26.79,34164,HAP (Happy)
1060_IWW_FEA_XX.wav,302,171,342,0.0594,23.82,22.05,5778,FEA (Fear)
1060_IWL_NEU_XX.wav,431,191,345,0.0627,33.25,20.78,39535,NEU (Neutral)
1060_IWW_DIS_XX.wav,289,168,204,0.0643,29.77,22.38,6394,DIS (Disgust)
1060_IWW_SAD_XX.wav,280,165,338,0.0576,29.02,23.51,4544,SAD (Sadness)
1060_MTI_ANG_XX.wav,1541,209,340,0.0789,15.01,22.93,886320,ANG (Angry)
1060_MTI_NEU_XX.wav,465,181,341,0.0662,24.38,22.22,23093,NEU (Neutral)
1060_TAI_FEA_XX.wav,673,206,290,0.0791,24.99,26.82,51991,FEA (Fear)
1060_MTI_FEA_XX.wav,544,197,340,0.0688,21.9,23.08,29888,FEA (Fear)
1060_TAI_DIS_XX.wav,373,179,342,0.0725,26.43,23.98,13916,DIS (Disgust)
1060_MTI_SAD_XX.wav,334,185,276,0.0636,23.32,21.19,8370,SAD (Sadness)
1060_MTI_HAP_XX.wav,1088,216,338,0.0708,18.66,26.36,264483,HAP (Happy)
1060_TAI_HAP_XX.wav,952,218,314,0.0813,17.82,23.76,176839,HAP (Happy)
1060_MTI_DIS_XX.wav,484,185,342,0.0706,25.93,23.82,33051,DIS (Disgust)
1060_TAI_ANG_XX.wav,2313,237,319,0.0971,14.68,28.78,1945776,ANG (Angry)
1060_TAI_NEU_XX.wav,357,170,323,0.0701,26.95,21.15,11770,NEU (Neutral)
1060_TAI_SAD_XX.wav,325,178,229,0.0628,22.72,20.92,6023,SAD (Sadness)
1060_TSI_FEA_XX.wav,451,207,345,0.126,31.32,27.16,29864,FEA (Fear)
1060_TSI_DIS_XX.wav,302,172,338,0.1064,25.81,23.84,9987,DIS (Disgust)
1060_TSI_ANG_XX.wav,1412,217,337,0.1333,25.38,39.77,1589193,ANG (Angry)
1060_TIE_ANG_XX.wav,1236,209,332,0.0784,22.19,31.47,1056075,ANG (Angry)
1060_TIE_HAP_XX.wav,455,198,332,0.0627,26.12,24.65,42157,HAP (Happy)
1060_TIE_FEA_XX.wav,300,170,342,0.0617,34.68,26.68,12479,FEA (Fear)
1060_TSI_SAD_XX.wav,263,179,342,0.1053,42.82,24.15,6965,SAD (Sadness)
1060_TIE_SAD_XX.wav,301,160,204,0.0627,25.26,24.03,9714,SAD (Sadness)
1060_TSI_HAP_XX.wav,1014,232,338,0.0994,28.53,28.53,316056,HAP (Happy)
1060_TIE_DIS_XX.wav,271,158,345,0.0644,37.9,24.22,9316,DIS (Disgust)
1060_TSI_NEU_XX.wav,292,181,345,0.0983,33.37,25.89,9699,NEU (Neutral)
1060_TIE_NEU_XX.wav,391,166,340,0.0642,34.91,25.54,16678,NEU (Neutral)
1060_WSI_HAP_XX.wav,608,225,332,0.0809,21.62,29.8,119972,HAP (Happy)
1060_WSI_NEU_XX.wav,311,159,178,0.0804,19.64,22.02,10688,NEU (Neutral)
1060_WSI_DIS_XX.wav,374,183,341,0.0764,27.05,22.68,28690,DIS (Disgust)
1061_DFA_NEU_XX.wav,418,172,337,0.0822,41.1,27.24,47082,NEU (Neutral)
1060_WSI_FEA_XX.wav,353,189,320,0.0783,33.25,24.19,15498,FEA (Fear)
1061_DFA_HAP_XX.wav,634,197,329,0.0712,18.31,27.48,100001,HAP (Happy)
1060_WSI_SAD_XX.wav,267,172,343,0.0625,29.1,25.37,4766,SAD (Sadness)
1061_DFA_ANG_XX.wav,1735,208,332,0.1273,23.99,32.05,2877874,ANG (Angry)
1061_DFA_SAD_XX.wav,196,158,346,0.0652,45.02,23.93,3009,SAD (Sadness)
1060_WSI_ANG_XX.wav,1011,182,322,0.1092,20.23,31.42,722416,ANG (Angry)
1061_DFA_FEA_XX.wav,341,179,344,0.0628,30.78,25.91,15688,FEA (Fear)
1061_DFA_DIS_XX.wav,474,171,343,0.0897,40.1,27.83,87955,DIS (Disgust)
1061_IEO_ANG_HI.wav,5552,243,331,0.1255,29.13,35.82,30311667,ANG (Angry)
1061_IEO_FEA_LO.wav,204,169,335,0.0613,51.14,25.83,3148,FEA (Fear)
1061_IEO_ANG_LO.wav,792,189,327,0.088,30.8,29.01,249323,ANG (Angry)
1061_IEO_DIS_LO.wav,279,162,338,0.0722,46.26,20.7,9872,DIS (Disgust)
1061_IEO_ANG_MD.wav,1530,203,339,0.1002,24.78,29.39,1353776,ANG (Angry)
1061_IEO_DIS_HI.wav,319,169,334,0.0903,41.96,25.55,27304,DIS (Disgust)
1061_IEO_HAP_HI.wav,893,199,338,0.0807,27.49,29.45,272598,HAP (Happy)
1061_IEO_FEA_HI.wav,3206,225,344,0.102,32.36,33.94,10656555,FEA (Fear)
1061_IEO_DIS_MD.wav,243,156,330,0.0873,37.37,21.09,9833,DIS (Disgust)
1061_IEO_HAP_LO.wav,506,182,329,0.0833,29.03,23.61,62900,HAP (Happy)
1061_IEO_HAP_MD.wav,477,181,340,0.0761,39.32,28.34,50036,HAP (Happy)
1061_IEO_FEA_MD.wav,188,148,275,0.0653,41.53,22.82,2280,FEA (Fear)
1061_IEO_NEU_XX.wav,282,164,346,0.0696,36.18,22.76,11809,NEU (Neutral)
1061_IEO_SAD_HI.wav,196,175,346,0.0654,50.23,17.51,2260,SAD (Sadness)
1061_IEO_SAD_LO.wav,208,168,343,0.0609,44.22,19.28,2694,SAD (Sadness)
1061_IOM_DIS_XX.wav,625,178,325,0.0616,31.69,26.42,67573,DIS (Disgust)
1061_IOM_ANG_XX.wav,1152,196,330,0.0823,24.33,23.54,419112,ANG (Angry)
1061_IEO_SAD_MD.wav,200,147,345,0.0596,40.8,23.52,2457,SAD (Sadness)
1061_IOM_FEA_XX.wav,417,168,337,0.0607,31.31,23.17,23779,FEA (Fear)
1061_IOM_HAP_XX.wav,522,175,287,0.0622,26.19,22.46,54402,HAP (Happy)
1061_IOM_NEU_XX.wav,374,167,328,0.0573,29.68,20.67,11462,NEU (Neutral)
1061_ITH_DIS_XX.wav,356,157,341,0.0784,38.3,30.49,46593,DIS (Disgust)
1061_IOM_SAD_XX.wav,239,166,343,0.0538,40.04,23.04,2964,SAD (Sadness)
1061_ITH_HAP_XX.wav,386,184,342,0.0716,41.08,29.9,33828,HAP (Happy)
1061_ITH_ANG_XX.wav,705,166,318,0.095,28.71,31.77,227349,ANG (Angry)
1061_ITS_ANG_XX.wav,846,183,338,0.1228,25.33,30.83,270469,ANG (Angry)
1061_ITH_NEU_XX.wav,338,158,334,0.0693,32.16,24.56,24010,NEU (Neutral)
1061_ITH_SAD_XX.wav,319,145,260,0.0532,38.69,22.26,6232,SAD (Sadness)
1061_ITH_FEA_XX.wav,268,164,340,0.0691,40.64,25.0,6391,FEA (Fear)
1061_ITS_DIS_XX.wav,356,166,345,0.098,34.99,28.26,27751,DIS (Disgust)
1061_ITS_NEU_XX.wav,406,176,342,0.0953,33.11,24.02,24048,NEU (Neutral)
1061_ITS_FEA_XX.wav,270,168,347,0.0776,47.08,26.54,6396,FEA (Fear)
1061_ITS_HAP_XX.wav,576,192,331,0.0918,32.35,27.79,67137,HAP (Happy)
1061_ITS_SAD_XX.wav,255,172,339,0.0927,43.47,27.36,4852,SAD (Sadness)
1061_IWL_SAD_XX.wav,325,155,343,0.0572,29.9,19.76,9718,SAD (Sadness)
1061_IWL_NEU_XX.wav,492,175,343,0.0705,22.41,23.73,75659,NEU (Neutral)
1061_IWW_ANG_XX.wav,930,190,344,0.0811,37.27,41.64,541333,ANG (Angry)
1061_IWL_HAP_XX.wav,501,170,336,0.0654,27.13,22.31,53092,HAP (Happy)
1061_IWL_DIS_XX.wav,302,172,343,0.0836,35.37,21.82,27330,DIS (Disgust)
1061_IWW_DIS_XX.wav,331,168,316,0.0975,40.32,24.87,15107,DIS (Disgust)
1061_IWL_ANG_XX.wav,2055,200,340,0.0923,18.88,25.73,2220955,ANG (Angry)
1061_IWL_FEA_XX.wav,286,161,338,0.0608,34.61,20.77,8493,FEA (Fear)
1061_IWW_FEA_XX.wav,338,176,345,0.0704,32.22,27.6,13809,FEA (Fear)
1061_IWW_HAP_XX.wav,616,184,346,0.0908,32.85,21.89,76678,HAP (Happy)
1061_IWW_NEU_XX.wav,274,157,343,0.0893,42.57,26.54,10924,NEU (Neutral)
1061_IWW_SAD_XX.wav,229,151,344,0.0689,48.75,25.19,3715,SAD (Sadness)
1061_TAI_ANG_XX.wav,1338,237,324,0.1048,19.12,28.89,547099,ANG (Angry)
1061_MTI_NEU_XX.wav,334,159,346,0.0603,37.93,19.0,11585,NEU (Neutral)
1061_MTI_HAP_XX.wav,859,200,333,0.0765,20.7,25.52,141819,HAP (Happy)
1061_MTI_FEA_XX.wav,576,191,346,0.0597,32.19,25.55,45651,FEA (Fear)
1061_MTI_SAD_XX.wav,370,165,338,0.0605,32.48,22.16,14296,SAD (Sadness)
1061_TAI_DIS_XX.wav,322,179,317,0.0823,35.4,22.56,19503,DIS (Disgust)
1061_MTI_ANG_XX.wav,3077,231,337,0.0933,17.45,26.9,7420485,ANG (Angry)
1061_TAI_HAP_XX.wav,734,197,338,0.0771,33.38,26.38,123126,HAP (Happy)
1061_TAI_SAD_XX.wav,295,159,273,0.0713,23.6,19.36,5875,SAD (Sadness)
1061_TAI_FEA_XX.wav,336,167,337,0.0764,36.69,21.64,11144,FEA (Fear)
1061_TAI_NEU_XX.wav,364,172,341,0.0772,43.4,20.05,22610,NEU (Neutral)
1061_MTI_DIS_XX.wav,421,169,346,0.0671,41.49,20.85,46254,DIS (Disgust)
1061_TIE_ANG_XX.wav,630,157,344,0.1067,38.15,28.68,554756,ANG (Angry)
1061_TIE_FEA_XX.wav,330,162,343,0.0683,35.86,22.55,18041,FEA (Fear)
1061_TIE_NEU_XX.wav,237,161,344,0.0637,37.9,22.8,5927,NEU (Neutral)
1061_TIE_HAP_XX.wav,447,174,341,0.1006,38.34,21.23,49661,HAP (Happy)
1061_TSI_ANG_XX.wav,1678,231,341,0.2013,24.51,34.32,2381528,ANG (Angry)
1061_TIE_DIS_XX.wav,308,153,337,0.0798,38.68,19.5,34116,DIS (Disgust)
1061_TIE_SAD_XX.wav,289,154,347,0.0789,37.54,21.77,15569,SAD (Sadness)
1061_TSI_DIS_XX.wav,424,193,343,0.2321,41.68,24.49,63437,DIS (Disgust)
1061_TSI_FEA_XX.wav,293,189,331,0.1526,34.64,21.09,18807,FEA (Fear)
1061_TSI_HAP_XX.wav,406,194,336,0.1385,37.32,28.19,49200,HAP (Happy)
1061_TSI_NEU_XX.wav,336,169,341,0.1629,31.14,22.48,29733,NEU (Neutral)
1061_TSI_SAD_XX.wav,214,153,343,0.1363,49.41,20.11,7519,SAD (Sadness)
1061_WSI_ANG_XX.wav,1838,222,336,0.1714,20.34,29.33,2103871,ANG (Angry)
1061_WSI_NEU_XX.wav,399,182,344,0.1214,39.18,28.41,29702,NEU (Neutral)
1062_DFA_HAP_XX.wav,852,169,315,0.0573,27.57,32.35,140764,HAP (Happy)
1062_DFA_ANG_XX.wav,3615,184,339,0.0931,24.65,45.41,4090110,ANG (Angry)
1061_WSI_SAD_XX.wav,237,164,320,0.1022,42.66,23.36,6727,SAD (Sadness)
1061_WSI_FEA_XX.wav,984,208,268,0.0984,21.38,29.37,245376,FEA (Fear)
1061_WSI_DIS_XX.wav,534,184,308,0.1179,26.45,23.63,110216,DIS (Disgust)
1062_DFA_DIS_XX.wav,899,168,333,0.0867,39.71,28.59,190685,DIS (Disgust)
1061_WSI_HAP_XX.wav,623,184,341,0.139,24.3,28.82,102324,HAP (Happy)
1062_DFA_NEU_XX.wav,726,172,344,0.0603,42.83,32.91,110475,NEU (Neutral)
1062_DFA_SAD_XX.wav,346,160,342,0.0559,44.84,25.66,13179,SAD (Sadness)
1062_DFA_FEA_XX.wav,273,168,343,0.0617,45.16,22.07,6642,FEA (Fear)
1062_IEO_DIS_LO.wav,390,172,334,0.0593,44.83,24.1,21036,DIS (Disgust)
1062_IEO_ANG_LO.wav,1035,156,343,0.0668,29.81,28.66,286469,ANG (Angry)
1062_IEO_ANG_MD.wav,1837,183,340,0.074,29.92,41.22,1402450,ANG (Angry)
1062_IEO_DIS_MD.wav,591,175,334,0.067,45.07,31.53,73133,DIS (Disgust)
1062_IEO_ANG_HI.wav,5124,208,340,0.0973,28.62,33.46,12854829,ANG (Angry)
1062_IEO_FEA_HI.wav,1977,195,329,0.0698,22.43,29.62,1355875,FEA (Fear)
1062_IEO_DIS_HI.wav,487,164,334,0.0684,44.58,30.27,45115,DIS (Disgust)
1062_IEO_FEA_LO.wav,384,139,340,0.0585,45.29,26.36,21706,FEA (Fear)
1062_IEO_FEA_MD.wav,312,150,343,0.055,45.03,19.48,8012,FEA (Fear)
1062_IEO_HAP_HI.wav,1443,170,322,0.0689,32.3,31.17,580302,HAP (Happy)
1062_IEO_HAP_LO.wav,560,157,344,0.0653,36.03,28.94,61050,HAP (Happy)
1062_IEO_NEU_XX.wav,589,181,327,0.0615,52.62,31.71,55470,NEU (Neutral)
1062_IEO_HAP_MD.wav,748,168,338,0.0611,41.74,31.49,111405,HAP (Happy)
1062_IEO_SAD_HI.wav,348,127,338,0.0549,38.34,21.74,9995,SAD (Sadness)
1062_IEO_SAD_LO.wav,357,148,342,0.0566,36.16,22.75,15593,SAD (Sadness)
1062_IOM_ANG_XX.wav,2404,183,324,0.0607,24.26,25.78,1035124,ANG (Angry)
1062_IEO_SAD_MD.wav,304,150,339,0.0576,41.3,24.72,11581,SAD (Sadness)
1062_IOM_FEA_XX.wav,497,146,335,0.0473,38.95,19.77,19250,FEA (Fear)
1062_IOM_HAP_XX.wav,1219,168,333,0.0562,31.83,26.05,218949,HAP (Happy)
1062_IOM_DIS_XX.wav,506,142,341,0.0508,46.02,21.5,22871,DIS (Disgust)
1062_IOM_NEU_XX.wav,854,144,312,0.0532,32.16,22.62,120855,NEU (Neutral)
1062_IOM_SAD_XX.wav,693,171,337,0.051,39.46,22.34,56129,SAD (Sadness)
1062_ITH_HAP_XX.wav,765,187,343,0.0597,26.25,35.34,94993,HAP (Happy)
1062_ITH_ANG_XX.wav,2703,182,333,0.0737,30.5,37.39,2516966,ANG (Angry)
1062_ITH_DIS_XX.wav,864,165,343,0.065,35.72,35.95,207970,DIS (Disgust)
1062_ITS_HAP_XX.wav,1342,174,338,0.0744,23.22,33.29,273848,HAP (Happy)
1062_ITS_ANG_XX.wav,3581,199,334,0.0774,23.46,41.87,3180260,ANG (Angry)
1062_ITH_NEU_XX.wav,640,161,344,0.0575,42.26,27.46,76134,NEU (Neutral)
1062_ITS_DIS_XX.wav,345,159,344,0.0738,40.94,23.33,11392,DIS (Disgust)
1062_ITH_FEA_XX.wav,271,145,343,0.0554,40.52,22.2,4645,FEA (Fear)
1062_ITS_SAD_XX.wav,378,153,340,0.0768,41.23,25.93,11008,SAD (Sadness)
1062_ITS_FEA_XX.wav,337,156,334,0.073,42.43,21.56,9156,FEA (Fear)
1062_ITS_NEU_XX.wav,793,170,333,0.0756,40.52,32.24,118069,NEU (Neutral)
1062_ITH_SAD_XX.wav,344,154,342,0.0525,46.22,24.87,14306,SAD (Sadness)
1062_IWW_ANG_XX.wav,2951,206,323,0.0884,32.38,38.39,1734847,ANG (Angry)
1062_IWL_HAP_XX.wav,931,162,339,0.0582,34.8,32.23,128858,HAP (Happy)
1062_IWW_DIS_XX.wav,418,165,335,0.067,47.44,25.29,20808,DIS (Disgust)
1062_IWL_SAD_XX.wav,518,154,332,0.0549,33.27,22.58,29289,SAD (Sadness)
1062_IWL_ANG_XX.wav,4812,214,342,0.0796,19.67,34.79,7509269,ANG (Angry)
1062_IWL_NEU_XX.wav,957,162,342,0.0573,43.67,21.42,143328,NEU (Neutral)
1062_IWL_DIS_XX.wav,752,160,326,0.0594,38.69,28.83,99520,DIS (Disgust)
1062_IWL_FEA_XX.wav,340,163,345,0.0513,39.42,22.79,8061,FEA (Fear)
1062_IWW_FEA_XX.wav,387,167,331,0.0634,46.49,23.03,11984,FEA (Fear)
1062_IWW_HAP_XX.wav,780,193,337,0.0585,42.63,27.96,73072,HAP (Happy)
1062_IWW_NEU_XX.wav,802,161,337,0.0674,51.18,32.44,92620,NEU (Neutral)
1062_IWW_SAD_XX.wav,395,155,337,0.0686,40.72,25.72,16143,SAD (Sadness)
1062_MTI_ANG_XX.wav,3365,183,336,0.068,30.42,29.19,2792014,ANG (Angry)
1062_MTI_HAP_XX.wav,741,180,343,0.055,35.87,30.73,82694,HAP (Happy)
1062_MTI_DIS_XX.wav,473,155,341,0.0512,42.17,18.86,24961,DIS (Disgust)
1062_TAI_DIS_XX.wav,479,165,337,0.073,47.17,22.41,25982,DIS (Disgust)
1062_TAI_HAP_XX.wav,1084,181,338,0.0715,43.53,29.19,162471,HAP (Happy)
1062_MTI_SAD_XX.wav,541,149,334,0.0534,49.43,20.51,30361,SAD (Sadness)
1062_MTI_FEA_XX.wav,322,160,330,0.0536,36.76,23.78,6810,FEA (Fear)
1062_MTI_NEU_XX.wav,814,163,337,0.0544,41.73,25.0,93090,NEU (Neutral)
1062_TAI_ANG_XX.wav,4158,205,331,0.0799,20.05,34.61,3590592,ANG (Angry)
1062_TAI_FEA_XX.wav,385,153,222,0.0632,37.08,18.8,10698,FEA (Fear)
1062_TAI_NEU_XX.wav,896,147,345,0.0727,41.83,26.78,110137,NEU (Neutral)
1062_TAI_SAD_XX.wav,434,162,339,0.0715,44.15,26.81,23096,SAD (Sadness)
1062_TIE_NEU_XX.wav,711,165,342,0.0643,44.47,28.26,105838,NEU (Neutral)
1062_TSI_ANG_XX.wav,2170,196,336,0.1087,28.65,41.67,1434955,ANG (Angry)
1062_TIE_ANG_XX.wav,2353,176,339,0.0718,29.27,33.98,2469413,ANG (Angry)
1062_TIE_HAP_XX.wav,783,160,345,0.0611,47.41,30.66,153503,HAP (Happy)
1062_TSI_FEA_XX.wav,339,191,337,0.1173,41.75,23.17,16992,FEA (Fear)
1062_TSI_HAP_XX.wav,275,156,341,0.1043,45.14,23.67,13775,HAP (Happy)
1062_TSI_DIS_XX.wav,435,168,339,0.1096,44.95,27.12,36637,DIS (Disgust)
1062_TIE_SAD_XX.wav,305,147,341,0.0546,44.51,22.5,8826,SAD (Sadness)
1062_TIE_FEA_XX.wav,388,161,335,0.0599,39.74,32.38,21640,FEA (Fear)
1062_TSI_NEU_XX.wav,385,162,332,0.1072,46.85,26.29,26668,NEU (Neutral)
1062_TIE_DIS_XX.wav,329,156,341,0.0605,44.68,21.24,18413,DIS (Disgust)
1062_TSI_SAD_XX.wav,264,148,344,0.1005,43.78,22.21,10040,SAD (Sadness)
1062_WSI_DIS_XX.wav,524,149,340,0.0889,33.91,27.14,48746,DIS (Disgust)
1063_DFA_HAP_XX.wav,715,243,299,0.0933,19.8,32.18,432268,HAP (Happy)
1062_WSI_ANG_XX.wav,4329,203,313,0.0967,18.4,37.53,4511493,ANG (Angry)
1063_DFA_ANG_XX.wav,1179,227,335,0.1015,21.72,39.1,987197,ANG (Angry)
1063_DFA_DIS_XX.wav,376,190,347,0.0842,38.1,25.14,58696,DIS (Disgust)
1062_WSI_FEA_XX.wav,524,170,336,0.0934,36.61,25.34,40943,FEA (Fear)
1063_DFA_FEA_XX.wav,462,215,337,0.0728,27.21,28.69,49436,FEA (Fear)
1063_DFA_SAD_XX.wav,267,185,333,0.0619,46.78,25.62,8345,SAD (Sadness)
1063_DFA_NEU_XX.wav,342,199,330,0.0724,32.14,30.7,29367,NEU (Neutral)
1062_WSI_HAP_XX.wav,1407,179,314,0.0793,27.3,39.23,409363,HAP (Happy)
1062_WSI_SAD_XX.wav,540,151,324,0.0939,33.87,27.49,38759,SAD (Sadness)
1062_WSI_NEU_XX.wav,773,153,317,0.0842,43.52,29.59,124166,NEU (Neutral)
1063_IEO_FEA_HI.wav,1471,230,334,0.1248,28.04,32.63,2292980,FEA (Fear)
1063_IEO_ANG_LO.wav,633,241,340,0.0817,21.86,28.21,197656,ANG (Angry)
1063_IEO_FEA_LO.wav,286,184,340,0.0673,43.14,26.0,7770,FEA (Fear)
1063_IEO_ANG_HI.wav,2204,209,342,0.1087,28.64,45.53,5802635,ANG (Angry)
1063_IEO_HAP_HI.wav,1455,254,329,0.1071,26.31,35.43,2081234,HAP (Happy)
1063_IEO_DIS_MD.wav,605,218,340,0.0806,27.0,29.34,151361,DIS (Disgust)
1063_IEO_ANG_MD.wav,708,207,345,0.0711,25.31,30.21,214324,ANG (Angry)
1063_IEO_DIS_HI.wav,255,184,342,0.0658,37.09,24.02,10208,DIS (Disgust)
1063_IEO_DIS_LO.wav,271,160,345,0.0724,39.16,23.62,21411,DIS (Disgust)
1063_IEO_HAP_LO.wav,674,179,344,0.0805,34.14,37.56,257167,HAP (Happy)
1063_IEO_HAP_MD.wav,590,215,339,0.1176,34.16,38.45,315219,HAP (Happy)
1063_IEO_FEA_MD.wav,235,162,343,0.0634,46.32,24.89,4649,FEA (Fear)
1063_IEO_SAD_LO.wav,204,174,340,0.056,49.92,19.84,2718,SAD (Sadness)
1063_IEO_NEU_XX.wav,372,194,336,0.067,42.9,29.45,42618,NEU (Neutral)
1063_IOM_HAP_XX.wav,796,228,319,0.0675,18.84,30.59,170439,HAP (Happy)
1063_IOM_ANG_XX.wav,1389,264,343,0.0892,17.21,30.29,2315448,ANG (Angry)
1063_IEO_SAD_MD.wav,199,177,334,0.066,43.84,19.88,2986,SAD (Sadness)
1063_IOM_FEA_XX.wav,390,210,323,0.0539,27.4,23.48,9148,FEA (Fear)
1063_IOM_NEU_XX.wav,416,190,328,0.0662,31.13,23.04,40545,NEU (Neutral)
1063_IEO_SAD_HI.wav,217,170,343,0.0556,45.36,23.46,2416,SAD (Sadness)
1063_IOM_DIS_XX.wav,295,176,333,0.0689,33.32,19.82,20133,DIS (Disgust)
1063_IOM_SAD_XX.wav,331,188,340,0.058,27.5,23.97,12078,SAD (Sadness)
1063_ITH_ANG_XX.wav,832,206,343,0.0927,22.98,37.34,566797,ANG (Angry)
1063_ITS_ANG_XX.wav,697,192,340,0.1034,33.3,34.89,471730,ANG (Angry)
1063_ITH_DIS_XX.wav,215,179,342,0.0714,44.81,23.6,6564,DIS (Disgust)
1063_ITH_SAD_XX.wav,234,183,344,0.0656,35.12,20.46,4602,SAD (Sadness)
1063_ITH_HAP_XX.wav,367,235,321,0.0733,22.44,29.88,20917,HAP (Happy)
1063_ITS_HAP_XX.wav,1054,237,337,0.0842,21.95,38.01,326968,HAP (Happy)
1063_ITH_NEU_XX.wav,358,173,342,0.074,30.04,25.7,41113,NEU (Neutral)
1063_ITS_DIS_XX.wav,339,181,343,0.0732,30.36,29.97,32985,DIS (Disgust)
1063_ITS_SAD_XX.wav,248,163,285,0.0766,32.77,20.52,4294,SAD (Sadness)
1063_ITH_FEA_XX.wav,278,198,340,0.0588,29.16,27.3,8107,FEA (Fear)
1063_ITS_NEU_XX.wav,330,178,345,0.0714,31.85,24.23,29970,NEU (Neutral)
1063_ITS_FEA_XX.wav,419,249,342,0.0826,20.22,29.8,35402,FEA (Fear)
1063_IWL_ANG_XX.wav,1994,237,324,0.0995,15.7,31.9,2283197,ANG (Angry)
1063_IWL_FEA_XX.wav,397,196,331,0.0578,27.8,20.45,13834,FEA (Fear)
1063_IWW_ANG_XX.wav,1008,219,338,0.0831,22.34,37.19,333124,ANG (Angry)
1063_IWL_NEU_XX.wav,476,193,343,0.0664,30.81,21.04,66647,NEU (Neutral)
1063_IWW_HAP_XX.wav,767,238,341,0.0812,19.22,29.2,126460,HAP (Happy)
1063_IWL_HAP_XX.wav,534,220,331,0.0755,30.09,22.85,211963,HAP (Happy)
1063_IWW_DIS_XX.wav,332,198,327,0.0781,27.57,21.4,16991,DIS (Disgust)
1063_IWL_DIS_XX.wav,411,187,342,0.0725,37.45,23.91,43636,DIS (Disgust)
1063_IWL_SAD_XX.wav,284,187,343,0.0559,30.95,22.32,9221,SAD (Sadness)
1063_IWW_SAD_XX.wav,280,193,338,0.0659,28.12,22.98,9494,SAD (Sadness)
1063_IWW_NEU_XX.wav,419,188,217,0.0743,22.64,27.3,27884,NEU (Neutral)
1063_IWW_FEA_XX.wav,310,199,342,0.0849,31.19,28.66,13203,FEA (Fear)
1063_MTI_FEA_XX.wav,401,227,325,0.0562,24.37,25.62,19258,FEA (Fear)
1063_MTI_HAP_XX.wav,944,222,323,0.0829,21.51,29.04,357641,HAP (Happy)
1063_MTI_ANG_XX.wav,1166,226,329,0.0731,22.0,24.34,466247,ANG (Angry)
1063_TAI_ANG_XX.wav,1472,274,321,0.1076,16.52,28.7,1119046,ANG (Angry)
1063_TAI_DIS_XX.wav,395,196,337,0.0836,32.45,23.43,45778,DIS (Disgust)
1063_MTI_SAD_XX.wav,316,201,346,0.0598,29.73,20.4,12195,SAD (Sadness)
1063_TAI_FEA_XX.wav,464,221,340,0.0578,23.14,25.22,15131,FEA (Fear)
1063_MTI_NEU_XX.wav,496,209,335,0.0632,29.24,30.3,55189,NEU (Neutral)
1063_TAI_HAP_XX.wav,891,269,308,0.0922,13.5,28.88,382404,HAP (Happy)
1063_MTI_DIS_XX.wav,410,208,321,0.0791,32.71,22.74,48786,DIS (Disgust)
1063_TAI_NEU_XX.wav,395,189,339,0.0814,30.88,25.94,48686,NEU (Neutral)
1063_TAI_SAD_XX.wav,389,205,327,0.0728,28.12,26.48,20611,SAD (Sadness)
1063_TSI_FEA_XX.wav,408,247,331,0.1432,35.88,36.34,76280,FEA (Fear)
1063_TIE_HAP_XX.wav,542,182,344,0.0649,37.45,31.93,211804,HAP (Happy)
1063_TIE_ANG_XX.wav,993,217,331,0.1027,28.45,37.33,1700095,ANG (Angry)
1063_TSI_NEU_XX.wav,305,171,337,0.1076,39.91,26.89,21205,NEU (Neutral)
1063_TIE_DIS_XX.wav,341,176,339,0.0779,32.68,29.74,53521,DIS (Disgust)
1063_TSI_DIS_XX.wav,250,175,344,0.1123,39.41,23.38,9849,DIS (Disgust)
1063_TIE_FEA_XX.wav,295,194,345,0.0733,39.37,24.27,24956,FEA (Fear)
1063_TIE_NEU_XX.wav,378,183,338,0.0659,35.32,28.81,36414,NEU (Neutral)
1063_TSI_HAP_XX.wav,593,225,341,0.1231,36.16,36.9,155121,HAP (Happy)
1063_TIE_SAD_XX.wav,226,183,346,0.0627,39.5,21.34,5846,SAD (Sadness)
1063_TSI_ANG_XX.wav,1005,223,344,0.1622,27.48,36.45,919064,ANG (Angry)
1063_WSI_ANG_XX.wav,2179,256,329,0.1648,21.2,34.59,2658864,ANG (Angry)
1063_WSI_FEA_XX.wav,986,261,327,0.1066,20.29,33.31,271549,FEA (Fear)
1063_TSI_SAD_XX.wav,281,189,336,0.1205,32.04,27.27,12414,SAD (Sadness)
1063_WSI_DIS_XX.wav,366,198,335,0.0943,30.13,27.75,51253,DIS (Disgust)
1063_WSI_HAP_XX.wav,644,213,326,0.1052,22.91,37.52,137069,HAP (Happy)
1063_WSI_SAD_XX.wav,263,173,337,0.0875,33.03,24.26,8397,SAD (Sadness)
1063_WSI_NEU_XX.wav,391,180,267,0.1052,23.24,27.34,31101,NEU (Neutral)
1064_DFA_ANG_XX.wav,4134,228,326,0.1005,23.88,36.17,13970277,ANG (Angry)
1064_DFA_HAP_XX.wav,441,180,343,0.0553,39.5,33.04,43021,HAP (Happy)
1064_DFA_FEA_XX.wav,2943,225,339,0.0869,22.27,37.3,6425349,FEA (Fear)
1064_DFA_NEU_XX.wav,422,162,343,0.0639,45.65,26.54,38309,NEU (Neutral)
1064_IEO_ANG_HI.wav,6240,249,342,0.1372,24.21,30.58,26981675,ANG (Angry)
1064_IEO_ANG_LO.wav,1605,194,342,0.0852,40.79,32.07,1492839,ANG (Angry)
1064_DFA_DIS_XX.wav,492,174,346,0.0888,42.13,26.27,237231,DIS (Disgust)
1064_DFA_SAD_XX.wav,297,168,339,0.0549,50.64,25.24,11890,SAD (Sadness)
1064_IEO_ANG_MD.wav,2874,188,343,0.0991,31.4,31.95,6882656,ANG (Angry)
1064_IEO_DIS_LO.wav,317,168,334,0.0703,44.25,25.66,32844,DIS (Disgust)
1064_IEO_HAP_LO.wav,312,164,340,0.0722,52.58,27.49,23038,HAP (Happy)
1064_IEO_DIS_HI.wav,1493,196,337,0.0894,30.24,28.2,1307263,DIS (Disgust)
1064_IEO_DIS_MD.wav,512,163,343,0.0908,40.33,24.19,102301,DIS (Disgust)
1064_IEO_FEA_LO.wav,608,168,341,0.0752,37.84,25.49,188207,FEA (Fear)
1064_IEO_HAP_HI.wav,2321,175,342,0.098,40.24,25.85,3793002,HAP (Happy)
1064_IEO_FEA_HI.wav,3899,216,342,0.1071,37.48,26.88,11295861,FEA (Fear)
1064_IEO_FEA_MD.wav,423,172,338,0.0807,38.92,28.02,36499,FEA (Fear)
1064_IEO_NEU_XX.wav,281,154,341,0.0657,50.56,24.11,9954,NEU (Neutral)
1064_IEO_SAD_LO.wav,348,139,262,0.0632,46.79,23.4,19430,SAD (Sadness)
1064_IEO_HAP_MD.wav,473,159,340,0.076,46.57,28.09,62831,HAP (Happy)
1064_IEO_SAD_MD.wav,257,150,326,0.058,43.58,21.5,5138,SAD (Sadness)
1064_IEO_SAD_HI.wav,214,155,341,0.0628,46.68,23.31,5202,SAD (Sadness)
1064_IOM_NEU_XX.wav,576,155,341,0.0609,43.72,22.31,62783,NEU (Neutral)
1064_IOM_HAP_XX.wav,907,158,341,0.0622,42.95,24.82,233561,HAP (Happy)
1064_IOM_SAD_XX.wav,243,161,338,0.0517,45.31,19.69,3408,SAD (Sadness)
1064_IOM_FEA_XX.wav,1433,190,337,0.0623,30.33,25.61,372391,FEA (Fear)
1064_IOM_ANG_XX.wav,3121,190,334,0.0968,31.11,24.44,7430680,ANG (Angry)
1064_ITH_ANG_XX.wav,1378,170,329,0.0916,29.21,37.9,1439148,ANG (Angry)
1064_IOM_DIS_XX.wav,419,172,343,0.0657,52.24,19.69,54686,DIS (Disgust)
1064_ITS_FEA_XX.wav,2484,183,257,0.0816,25.99,37.39,2892436,FEA (Fear)
1064_ITH_HAP_XX.wav,587,180,346,0.0605,41.51,33.69,70037,HAP (Happy)
1064_ITS_ANG_XX.wav,1903,181,343,0.093,33.32,34.32,2418724,ANG (Angry)
1064_ITH_SAD_XX.wav,277,162,342,0.0542,54.22,23.88,7441,SAD (Sadness)
1064_ITH_NEU_XX.wav,500,153,342,0.0653,46.57,27.51,86502,NEU (Neutral)
1064_ITS_NEU_XX.wav,598,162,331,0.0783,43.62,28.17,89321,NEU (Neutral)
1064_ITS_HAP_XX.wav,1418,194,343,0.0721,30.65,36.44,366680,HAP (Happy)
1064_ITH_DIS_XX.wav,275,157,341,0.0654,46.7,25.34,15983,DIS (Disgust)
1064_ITH_FEA_XX.wav,1069,171,338,0.0688,32.55,33.99,382942,FEA (Fear)
1064_ITS_DIS_XX.wav,530,182,339,0.1146,37.68,32.62,176338,DIS (Disgust)
1064_ITS_SAD_XX.wav,358,170,343,0.0677,39.09,28.23,12532,SAD (Sadness)
1064_IWL_HAP_XX.wav,332,149,347,0.0505,43.15,23.67,8765,HAP (Happy)
1064_IWL_NEU_XX.wav,628,164,339,0.0621,49.4,24.95,86355,NEU (Neutral)
1064_IWW_FEA_XX.wav,639,149,336,0.0905,29.04,25.36,49862,FEA (Fear)
1064_IWW_ANG_XX.wav,2219,187,323,0.0868,31.39,30.8,3415605,ANG (Angry)
1064_IWL_SAD_XX.wav,362,153,344,0.0533,46.25,23.21,13242,SAD (Sadness)
1064_IWL_ANG_XX.wav,499,167,314,0.0687,45.87,26.76,103292,ANG (Angry)
1064_IWL_DIS_XX.wav,643,179,345,0.0684,46.91,25.77,169912,DIS (Disgust)
1064_IWW_NEU_XX.wav,475,155,345,0.076,42.43,28.58,34204,NEU (Neutral)
1064_IWW_DIS_XX.wav,536,173,342,0.0764,44.58,29.27,95440,DIS (Disgust)
1064_IWL_FEA_XX.wav,520,154,347,0.063,41.92,26.76,61369,FEA (Fear)
1064_IWW_HAP_XX.wav,305,149,343,0.0536,36.02,24.04,7557,HAP (Happy)
1064_MTI_NEU_XX.wav,675,185,331,0.0605,37.4,25.77,71275,NEU (Neutral)
1064_MTI_HAP_XX.wav,757,188,340,0.0559,28.38,24.45,72966,HAP (Happy)
1064_IWW_SAD_XX.wav,431,155,345,0.0623,40.64,23.55,25013,SAD (Sadness)
1064_MTI_FEA_XX.wav,1046,193,346,0.0557,27.78,30.44,159544,FEA (Fear)
1064_MTI_DIS_XX.wav,421,164,341,0.06,52.23,23.97,55613,DIS (Disgust)
1064_MTI_SAD_XX.wav,231,146,344,0.0513,56.94,20.57,2882,SAD (Sadness)
1064_TAI_NEU_XX.wav,541,157,339,0.0754,40.19,24.34,53153,NEU (Neutral)
1064_MTI_ANG_XX.wav,1299,180,339,0.0684,35.61,29.17,503844,ANG (Angry)
1064_TAI_HAP_XX.wav,689,160,253,0.0723,29.44,28.89,110898,HAP (Happy)
1064_TAI_FEA_XX.wav,1637,194,342,0.1116,34.92,27.88,1030563,FEA (Fear)
1064_TIE_ANG_XX.wav,2902,191,338,0.1159,27.22,30.61,8736376,ANG (Angry)
1064_TAI_ANG_XX.wav,2055,180,337,0.1062,29.66,30.08,2291493,ANG (Angry)
1064_TAI_DIS_XX.wav,1147,183,338,0.0826,31.63,25.09,395106,DIS (Disgust)
1064_TAI_SAD_XX.wav,358,151,340,0.0711,46.63,23.56,29908,SAD (Sadness)
1064_TIE_FEA_XX.wav,1444,173,345,0.0792,31.99,31.66,1205033,FEA (Fear)
1064_TSI_ANG_XX.wav,1867,195,327,0.1671,32.68,36.14,2992121,ANG (Angry)
1064_TIE_SAD_XX.wav,429,155,340,0.0615,38.21,27.56,55643,SAD (Sadness)
1064_TSI_NEU_XX.wav,558,170,338,0.126,38.34,31.94,77571,NEU (Neutral)
1064_TIE_DIS_XX.wav,847,161,339,0.094,45.53,30.17,696051,DIS (Disgust)
1064_TIE_NEU_XX.wav,337,140,346,0.0666,43.02,23.88,23655,NEU (Neutral)
1064_TSI_FEA_XX.wav,1600,211,338,0.1516,23.87,35.72,1166289,FEA (Fear)
1064_TSI_DIS_XX.wav,368,160,341,0.1338,38.66,24.41,37245,DIS (Disgust)
1064_TIE_HAP_XX.wav,697,184,340,0.0664,33.04,37.7,177617,HAP (Happy)
1064_TSI_HAP_XX.wav,617,173,340,0.1031,37.92,30.06,93479,HAP (Happy)
1064_WSI_FEA_XX.wav,1904,198,345,0.1067,26.75,32.35,1203043,FEA (Fear)
1064_TSI_SAD_XX.wav,260,158,336,0.0905,45.73,22.97,9220,SAD (Sadness)
1064_WSI_NEU_XX.wav,745,167,338,0.1051,44.28,28.24,282991,NEU (Neutral)
1065_DFA_DIS_XX.wav,531,154,346,0.0763,43.92,40.52,102319,DIS (Disgust)
1064_WSI_ANG_XX.wav,3785,216,339,0.1728,25.98,33.58,12488272,ANG (Angry)
1065_DFA_ANG_XX.wav,2182,189,340,0.0869,32.99,38.94,3899077,ANG (Angry)
1064_WSI_SAD_XX.wav,263,163,332,0.0805,39.72,24.71,10713,SAD (Sadness)
1064_WSI_DIS_XX.wav,445,181,333,0.1155,39.72,28.23,71601,DIS (Disgust)
1065_DFA_HAP_XX.wav,672,162,310,0.0669,42.92,31.97,185947,HAP (Happy)
1064_WSI_HAP_XX.wav,400,166,341,0.0831,44.32,31.37,46188,HAP (Happy)
1065_DFA_NEU_XX.wav,423,151,344,0.0624,48.7,32.89,42259,NEU (Neutral)
1065_DFA_FEA_XX.wav,471,157,340,0.0628,33.53,32.03,71394,FEA (Fear)
1065_IEO_DIS_HI.wav,454,149,228,0.0851,40.72,26.51,88582,DIS (Disgust)
1065_IEO_DIS_LO.wav,263,169,323,0.0665,45.52,27.97,9604,DIS (Disgust)
1065_DFA_SAD_XX.wav,293,146,305,0.0609,41.57,28.13,13929,SAD (Sadness)
1065_IEO_ANG_HI.wav,4415,236,310,0.1348,23.88,31.73,24282663,ANG (Angry)
1065_IEO_ANG_MD.wav,1322,175,345,0.0883,39.32,38.22,1105853,ANG (Angry)
1065_IEO_ANG_LO.wav,621,160,337,0.0782,41.68,28.46,157063,ANG (Angry)
1065_IEO_FEA_LO.wav,276,141,345,0.0606,51.21,26.84,12076,FEA (Fear)
1065_IEO_DIS_MD.wav,326,173,335,0.0728,48.02,24.84,31186,DIS (Disgust)
1065_IEO_FEA_HI.wav,487,161,328,0.0692,48.86,27.89,98939,FEA (Fear)
1065_IEO_HAP_LO.wav,309,154,342,0.0593,51.63,26.29,14760,HAP (Happy)
1065_IEO_FEA_MD.wav,275,145,346,0.0646,45.3,24.17,10884,FEA (Fear)
1065_IEO_HAP_HI.wav,271,159,240,0.0712,39.19,24.61,8006,HAP (Happy)
1065_IEO_NEU_XX.wav,310,146,343,0.0661,45.75,25.27,17043,NEU (Neutral)
1065_IEO_HAP_MD.wav,385,157,334,0.0935,49.78,27.48,40882,HAP (Happy)
1065_IEO_SAD_MD.wav,229,169,339,0.0529,44.17,21.84,4346,SAD (Sadness)
1065_IEO_SAD_LO.wav,226,152,277,0.065,47.29,21.11,4275,SAD (Sadness)
1065_IOM_DIS_XX.wav,895,156,273,0.061,36.59,22.01,170471,DIS (Disgust)
1065_IEO_SAD_HI.wav,211,160,338,0.0581,51.14,21.39,3138,SAD (Sadness)
1065_IOM_ANG_XX.wav,2907,190,341,0.0768,33.17,31.94,4936713,ANG (Angry)
1065_IOM_FEA_XX.wav,544,155,338,0.056,48.51,21.81,76943,FEA (Fear)
1065_IOM_HAP_XX.wav,643,152,337,0.0604,41.26,20.84,130397,HAP (Happy)
1065_IOM_SAD_XX.wav,368,157,315,0.0503,42.36,20.53,16993,SAD (Sadness)
1065_IOM_NEU_XX.wav,392,171,342,0.0552,39.52,27.28,25098,NEU (Neutral)
1065_ITH_DIS_XX.wav,377,154,329,0.0685,36.4,27.08,21281,DIS (Disgust)
1065_ITH_ANG_XX.wav,2358,183,333,0.0875,32.46,38.74,2992778,ANG (Angry)
1065_ITH_FEA_XX.wav,322,144,344,0.055,42.32,29.99,19696,FEA (Fear)
1065_ITS_ANG_XX.wav,1557,187,343,0.0958,31.92,39.4,997255,ANG (Angry)
1065_ITH_HAP_XX.wav,1108,167,343,0.0771,41.73,36.58,577922,HAP (Happy)
1065_ITH_SAD_XX.wav,336,147,343,0.0607,46.61,28.32,23042,SAD (Sadness)
1065_ITS_HAP_XX.wav,837,169,342,0.0902,45.22,37.53,164738,HAP (Happy)
1065_ITH_NEU_XX.wav,420,159,339,0.0598,44.24,33.11,64445,NEU (Neutral)
1065_ITS_DIS_XX.wav,364,159,339,0.0824,45.92,25.76,22388,DIS (Disgust)
1065_ITS_FEA_XX.wav,324,160,337,0.0712,46.6,27.16,16655,FEA (Fear)
1065_ITS_NEU_XX.wav,404,149,336,0.0776,49.32,30.08,35915,NEU (Neutral)
1065_IWL_ANG_XX.wav,3211,197,320,0.0841,33.13,32.27,6272153,ANG (Angry)
1065_IWL_DIS_XX.wav,502,158,333,0.0647,43.76,25.22,47846,DIS (Disgust)
1065_ITS_SAD_XX.wav,299,154,345,0.0655,43.78,29.31,16210,SAD (Sadness)
1065_IWL_FEA_XX.wav,452,146,341,0.0564,42.29,25.11,34369,FEA (Fear)
1065_IWL_HAP_XX.wav,796,173,340,0.0758,43.22,29.0,136103,HAP (Happy)
1065_IWW_ANG_XX.wav,1931,204,339,0.0774,32.22,42.12,1674927,ANG (Angry)
1065_IWW_DIS_XX.wav,618,164,339,0.0686,47.06,29.82,146581,DIS (Disgust)
1065_IWW_FEA_XX.wav,440,148,344,0.0629,43.58,23.6,32516,FEA (Fear)
1065_IWW_HAP_XX.wav,952,177,313,0.0746,34.94,37.12,295272,HAP (Happy)
1065_IWL_NEU_XX.wav,441,152,340,0.0628,44.88,24.41,48573,NEU (Neutral)
1065_IWL_SAD_XX.wav,302,160,339,0.0506,41.3,19.34,8987,SAD (Sadness)
1065_IWW_NEU_XX.wav,454,166,337,0.0655,46.64,26.8,33215,NEU (Neutral)
1065_IWW_SAD_XX.wav,258,149,336,0.054,39.79,22.15,6096,SAD (Sadness)
1065_MTI_ANG_XX.wav,3166,184,337,0.0815,27.05,29.35,5133619,ANG (Angry)
1065_MTI_DIS_XX.wav,664,176,317,0.0682,34.96,22.68,129483,DIS (Disgust)
1065_MTI_HAP_XX.wav,982,185,337,0.0679,39.99,23.81,280873,HAP (Happy)
1065_MTI_NEU_XX.wav,456,167,333,0.0573,48.25,23.38,42416,NEU (Neutral)
1065_TAI_ANG_XX.wav,2939,199,345,0.1011,30.84,31.37,4615886,ANG (Angry)
1065_MTI_SAD_XX.wav,400,147,240,0.0579,48.02,26.11,24610,SAD (Sadness)
1065_TAI_FEA_XX.wav,625,166,340,0.0733,40.68,32.91,123446,FEA (Fear)
1065_MTI_FEA_XX.wav,419,152,292,0.0542,37.58,23.82,41338,FEA (Fear)
1065_TAI_DIS_XX.wav,540,171,337,0.0849,45.02,26.6,87312,DIS (Disgust)
1065_TAI_SAD_XX.wav,359,157,347,0.068,40.71,25.8,21663,SAD (Sadness)
1065_TAI_HAP_XX.wav,894,162,337,0.0826,37.32,32.69,257590,HAP (Happy)
1065_TAI_NEU_XX.wav,464,156,342,0.0758,41.9,26.18,52303,NEU (Neutral)
1065_TIE_ANG_XX.wav,2505,200,307,0.108,28.94,32.23,6912735,ANG (Angry)
1065_TIE_DIS_XX.wav,364,151,345,0.0874,37.14,24.45,39251,DIS (Disgust)
1065_TIE_FEA_XX.wav,312,158,345,0.0596,53.55,26.45,17068,FEA (Fear)
1065_TIE_SAD_XX.wav,273,154,223,0.0564,41.33,23.11,6089,SAD (Sadness)
1065_TSI_ANG_XX.wav,1843,195,333,0.148,32.81,42.3,2820037,ANG (Angry)
1065_TIE_NEU_XX.wav,392,151,340,0.0663,44.89,25.92,35631,NEU (Neutral)
1065_TSI_DIS_XX.wav,399,169,326,0.1456,38.32,28.35,69675,DIS (Disgust)
1065_TSI_HAP_XX.wav,607,169,335,0.1252,38.34,41.49,155025,HAP (Happy)
1065_TSI_NEU_XX.wav,352,163,333,0.1343,39.57,26.65,30763,NEU (Neutral)
1065_TIE_HAP_XX.wav,690,164,337,0.0756,45.76,32.35,173792,HAP (Happy)
1065_TSI_FEA_XX.wav,298,164,315,0.0984,37.45,26.52,26783,FEA (Fear)
1065_WSI_ANG_XX.wav,2283,175,274,0.1211,27.8,43.1,3602612,ANG (Angry)
1065_WSI_DIS_XX.wav,494,160,314,0.098,36.05,29.82,59101,DIS (Disgust)
1065_WSI_HAP_XX.wav,1150,172,317,0.104,37.47,39.61,442726,HAP (Happy)
1065_TSI_SAD_XX.wav,235,154,340,0.0835,53.14,25.56,12121,SAD (Sadness)
1065_WSI_FEA_XX.wav,466,163,344,0.0824,47.63,34.1,66748,FEA (Fear)
1066_DFA_ANG_XX.wav,2119,218,345,0.0883,23.5,29.57,2855843,ANG (Angry)
1065_WSI_SAD_XX.wav,375,158,269,0.0751,39.41,29.46,27771,SAD (Sadness)
1066_DFA_HAP_XX.wav,670,160,332,0.0683,32.59,36.31,174822,HAP (Happy)
1066_DFA_NEU_XX.wav,350,168,337,0.0598,53.55,29.5,18592,NEU (Neutral)
1065_WSI_NEU_XX.wav,397,158,340,0.08,41.3,28.32,38948,NEU (Neutral)
1066_DFA_DIS_XX.wav,291,165,331,0.064,50.14,26.59,13469,DIS (Disgust)
1066_IEO_ANG_LO.wav,685,159,330,0.0823,49.37,29.34,130950,ANG (Angry)
1066_DFA_FEA_XX.wav,309,146,338,0.065,40.64,26.16,25728,FEA (Fear)
1066_IEO_ANG_HI.wav,5466,239,300,0.1203,17.13,27.55,15827090,ANG (Angry)
1066_DFA_SAD_XX.wav,243,152,335,0.0676,37.33,24.2,6150,SAD (Sadness)
1066_IEO_ANG_MD.wav,737,167,334,0.0878,32.92,28.31,151745,ANG (Angry)
1066_IEO_DIS_HI.wav,489,179,339,0.0997,36.26,27.08,68086,DIS (Disgust)
1066_IEO_DIS_LO.wav,256,151,292,0.056,44.31,25.98,7508,DIS (Disgust)
1066_IEO_HAP_LO.wav,422,160,337,0.0743,48.26,32.36,41059,HAP (Happy)
1066_IEO_HAP_HI.wav,1243,179,345,0.0879,55.46,38.55,608673,HAP (Happy)
1066_IEO_FEA_LO.wav,301,160,343,0.0623,45.26,28.83,14789,FEA (Fear)
1066_IEO_DIS_MD.wav,1142,176,276,0.0842,32.04,27.92,619515,DIS (Disgust)
1066_IEO_HAP_MD.wav,488,162,327,0.0723,37.45,29.91,55648,HAP (Happy)
1066_IEO_FEA_MD.wav,283,143,339,0.0513,46.39,24.61,9270,FEA (Fear)
1066_IEO_FEA_HI.wav,1278,174,342,0.0836,35.43,28.31,1208367,FEA (Fear)
1066_IEO_NEU_XX.wav,396,160,336,0.0611,45.15,27.75,39103,NEU (Neutral)
1066_IEO_SAD_HI.wav,263,154,331,0.054,48.63,21.28,7400,SAD (Sadness)
1066_IEO_SAD_MD.wav,259,161,331,0.061,43.23,24.38,7913,SAD (Sadness)
1066_IEO_SAD_LO.wav,304,158,342,0.0563,44.23,25.52,13650,SAD (Sadness)
1066_IOM_SAD_XX.wav,439,127,343,0.0531,37.56,17.4,21628,SAD (Sadness)
1066_IOM_HAP_XX.wav,682,156,323,0.0603,36.82,21.46,91786,HAP (Happy)
1066_IOM_FEA_XX.wav,334,152,335,0.0492,39.45,21.35,8958,FEA (Fear)
1066_IOM_ANG_XX.wav,2089,186,338,0.0683,25.43,31.71,1430985,ANG (Angry)
1066_IOM_DIS_XX.wav,339,147,334,0.05,42.63,18.91,11870,DIS (Disgust)
1066_IOM_NEU_XX.wav,410,161,337,0.0581,41.78,21.53,27813,NEU (Neutral)
1066_ITH_ANG_XX.wav,599,172,339,0.0701,43.85,34.43,120974,ANG (Angry)
1066_ITH_FEA_XX.wav,291,139,228,0.0593,40.83,23.78,11653,FEA (Fear)
1066_ITH_HAP_XX.wav,731,179,344,0.0723,31.74,42.34,155154,HAP (Happy)
1066_ITH_DIS_XX.wav,335,164,339,0.0715,48.58,28.86,35990,DIS (Disgust)
1066_ITH_NEU_XX.wav,464,167,335,0.0658,57.96,31.43,41395,NEU (Neutral)
1066_ITS_ANG_XX.wav,611,170,342,0.1046,37.4,28.6,109342,ANG (Angry)
1066_ITH_SAD_XX.wav,284,153,344,0.0658,49.43,23.97,20378,SAD (Sadness)
1066_ITS_HAP_XX.wav,537,176,341,0.0942,32.32,35.76,71475,HAP (Happy)
1066_ITS_NEU_XX.wav,334,162,339,0.0762,50.18,25.61,17081,NEU (Neutral)
1066_ITS_SAD_XX.wav,295,156,341,0.0758,46.63,23.61,11237,SAD (Sadness)
1066_IWL_ANG_XX.wav,2744,185,316,0.0784,27.48,28.16,2565324,ANG (Angry)
1066_ITS_DIS_XX.wav,421,167,336,0.073,43.54,33.93,46474,DIS (Disgust)
1066_IWL_FEA_XX.wav,421,150,340,0.0609,41.27,24.79,39105,FEA (Fear)
1066_IWL_DIS_XX.wav,387,152,344,0.0599,46.97,24.49,25528,DIS (Disgust)
1066_IWL_NEU_XX.wav,518,153,332,0.0632,45.92,25.17,51380,NEU (Neutral)
1066_IWL_HAP_XX.wav,574,165,343,0.0619,43.93,28.69,50718,HAP (Happy)
1066_ITS_FEA_XX.wav,323,152,338,0.0774,51.01,27.61,21479,FEA (Fear)
1066_IWL_SAD_XX.wav,326,149,335,0.0533,43.72,21.45,12543,SAD (Sadness)
1066_IWW_ANG_XX.wav,833,178,337,0.0773,51.36,36.52,192985,ANG (Angry)
1066_IWW_NEU_XX.wav,442,150,338,0.0658,44.67,27.75,30009,NEU (Neutral)
1066_IWW_DIS_XX.wav,508,165,342,0.0838,49.01,25.1,60907,DIS (Disgust)
1066_IWW_FEA_XX.wav,351,150,319,0.0673,47.86,27.41,24001,FEA (Fear)
1066_IWW_SAD_XX.wav,253,148,339,0.0735,43.66,23.91,7091,SAD (Sadness)
1066_IWW_HAP_XX.wav,628,169,338,0.0651,36.96,31.19,81322,HAP (Happy)
1066_MTI_ANG_XX.wav,2717,190,340,0.0759,34.42,34.74,2845966,ANG (Angry)
1066_MTI_DIS_XX.wav,609,162,339,0.073,43.27,29.85,73908,DIS (Disgust)
1066_MTI_HAP_XX.wav,962,184,330,0.0673,37.25,28.62,202113,HAP (Happy)
1066_MTI_NEU_XX.wav,416,165,329,0.0616,46.29,26.99,33441,NEU (Neutral)
1066_MTI_FEA_XX.wav,473,151,289,0.0684,39.55,24.29,51378,FEA (Fear)
1066_MTI_SAD_XX.wav,380,144,334,0.0627,39.53,22.14,25655,SAD (Sadness)
1066_TAI_HAP_XX.wav,564,169,338,0.0723,49.73,32.58,56264,HAP (Happy)
1066_TAI_DIS_XX.wav,443,156,341,0.0984,39.85,23.03,33611,DIS (Disgust)
1066_TAI_NEU_XX.wav,483,151,341,0.076,36.95,21.78,40545,NEU (Neutral)
1066_TAI_FEA_XX.wav,408,162,338,0.0823,33.3,25.16,22530,FEA (Fear)
1066_TAI_ANG_XX.wav,2220,205,337,0.0952,30.31,32.58,1629783,ANG (Angry)
1066_TAI_SAD_XX.wav,307,150,339,0.0635,49.55,24.9,12085,SAD (Sadness)
1066_TIE_ANG_XX.wav,1008,164,345,0.0696,41.4,37.12,645030,ANG (Angry)
1066_TIE_HAP_XX.wav,495,164,345,0.0675,35.52,29.54,57430,HAP (Happy)
1066_TIE_FEA_XX.wav,396,156,339,0.0671,41.69,28.14,34568,FEA (Fear)
1066_TSI_ANG_XX.wav,1320,212,336,0.188,33.99,31.92,1044574,ANG (Angry)
1066_TSI_FEA_XX.wav,480,159,343,0.1717,38.58,29.38,95378,FEA (Fear)
1066_TIE_NEU_XX.wav,365,163,334,0.0628,47.41,24.33,31539,NEU (Neutral)
1066_TIE_DIS_XX.wav,487,146,332,0.0669,45.42,27.65,72939,DIS (Disgust)
1066_TIE_SAD_XX.wav,297,153,344,0.0546,42.6,21.47,12633,SAD (Sadness)
1066_TSI_DIS_XX.wav,527,183,345,0.1902,42.48,26.59,204237,DIS (Disgust)
1066_TSI_HAP_XX.wav,1099,214,340,0.2177,31.33,37.53,557083,HAP (Happy)
1066_TSI_NEU_XX.wav,380,149,341,0.1224,42.1,29.65,41265,NEU (Neutral)
1066_TSI_SAD_XX.wav,264,160,344,0.134,46.52,22.39,18672,SAD (Sadness)
1066_WSI_DIS_XX.wav,480,163,345,0.1248,32.12,32.55,162870,DIS (Disgust)
1067_DFA_ANG_XX.wav,1731,197,318,0.076,17.58,31.62,745976,ANG (Angry)
1066_WSI_NEU_XX.wav,538,161,343,0.1018,43.41,29.75,94435,NEU (Neutral)
1067_DFA_FEA_XX.wav,881,178,340,0.058,26.0,31.62,147006,FEA (Fear)
1067_DFA_HAP_XX.wav,686,178,245,0.0583,21.48,26.37,68063,HAP (Happy)
1066_WSI_FEA_XX.wav,356,144,283,0.0983,32.87,27.93,35040,FEA (Fear)
1066_WSI_HAP_XX.wav,788,179,346,0.1014,33.2,32.48,161443,HAP (Happy)
1066_WSI_ANG_XX.wav,2501,189,322,0.1541,17.92,31.64,4052593,ANG (Angry)
1067_DFA_NEU_XX.wav,513,158,333,0.058,35.76,30.33,45337,NEU (Neutral)
1067_DFA_DIS_XX.wav,366,151,260,0.0806,35.75,27.11,22881,DIS (Disgust)
1067_DFA_SAD_XX.wav,516,151,274,0.0584,23.5,27.5,42553,SAD (Sadness)
1067_IEO_ANG_LO.wav,1062,199,327,0.075,20.57,26.4,194230,ANG (Angry)
1066_WSI_SAD_XX.wav,298,153,346,0.0761,41.88,25.64,16860,SAD (Sadness)
1067_IEO_ANG_MD.wav,925,178,339,0.0736,34.25,28.08,206456,ANG (Angry)
1067_IEO_DIS_MD.wav,1083,168,309,0.0721,26.61,23.32,223418,DIS (Disgust)
1067_IEO_HAP_HI.wav,3446,313,331,0.0926,8.1,25.87,3020743,HAP (Happy)
1067_IEO_HAP_LO.wav,465,180,344,0.0679,27.71,24.91,22094,HAP (Happy)
1067_IEO_FEA_LO.wav,460,148,257,0.0766,35.43,23.6,31863,FEA (Fear)
1067_IEO_DIS_LO.wav,461,152,300,0.0808,38.3,23.71,31848,DIS (Disgust)
1067_IEO_FEA_HI.wav,1638,216,340,0.0801,23.07,34.25,890922,FEA (Fear)
1067_IEO_DIS_HI.wav,1411,192,330,0.0898,25.31,29.35,819969,DIS (Disgust)
1067_IEO_ANG_HI.wav,5597,253,346,0.0949,14.45,23.2,17986309,ANG (Angry)
1067_IEO_NEU_XX.wav,516,160,342,0.0686,40.45,29.13,41967,NEU (Neutral)
1067_IEO_HAP_MD.wav,400,168,340,0.0776,36.08,27.93,21034,HAP (Happy)
1067_IEO_FEA_MD.wav,506,177,330,0.0774,35.33,21.71,57832,FEA (Fear)
1067_IEO_SAD_HI.wav,275,162,345,0.0663,46.73,24.22,9794,SAD (Sadness)
1067_IOM_NEU_XX.wav,710,160,219,0.0492,22.76,16.36,53490,NEU (Neutral)
1067_IEO_SAD_MD.wav,344,160,337,0.0659,37.45,25.78,14636,SAD (Sadness)
1067_IEO_SAD_LO.wav,280,151,341,0.0628,39.01,24.51,9357,SAD (Sadness)
1067_IOM_HAP_XX.wav,655,185,339,0.0455,35.83,26.76,40207,HAP (Happy)
1067_IOM_ANG_XX.wav,2235,203,286,0.0636,14.84,27.82,855283,ANG (Angry)
1067_IOM_FEA_XX.wav,781,174,324,0.0495,31.53,21.37,71121,FEA (Fear)
1067_IOM_SAD_XX.wav,450,170,329,0.0536,38.84,20.66,15031,SAD (Sadness)
1067_ITH_FEA_XX.wav,403,160,307,0.0625,34.06,24.59,20981,FEA (Fear)
1067_ITH_ANG_XX.wav,1008,167,343,0.0848,28.79,31.54,227174,ANG (Angry)
1067_IOM_DIS_XX.wav,710,163,347,0.0535,28.21,20.08,58618,DIS (Disgust)
1067_ITH_DIS_XX.wav,275,156,305,0.0681,40.4,25.16,7350,DIS (Disgust)
1067_ITH_HAP_XX.wav,774,178,338,0.0657,31.08,29.46,99601,HAP (Happy)
1067_ITS_ANG_XX.wav,1645,200,344,0.0983,19.39,33.08,432288,ANG (Angry)
1067_ITH_NEU_XX.wav,523,161,331,0.0618,34.07,29.98,45727,NEU (Neutral)
1067_ITH_SAD_XX.wav,365,147,311,0.0694,33.3,23.3,17736,SAD (Sadness)
1067_ITS_FEA_XX.wav,458,155,323,0.0935,32.07,27.32,28273,FEA (Fear)
1067_ITS_NEU_XX.wav,500,173,341,0.0808,28.12,28.64,46510,NEU (Neutral)
1067_ITS_DIS_XX.wav,412,161,341,0.0991,35.89,23.78,26725,DIS (Disgust)
1067_IWL_HAP_XX.wav,657,164,317,0.0601,25.56,24.12,59542,HAP (Happy)
1067_ITS_SAD_XX.wav,412,167,341,0.0759,43.79,28.76,28721,SAD (Sadness)
1067_ITS_HAP_XX.wav,424,175,345,0.0855,31.61,22.13,22128,HAP (Happy)
1067_IWL_NEU_XX.wav,738,157,316,0.0544,28.12,20.29,60772,NEU (Neutral)
1067_IWL_FEA_XX.wav,591,162,333,0.0546,26.36,26.25,26326,FEA (Fear)
1067_IWL_SAD_XX.wav,809,150,276,0.0551,21.99,19.81,100163,SAD (Sadness)
1067_IWW_ANG_XX.wav,473,160,340,0.066,32.23,25.14,22225,ANG (Angry)
1067_IWL_DIS_XX.wav,831,167,343,0.0619,42.02,24.46,128044,DIS (Disgust)
1067_IWL_ANG_XX.wav,2407,189,306,0.066,20.01,22.14,1249586,ANG (Angry)
1067_IWW_HAP_XX.wav,667,192,314,0.0647,28.45,28.19,48009,HAP (Happy)
1067_IWW_FEA_XX.wav,537,177,246,0.0548,28.58,26.22,21341,FEA (Fear)
1067_IWW_DIS_XX.wav,767,164,338,0.0672,34.37,24.37,96212,DIS (Disgust)
1067_IWW_NEU_XX.wav,668,179,339,0.062,32.39,25.06,52775,NEU (Neutral)
1067_MTI_FEA_XX.wav,1682,207,338,0.0525,28.34,31.62,322439,FEA (Fear)
1067_MTI_ANG_XX.wav,2277,212,336,0.0667,24.05,31.63,909072,ANG (Angry)
1067_MTI_DIS_XX.wav,1326,184,300,0.0629,23.87,25.78,325444,DIS (Disgust)
1067_MTI_HAP_XX.wav,754,174,342,0.0501,33.02,23.21,54147,HAP (Happy)
1067_MTI_NEU_XX.wav,792,162,320,0.0527,26.47,22.82,80493,NEU (Neutral)
1067_IWW_SAD_XX.wav,1774,215,285,0.0947,22.38,31.9,708308,SAD (Sadness)
1067_MTI_SAD_XX.wav,516,157,280,0.0572,29.78,25.11,27541,SAD (Sadness)
1067_TAI_HAP_XX.wav,675,160,240,0.0636,30.62,21.8,50683,HAP (Happy)
1067_TAI_NEU_XX.wav,765,175,329,0.0559,33.99,26.68,67611,NEU (Neutral)
1067_TAI_FEA_XX.wav,1068,193,340,0.0681,30.0,30.8,159802,FEA (Fear)
1067_TAI_DIS_XX.wav,1856,193,335,0.1004,28.2,27.62,927518,DIS (Disgust)
1067_TAI_SAD_XX.wav,438,156,337,0.0672,36.82,21.48,18617,SAD (Sadness)
1067_TIE_DIS_XX.wav,389,156,342,0.0642,39.75,22.06,24864,DIS (Disgust)
1067_TIE_FEA_XX.wav,690,173,338,0.068,34.34,32.75,77714,FEA (Fear)
1067_TAI_ANG_XX.wav,2326,197,342,0.0897,22.23,28.52,1341386,ANG (Angry)
1067_TIE_HAP_XX.wav,405,156,282,0.0561,29.42,24.6,14361,HAP (Happy)
1067_TIE_ANG_XX.wav,849,167,277,0.0832,22.89,26.57,233361,ANG (Angry)
1067_TIE_NEU_XX.wav,670,164,254,0.0649,21.44,30.89,104105,NEU (Neutral)
1067_TSI_ANG_XX.wav,2090,203,298,0.1419,24.9,35.82,1854532,ANG (Angry)
1067_TIE_SAD_XX.wav,381,144,346,0.0666,35.07,22.4,31733,SAD (Sadness)
1067_TSI_NEU_XX.wav,609,185,312,0.1412,25.77,27.89,121787,NEU (Neutral)
1067_TSI_FEA_XX.wav,614,167,260,0.1238,31.37,32.6,122014,FEA (Fear)
1067_TSI_DIS_XX.wav,414,152,291,0.1505,34.96,29.89,62502,DIS (Disgust)
1067_TSI_HAP_XX.wav,646,175,218,0.1048,26.54,34.7,105742,HAP (Happy)
1067_WSI_FEA_XX.wav,1007,215,322,0.0953,20.24,35.49,139627,FEA (Fear)
1067_TSI_SAD_XX.wav,693,177,215,0.095,29.19,27.99,134703,SAD (Sadness)
1068_DFA_ANG_XX.wav,3457,202,320,0.1141,25.75,35.23,8734041,ANG (Angry)
1067_WSI_DIS_XX.wav,356,169,348,0.0839,32.92,28.16,18968,DIS (Disgust)
1067_WSI_NEU_XX.wav,549,164,313,0.0731,28.29,30.09,49580,NEU (Neutral)
1067_WSI_ANG_XX.wav,2795,207,336,0.1205,20.95,29.47,2655129,ANG (Angry)
1068_DFA_DIS_XX.wav,427,159,341,0.0627,50.97,31.14,55051,DIS (Disgust)
1067_WSI_SAD_XX.wav,524,170,341,0.0924,34.15,27.02,67760,SAD (Sadness)
1068_DFA_NEU_XX.wav,525,164,290,0.0717,44.22,30.25,66749,NEU (Neutral)
1067_WSI_HAP_XX.wav,869,180,343,0.0847,30.25,30.22,115865,HAP (Happy)
1068_DFA_FEA_XX.wav,348,160,343,0.0607,34.22,28.57,18614,FEA (Fear)
1068_DFA_HAP_XX.wav,930,154,318,0.0823,33.17,30.4,768297,HAP (Happy)
1068_IEO_ANG_LO.wav,1344,174,342,0.0732,42.58,30.93,1325150,ANG (Angry)
1068_DFA_SAD_XX.wav,241,149,284,0.0506,43.12,22.77,4760,SAD (Sadness)
1068_IEO_ANG_HI.wav,4606,209,339,0.0998,33.29,25.44,21840792,ANG (Angry)
1068_IEO_DIS_LO.wav,233,144,260,0.0731,43.1,21.98,7508,DIS (Disgust)
1068_IEO_ANG_MD.wav,3584,207,341,0.0908,28.22,33.86,10781307,ANG (Angry)
1068_IEO_DIS_HI.wav,2223,167,329,0.1135,28.54,27.04,4556169,DIS (Disgust)
1068_IEO_FEA_HI.wav,710,168,343,0.103,39.82,31.69,225259,FEA (Fear)
1068_IEO_DIS_MD.wav,541,167,344,0.0839,38.8,27.0,149641,DIS (Disgust)
1068_IEO_HAP_HI.wav,2119,179,330,0.1093,32.03,30.58,2953067,HAP (Happy)
1068_IEO_FEA_MD.wav,294,155,339,0.0594,47.58,24.07,18626,FEA (Fear)
1068_IEO_FEA_LO.wav,227,169,333,0.0517,37.89,22.0,3174,FEA (Fear)
1068_IEO_HAP_LO.wav,399,160,342,0.0581,49.7,28.33,56904,HAP (Happy)
1068_IEO_SAD_LO.wav,214,149,341,0.0464,45.76,21.96,1733,SAD (Sadness)
1068_IEO_NEU_XX.wav,307,166,339,0.0542,53.3,24.98,16921,NEU (Neutral)
1068_IEO_HAP_MD.wav,619,165,338,0.0806,36.89,24.55,207534,HAP (Happy)
1068_IOM_DIS_XX.wav,395,152,338,0.0608,40.39,23.29,29596,DIS (Disgust)
1068_IOM_ANG_XX.wav,1302,179,339,0.0672,35.41,23.62,618772,ANG (Angry)
1068_IEO_SAD_MD.wav,241,149,342,0.0505,41.86,21.97,4928,SAD (Sadness)
1068_IOM_FEA_XX.wav,319,149,342,0.0605,39.64,21.79,7614,FEA (Fear)
1068_IOM_HAP_XX.wav,1045,180,342,0.0668,35.02,21.02,347742,HAP (Happy)
1068_ITH_ANG_XX.wav,1695,177,336,0.0918,33.89,39.12,3011248,ANG (Angry)
1068_IOM_NEU_XX.wav,509,169,342,0.058,43.96,21.25,38561,NEU (Neutral)
1068_IEO_SAD_HI.wav,204,158,345,0.0576,44.42,21.36,4137,SAD (Sadness)
1068_IOM_SAD_XX.wav,302,159,343,0.0503,44.31,21.09,7235,SAD (Sadness)
1068_ITH_DIS_XX.wav,537,158,324,0.0688,47.56,35.39,172117,DIS (Disgust)
1068_ITH_HAP_XX.wav,417,180,336,0.0709,46.39,32.05,58186,HAP (Happy)
1068_ITH_NEU_XX.wav,347,170,345,0.0577,43.78,25.77,26110,NEU (Neutral)
1068_ITS_DIS_XX.wav,699,166,344,0.0793,47.53,26.5,135419,DIS (Disgust)
1068_ITS_FEA_XX.wav,331,148,343,0.0722,38.56,26.99,11862,FEA (Fear)
1068_ITH_SAD_XX.wav,221,149,344,0.0528,46.82,20.83,2875,SAD (Sadness)
1068_ITS_ANG_XX.wav,2460,192,335,0.0905,28.62,33.63,4024882,ANG (Angry)
1068_ITS_NEU_XX.wav,468,159,342,0.0803,42.38,29.76,43477,NEU (Neutral)
1068_ITS_SAD_XX.wav,210,169,337,0.0583,43.94,26.18,2505,SAD (Sadness)
1068_ITH_FEA_XX.wav,234,157,340,0.069,35.32,23.71,8873,FEA (Fear)
1068_IWL_DIS_XX.wav,542,172,340,0.0629,37.01,23.04,89184,DIS (Disgust)
1068_ITS_HAP_XX.wav,1066,174,346,0.0963,44.61,31.32,704536,HAP (Happy)
1068_IWL_ANG_XX.wav,2818,190,348,0.0764,33.31,25.16,4598442,ANG (Angry)
1068_IWL_HAP_XX.wav,493,155,335,0.0621,41.95,25.95,70428,HAP (Happy)
1068_IWL_NEU_XX.wav,453,143,341,0.0541,39.35,21.84,24653,NEU (Neutral)
1068_IWL_FEA_XX.wav,588,166,343,0.0755,41.75,22.61,69984,FEA (Fear)
1068_IWW_ANG_XX.wav,2112,179,340,0.0692,28.01,39.65,2503952,ANG (Angry)
1068_IWW_FEA_XX.wav,1019,163,342,0.0739,31.1,32.65,367705,FEA (Fear)
1068_IWW_DIS_XX.wav,498,177,317,0.0699,41.59,26.23,58769,DIS (Disgust)
1068_IWW_HAP_XX.wav,1640,174,338,0.0792,44.64,33.35,1394514,HAP (Happy)
1068_IWL_SAD_XX.wav,286,152,289,0.0503,44.48,24.1,7473,SAD (Sadness)
1068_MTI_ANG_XX.wav,2527,190,343,0.0721,34.42,25.02,2331992,ANG (Angry)
1068_IWW_SAD_XX.wav,291,150,339,0.0569,40.76,22.6,9508,SAD (Sadness)
1068_MTI_HAP_XX.wav,504,143,342,0.0603,39.96,25.87,44321,HAP (Happy)
1068_IWW_NEU_XX.wav,384,153,344,0.0641,47.77,27.76,20371,NEU (Neutral)
1068_MTI_DIS_XX.wav,850,173,338,0.0638,46.07,27.94,180487,DIS (Disgust)
1068_MTI_SAD_XX.wav,306,149,290,0.0525,43.19,23.27,8207,SAD (Sadness)
1068_MTI_NEU_XX.wav,491,168,344,0.0573,38.14,22.63,43719,NEU (Neutral)
1068_TAI_DIS_XX.wav,360,150,324,0.0831,38.33,22.32,20118,DIS (Disgust)
1068_MTI_FEA_XX.wav,511,160,345,0.0584,37.63,26.16,36569,FEA (Fear)
1068_TAI_ANG_XX.wav,1908,178,342,0.0862,33.7,29.15,1909845,ANG (Angry)
1068_TAI_HAP_XX.wav,1773,205,334,0.0785,26.37,25.82,1495370,HAP (Happy)
1068_TAI_FEA_XX.wav,311,158,334,0.0694,38.31,25.18,11775,FEA (Fear)
1068_TAI_NEU_XX.wav,497,168,330,0.0626,34.93,25.41,46119,NEU (Neutral)
1068_TIE_DIS_XX.wav,686,159,319,0.065,36.18,25.14,214865,DIS (Disgust)
1068_TIE_ANG_XX.wav,1423,179,342,0.0885,39.14,35.65,1521374,ANG (Angry)
1068_TSI_ANG_XX.wav,2485,197,343,0.1552,37.87,36.74,4383090,ANG (Angry)
1068_TIE_NEU_XX.wav,438,165,335,0.0605,48.14,29.08,53326,NEU (Neutral)
1068_TAI_SAD_XX.wav,320,149,323,0.0564,43.35,23.49,11175,SAD (Sadness)
1068_TIE_HAP_XX.wav,849,167,344,0.0837,36.48,30.89,1134558,HAP (Happy)
1068_TIE_FEA_XX.wav,693,157,336,0.0623,36.04,28.68,151644,FEA (Fear)
1068_TSI_DIS_XX.wav,881,175,340,0.1346,36.09,30.7,322650,DIS (Disgust)
1068_TSI_FEA_XX.wav,340,156,334,0.1061,39.64,29.21,27651,FEA (Fear)
1068_TIE_SAD_XX.wav,314,154,342,0.0532,44.11,23.65,10562,SAD (Sadness)
1068_TSI_HAP_XX.wav,900,171,337,0.1309,37.46,34.11,838635,HAP (Happy)
1068_TSI_NEU_XX.wav,301,162,303,0.0959,36.05,30.28,16788,NEU (Neutral)
1068_TSI_SAD_XX.wav,224,151,318,0.0893,45.51,25.54,7669,SAD (Sadness)
1068_WSI_DIS_XX.wav,862,201,273,0.1453,24.95,28.64,259012,DIS (Disgust)
1068_WSI_HAP_XX.wav,1081,174,344,0.097,36.86,33.74,885524,HAP (Happy)
1068_WSI_FEA_XX.wav,515,158,336,0.0892,36.26,26.32,110476,FEA (Fear)
1069_DFA_ANG_XX.wav,4047,197,341,0.0942,34.74,36.12,7140918,ANG (Angry)
1068_WSI_ANG_XX.wav,2353,188,339,0.1211,28.12,32.36,5777986,ANG (Angry)
1069_DFA_DIS_XX.wav,927,180,328,0.0841,46.08,30.03,310233,DIS (Disgust)
1069_DFA_HAP_XX.wav,2563,186,343,0.0712,39.09,40.23,2830481,HAP (Happy)
1068_WSI_NEU_XX.wav,437,158,339,0.0828,41.49,25.81,50571,NEU (Neutral)
1068_WSI_SAD_XX.wav,265,145,339,0.0633,38.08,26.56,5625,SAD (Sadness)
1069_DFA_FEA_XX.wav,560,180,337,0.0609,26.51,29.43,78794,FEA (Fear)
1069_DFA_SAD_XX.wav,476,170,345,0.0748,40.49,31.33,46718,SAD (Sadness)
1069_IEO_ANG_HI.wav,5485,210,341,0.1074,32.84,29.49,14847457,ANG (Angry)
1069_DFA_NEU_XX.wav,1325,178,337,0.0814,37.88,33.46,633480,NEU (Neutral)
1069_IEO_ANG_LO.wav,470,141,228,0.0838,33.95,25.2,40817,ANG (Angry)
1069_IEO_ANG_MD.wav,2804,192,341,0.0831,31.41,27.44,2674644,ANG (Angry)
1069_IEO_FEA_LO.wav,383,165,341,0.0725,38.62,21.42,20544,FEA (Fear)
1069_IEO_DIS_LO.wav,1010,195,341,0.0818,32.5,34.22,323098,DIS (Disgust)
1069_IEO_FEA_HI.wav,3722,209,338,0.1028,28.93,33.84,7473500,FEA (Fear)
1069_IEO_DIS_MD.wav,3874,202,344,0.1173,23.23,29.55,5131778,DIS (Disgust)
1069_IEO_HAP_MD.wav,2691,195,327,0.0778,32.56,32.61,3786618,HAP (Happy)
1069_IEO_HAP_HI.wav,3630,227,344,0.0777,26.04,33.45,6411494,HAP (Happy)
1069_IEO_FEA_MD.wav,837,165,340,0.0729,43.2,27.68,261483,FEA (Fear)
1069_IEO_DIS_HI.wav,2759,180,343,0.1029,34.67,34.95,4416259,DIS (Disgust)
1069_IEO_NEU_XX.wav,715,174,342,0.0641,43.59,35.19,175365,NEU (Neutral)
1069_IEO_HAP_LO.wav,991,170,320,0.0655,33.31,31.95,393024,HAP (Happy)
1069_IEO_SAD_LO.wav,285,151,343,0.0625,44.09,22.33,8396,SAD (Sadness)
1069_IEO_SAD_HI.wav,731,170,344,0.0802,43.53,35.07,214866,SAD (Sadness)
1069_IEO_SAD_MD.wav,410,161,339,0.07,35.54,23.46,33634,SAD (Sadness)
1069_IOM_ANG_XX.wav,4259,203,337,0.0629,20.37,33.05,4956388,ANG (Angry)
1069_IOM_DIS_XX.wav,318,124,337,0.0486,39.5,21.96,5807,DIS (Disgust)
1069_IOM_FEA_XX.wav,481,137,332,0.0513,31.69,20.43,16723,FEA (Fear)
1069_IOM_HAP_XX.wav,2301,184,311,0.0631,32.75,27.18,1564282,HAP (Happy)
1069_IOM_NEU_XX.wav,1430,193,341,0.0593,37.89,22.66,536589,NEU (Neutral)
1069_IOM_SAD_XX.wav,395,149,342,0.0461,44.71,18.19,8919,SAD (Sadness)
1069_ITH_DIS_XX.wav,412,163,341,0.07,37.73,27.19,28479,DIS (Disgust)
1069_ITH_ANG_XX.wav,2898,196,324,0.0877,32.8,34.27,5036785,ANG (Angry)
1069_ITH_HAP_XX.wav,1563,189,263,0.0726,32.71,39.36,933197,HAP (Happy)
1069_ITH_FEA_XX.wav,289,161,338,0.0657,39.72,26.13,12726,FEA (Fear)
1069_ITH_NEU_XX.wav,923,177,344,0.0747,36.48,35.98,303857,NEU (Neutral)
1069_ITS_NEU_XX.wav,860,168,342,0.0901,36.09,32.51,235716,NEU (Neutral)
1069_ITS_HAP_XX.wav,858,206,343,0.103,28.83,33.04,158861,HAP (Happy)
1069_ITS_ANG_XX.wav,3807,213,331,0.1084,34.17,35.47,4328866,ANG (Angry)
1069_ITH_SAD_XX.wav,249,161,342,0.0666,39.96,25.25,6860,SAD (Sadness)
1069_ITS_FEA_XX.wav,710,165,332,0.0782,28.73,32.89,126725,FEA (Fear)
1069_ITS_SAD_XX.wav,299,165,342,0.0814,41.36,27.23,12068,SAD (Sadness)
1069_ITS_DIS_XX.wav,525,167,295,0.1188,33.31,20.51,55345,DIS (Disgust)
1069_IWL_DIS_XX.wav,425,138,281,0.0603,36.49,23.95,20547,DIS (Disgust)
1069_IWL_ANG_XX.wav,1617,178,325,0.0669,38.87,27.62,519851,ANG (Angry)
1069_IWL_FEA_XX.wav,3255,206,338,0.0761,20.56,34.63,3800501,FEA (Fear)
1069_IWL_SAD_XX.wav,676,175,334,0.0591,39.72,26.75,74424,SAD (Sadness)
1069_IWW_HAP_XX.wav,936,189,292,0.0806,27.4,29.75,188393,HAP (Happy)
1069_IWW_ANG_XX.wav,4748,200,316,0.0977,26.55,35.16,10156295,ANG (Angry)
1069_IWW_FEA_XX.wav,421,150,345,0.0796,37.09,28.73,26660,FEA (Fear)
1069_IWW_NEU_XX.wav,593,167,342,0.0813,43.82,31.83,59951,NEU (Neutral)
1069_IWL_HAP_XX.wav,2885,220,343,0.0715,26.66,30.4,2405538,HAP (Happy)
1069_IWL_NEU_XX.wav,1280,175,331,0.063,34.02,25.31,511164,NEU (Neutral)
1069_IWW_DIS_XX.wav,804,167,340,0.0894,37.65,29.63,152407,DIS (Disgust)
1069_MTI_FEA_XX.wav,2526,205,339,0.0584,29.71,29.92,1338537,FEA (Fear)
1069_MTI_ANG_XX.wav,3008,195,342,0.0742,34.75,27.6,1608990,ANG (Angry)
1069_IWW_SAD_XX.wav,403,150,284,0.0663,37.87,26.23,16307,SAD (Sadness)
1069_MTI_SAD_XX.wav,567,166,339,0.0501,37.22,20.67,35220,SAD (Sadness)
1069_TAI_FEA_XX.wav,3867,208,338,0.0749,23.46,32.78,6170450,FEA (Fear)
1069_TAI_HAP_XX.wav,3109,193,286,0.0707,21.97,37.15,2139785,HAP (Happy)
1069_TAI_DIS_XX.wav,778,162,306,0.094,37.86,25.38,97414,DIS (Disgust)
1069_MTI_DIS_XX.wav,548,172,341,0.0624,44.03,27.64,30495,DIS (Disgust)
1069_MTI_NEU_XX.wav,891,168,342,0.059,44.62,23.1,162332,NEU (Neutral)
1069_TAI_ANG_XX.wav,3347,181,344,0.0913,26.67,27.5,2006130,ANG (Angry)
1069_MTI_HAP_XX.wav,2599,210,337,0.057,29.61,27.72,945502,HAP (Happy)
1069_TAI_NEU_XX.wav,839,156,338,0.0722,44.15,22.64,109310,NEU (Neutral)
1069_TAI_SAD_XX.wav,311,149,342,0.0602,33.6,23.73,6885,SAD (Sadness)
1069_TIE_HAP_XX.wav,1719,194,305,0.086,26.26,31.73,1124459,HAP (Happy)
1069_TIE_DIS_XX.wav,969,179,326,0.1199,47.89,34.42,939356,DIS (Disgust)
1069_TIE_FEA_XX.wav,2110,174,298,0.0829,33.32,38.56,1118686,FEA (Fear)
1069_TIE_ANG_XX.wav,4152,183,339,0.1018,27.01,33.17,9187438,ANG (Angry)
1069_TSI_ANG_XX.wav,4275,227,328,0.1557,21.13,29.35,10541380,ANG (Angry)
1069_TIE_NEU_XX.wav,680,170,328,0.078,49.48,29.32,101493,NEU (Neutral)
1069_TSI_FEA_XX.wav,2616,210,339,0.116,31.9,34.87,3043403,FEA (Fear)
1069_TIE_SAD_XX.wav,298,149,336,0.077,33.8,26.0,11089,SAD (Sadness)
1069_TSI_DIS_XX.wav,320,157,339,0.1704,36.55,19.31,45583,DIS (Disgust)
1069_TSI_HAP_XX.wav,1848,234,343,0.1553,20.33,38.58,1420038,HAP (Happy)
1069_TSI_NEU_XX.wav,794,184,343,0.1598,39.58,37.46,193297,NEU (Neutral)
1069_TSI_SAD_XX.wav,591,194,342,0.1477,25.29,33.27,138294,SAD (Sadness)
1069_WSI_FEA_XX.wav,2917,217,276,0.1234,17.28,38.75,2493126,FEA (Fear)
1069_WSI_HAP_XX.wav,2488,201,322,0.1258,29.09,37.57,2761547,HAP (Happy)
1069_WSI_DIS_XX.wav,389,156,327,0.1289,40.39,25.7,30453,DIS (Disgust)
1069_WSI_ANG_XX.wav,3986,219,335,0.1908,30.8,37.41,7732110,ANG (Angry)
1069_WSI_NEU_XX.wav,1152,173,337,0.1149,40.47,33.11,361522,NEU (Neutral)
1070_DFA_FEA_XX.wav,492,170,334,0.0627,44.4,30.85,50205,FEA (Fear)
1069_WSI_SAD_XX.wav,427,168,339,0.0963,38.75,32.84,43887,SAD (Sadness)
1070_DFA_SAD_XX.wav,647,171,345,0.0686,45.4,27.16,95259,SAD (Sadness)
1070_DFA_ANG_XX.wav,2007,188,342,0.0925,34.81,31.44,2934007,ANG (Angry)
1070_DFA_DIS_XX.wav,609,171,339,0.0718,41.59,29.07,101662,DIS (Disgust)
1070_IEO_ANG_LO.wav,1596,208,330,0.0982,32.98,30.62,1200006,ANG (Angry)
1070_DFA_NEU_XX.wav,537,153,335,0.0676,43.43,27.61,62958,NEU (Neutral)
1070_DFA_HAP_XX.wav,1290,171,326,0.0786,28.47,33.83,724379,HAP (Happy)
1070_IEO_ANG_HI.wav,4053,225,344,0.0994,26.17,31.46,13869301,ANG (Angry)
1070_IEO_ANG_MD.wav,1526,173,341,0.0999,29.37,33.25,1281693,ANG (Angry)
1070_IEO_DIS_LO.wav,569,172,315,0.0779,42.42,28.98,100248,DIS (Disgust)
1070_IEO_DIS_HI.wav,611,165,328,0.0823,32.53,27.8,137905,DIS (Disgust)
1070_IEO_FEA_LO.wav,416,175,329,0.0711,40.95,25.33,39239,FEA (Fear)
1070_IEO_HAP_MD.wav,706,174,343,0.07,34.02,32.18,160980,HAP (Happy)
1070_IEO_FEA_MD.wav,1262,190,339,0.0707,34.27,30.95,860406,FEA (Fear)
1070_IEO_DIS_MD.wav,666,161,327,0.08,44.92,30.24,150468,DIS (Disgust)
1070_IEO_HAP_HI.wav,758,180,344,0.0657,33.3,33.14,215059,HAP (Happy)
1070_IEO_HAP_LO.wav,672,186,340,0.0701,39.36,29.48,176714,HAP (Happy)
1070_IEO_SAD_HI.wav,269,149,238,0.0602,47.06,22.58,6929,SAD (Sadness)
1070_IEO_FEA_HI.wav,1439,173,344,0.0659,39.26,35.03,1167592,FEA (Fear)
1070_IEO_NEU_XX.wav,313,172,341,0.0608,47.99,27.18,16832,NEU (Neutral)
1070_IEO_SAD_LO.wav,333,178,345,0.0613,51.4,24.06,16728,SAD (Sadness)
1070_IOM_SAD_XX.wav,816,173,338,0.0552,38.96,21.19,154762,SAD (Sadness)
1070_IOM_FEA_XX.wav,937,158,337,0.05,36.69,20.01,150030,FEA (Fear)
1070_IOM_ANG_XX.wav,2898,187,330,0.0852,26.04,29.23,4576011,ANG (Angry)
1070_IOM_DIS_XX.wav,1319,177,325,0.0588,30.24,26.03,467489,DIS (Disgust)
1070_IOM_NEU_XX.wav,639,174,343,0.0591,40.44,20.71,94523,NEU (Neutral)
1070_IOM_HAP_XX.wav,1823,190,338,0.0616,32.64,26.72,952863,HAP (Happy)
1070_IEO_SAD_MD.wav,283,168,341,0.058,42.33,23.95,9928,SAD (Sadness)
1070_ITH_ANG_XX.wav,2531,179,306,0.0945,29.08,41.89,3497753,ANG (Angry)
1070_ITH_HAP_XX.wav,1014,187,345,0.0749,35.4,39.09,403632,HAP (Happy)
1070_ITH_FEA_XX.wav,483,155,342,0.0577,40.36,31.25,40723,FEA (Fear)
1070_ITH_NEU_XX.wav,667,175,343,0.0753,37.37,31.87,188282,NEU (Neutral)
1070_ITH_DIS_XX.wav,751,171,344,0.0745,42.92,31.93,255172,DIS (Disgust)
1070_ITS_FEA_XX.wav,787,181,343,0.1063,35.27,33.01,113141,FEA (Fear)
1070_ITS_HAP_XX.wav,1007,174,344,0.1058,37.87,36.57,347406,HAP (Happy)
1070_ITS_ANG_XX.wav,1825,197,318,0.1134,29.87,30.4,1718902,ANG (Angry)
1070_ITS_NEU_XX.wav,672,165,336,0.0916,36.44,31.49,146903,NEU (Neutral)
1070_ITS_DIS_XX.wav,479,170,334,0.1278,34.46,25.08,59549,DIS (Disgust)
1070_ITH_SAD_XX.wav,639,158,297,0.0747,40.12,31.58,197865,SAD (Sadness)
1070_ITS_SAD_XX.wav,511,162,343,0.0959,38.51,28.26,57672,SAD (Sadness)
1070_IWL_ANG_XX.wav,3710,202,343,0.0915,24.86,30.25,6652441,ANG (Angry)
1070_IWL_DIS_XX.wav,1066,172,330,0.0696,40.38,24.94,408762,DIS (Disgust)
1070_IWL_FEA_XX.wav,512,170,337,0.0549,45.68,25.47,45206,FEA (Fear)
1070_IWL_HAP_XX.wav,1373,173,320,0.0734,35.53,30.95,615528,HAP (Happy)
1070_IWL_NEU_XX.wav,821,171,338,0.0606,43.64,23.95,140828,NEU (Neutral)
1070_IWW_ANG_XX.wav,2246,189,333,0.0908,30.26,34.32,2490051,ANG (Angry)
1070_IWL_SAD_XX.wav,636,173,339,0.0607,36.08,22.87,92445,SAD (Sadness)
1070_IWW_FEA_XX.wav,895,183,330,0.0773,34.54,33.11,153626,FEA (Fear)
1070_IWW_NEU_XX.wav,701,182,343,0.0711,36.23,26.42,112401,NEU (Neutral)
1070_IWW_DIS_XX.wav,1122,174,341,0.0793,40.91,33.69,296151,DIS (Disgust)
1070_IWW_HAP_XX.wav,762,189,344,0.0651,39.35,32.65,151173,HAP (Happy)
1070_IWW_SAD_XX.wav,470,169,343,0.0664,49.24,24.63,33287,SAD (Sadness)
1070_MTI_ANG_XX.wav,2603,190,343,0.0777,29.63,31.7,2711441,ANG (Angry)
1070_MTI_FEA_XX.wav,1082,178,345,0.0635,43.91,26.67,273409,FEA (Fear)
1070_TAI_ANG_XX.wav,4637,212,276,0.0794,22.29,34.37,9703233,ANG (Angry)
1070_MTI_NEU_XX.wav,810,189,340,0.0662,37.27,24.41,123039,NEU (Neutral)
1070_MTI_HAP_XX.wav,1363,177,332,0.0634,38.26,35.03,497987,HAP (Happy)
1070_MTI_DIS_XX.wav,738,173,342,0.0655,41.79,24.28,116961,DIS (Disgust)
1070_TAI_NEU_XX.wav,1020,178,334,0.0834,31.98,27.14,271811,NEU (Neutral)
1070_MTI_SAD_XX.wav,730,169,333,0.0647,43.08,21.6,97504,SAD (Sadness)
1070_TAI_FEA_XX.wav,1199,188,336,0.0937,34.43,32.27,385331,FEA (Fear)
1070_TAI_HAP_XX.wav,1944,199,345,0.0813,29.75,30.86,1315327,HAP (Happy)
1070_TAI_DIS_XX.wav,1087,183,333,0.0905,39.85,26.88,306508,DIS (Disgust)
1070_TAI_SAD_XX.wav,866,154,339,0.0771,38.79,23.96,218354,SAD (Sadness)
1070_TIE_ANG_XX.wav,2393,185,341,0.1187,27.34,32.32,5003135,ANG (Angry)
1070_TIE_HAP_XX.wav,1101,166,323,0.0742,33.33,32.89,494394,HAP (Happy)
1070_TSI_FEA_XX.wav,977,182,333,0.168,34.27,29.46,291804,FEA (Fear)
1070_TSI_ANG_XX.wav,1989,197,324,0.1765,26.1,35.92,1872129,ANG (Angry)
1070_TIE_NEU_XX.wav,765,168,292,0.0672,36.83,30.21,180430,NEU (Neutral)
1070_TIE_FEA_XX.wav,1920,193,338,0.065,26.8,30.24,1615231,FEA (Fear)
1070_TSI_NEU_XX.wav,647,190,332,0.1727,41.83,31.06,137524,NEU (Neutral)
1070_TIE_SAD_XX.wav,294,154,343,0.0819,41.5,22.62,16059,SAD (Sadness)
1070_TSI_HAP_XX.wav,872,182,344,0.1723,40.89,28.59,293897,HAP (Happy)
1070_TIE_DIS_XX.wav,857,177,344,0.1209,42.9,29.95,443216,DIS (Disgust)
1070_TSI_DIS_XX.wav,782,186,337,0.1776,42.14,28.78,265545,DIS (Disgust)
1070_TSI_SAD_XX.wav,634,179,343,0.1498,39.64,28.64,153042,SAD (Sadness)
1070_WSI_FEA_XX.wav,645,170,228,0.099,26.37,29.19,68873,FEA (Fear)
1070_WSI_HAP_XX.wav,1954,211,339,0.1203,27.68,37.55,1471092,HAP (Happy)
1070_WSI_DIS_XX.wav,688,181,337,0.1117,44.54,30.87,221653,DIS (Disgust)
1071_DFA_DIS_XX.wav,342,167,345,0.0635,45.85,24.61,27505,DIS (Disgust)
1070_WSI_SAD_XX.wav,1088,180,326,0.1195,35.88,29.26,464767,SAD (Sadness)
1070_WSI_ANG_XX.wav,1880,170,327,0.1518,28.9,31.8,2057876,ANG (Angry)
1071_DFA_HAP_XX.wav,789,167,217,0.059,31.23,32.0,295924,HAP (Happy)
1071_DFA_FEA_XX.wav,752,162,274,0.0535,31.31,27.44,168887,FEA (Fear)
1071_DFA_NEU_XX.wav,439,162,342,0.0623,45.48,26.21,30672,NEU (Neutral)
1071_DFA_ANG_XX.wav,491,165,336,0.0773,45.6,29.27,52267,ANG (Angry)
1070_WSI_NEU_XX.wav,727,171,345,0.1089,45.26,28.05,213934,NEU (Neutral)
1071_DFA_SAD_XX.wav,352,182,327,0.0561,50.21,24.23,12828,SAD (Sadness)
1071_IEO_ANG_LO.wav,462,159,343,0.066,51.18,25.04,36177,ANG (Angry)
1071_IEO_ANG_MD.wav,1288,191,336,0.0748,36.25,28.83,651696,ANG (Angry)
1071_IEO_DIS_HI.wav,727,175,263,0.0856,36.03,30.29,179821,DIS (Disgust)
1071_IEO_ANG_HI.wav,1708,187,334,0.0901,36.61,32.66,1887141,ANG (Angry)
1071_IEO_DIS_LO.wav,239,146,340,0.0588,42.33,24.23,5068,DIS (Disgust)
1071_IEO_HAP_HI.wav,1048,170,334,0.0818,50.47,30.98,283815,HAP (Happy)
1071_IEO_FEA_LO.wav,293,160,313,0.0614,40.12,19.12,7736,FEA (Fear)
1071_IEO_FEA_HI.wav,1081,176,338,0.0774,37.05,32.05,505236,FEA (Fear)
1071_IEO_DIS_MD.wav,803,164,329,0.0699,38.97,32.72,200033,DIS (Disgust)
1071_IEO_HAP_LO.wav,447,167,299,0.057,45.48,28.43,47398,HAP (Happy)
1071_IEO_FEA_MD.wav,232,152,341,0.0642,47.89,19.89,3755,FEA (Fear)
1071_IEO_HAP_MD.wav,356,150,343,0.0633,52.65,25.31,16966,HAP (Happy)
1071_IEO_NEU_XX.wav,331,153,337,0.0587,41.6,21.6,9696,NEU (Neutral)
1071_IEO_SAD_HI.wav,425,175,323,0.0576,42.16,25.27,30830,SAD (Sadness)
1071_IEO_SAD_MD.wav,255,151,344,0.058,53.96,20.0,6164,SAD (Sadness)
1071_IEO_SAD_LO.wav,260,182,326,0.0537,45.72,20.13,3434,SAD (Sadness)
1071_IOM_NEU_XX.wav,420,146,345,0.0494,43.92,16.78,14452,NEU (Neutral)
1071_IOM_ANG_XX.wav,1217,164,337,0.0619,34.42,22.15,312534,ANG (Angry)
1071_IOM_HAP_XX.wav,772,161,339,0.0509,40.07,19.93,107198,HAP (Happy)
1071_IOM_FEA_XX.wav,349,156,339,0.0488,41.05,18.24,8917,FEA (Fear)
1071_IOM_SAD_XX.wav,316,148,339,0.0428,47.83,19.65,5160,SAD (Sadness)
1071_ITH_FEA_XX.wav,250,158,299,0.0847,36.54,24.53,8715,FEA (Fear)
1071_IOM_DIS_XX.wav,302,151,342,0.0522,46.38,20.1,6270,DIS (Disgust)
1071_ITH_DIS_XX.wav,236,154,340,0.0601,44.68,19.79,4090,DIS (Disgust)
1071_ITH_ANG_XX.wav,606,168,345,0.075,41.44,36.41,84444,ANG (Angry)
1071_ITH_HAP_XX.wav,679,161,342,0.0601,38.51,33.01,95130,HAP (Happy)
1071_ITH_SAD_XX.wav,270,155,344,0.0522,40.89,22.61,4351,SAD (Sadness)
1071_ITH_NEU_XX.wav,598,156,341,0.0574,41.85,27.76,63063,NEU (Neutral)
1071_ITS_ANG_XX.wav,707,171,325,0.0755,39.69,32.79,106120,ANG (Angry)
1071_ITS_DIS_XX.wav,260,154,334,0.0657,57.07,22.45,4403,DIS (Disgust)
1071_ITS_HAP_XX.wav,1042,184,340,0.0751,33.11,33.5,277648,HAP (Happy)
1071_ITS_FEA_XX.wav,368,157,289,0.0946,35.79,28.42,24722,FEA (Fear)
1071_ITS_SAD_XX.wav,296,170,337,0.0697,48.23,24.73,7514,SAD (Sadness)
1071_ITS_NEU_XX.wav,461,163,344,0.087,43.48,24.15,28526,NEU (Neutral)
1071_IWL_DIS_XX.wav,633,165,343,0.0596,45.66,23.53,70975,DIS (Disgust)
1071_IWL_FEA_XX.wav,659,167,342,0.058,38.3,26.09,61170,FEA (Fear)
1071_IWL_SAD_XX.wav,379,141,334,0.0507,39.53,17.6,10344,SAD (Sadness)
1071_IWL_ANG_XX.wav,1945,180,313,0.0678,27.73,26.65,1157585,ANG (Angry)
1071_IWL_NEU_XX.wav,684,166,341,0.058,41.79,21.57,72324,NEU (Neutral)
1071_IWL_HAP_XX.wav,905,166,338,0.0596,35.84,28.64,165380,HAP (Happy)
1071_IWW_HAP_XX.wav,404,173,340,0.0631,42.71,27.45,19683,HAP (Happy)
1071_IWW_DIS_XX.wav,227,162,344,0.0559,51.65,21.31,2615,DIS (Disgust)
1071_IWW_FEA_XX.wav,282,156,341,0.0584,39.07,23.53,5292,FEA (Fear)
1071_IWW_NEU_XX.wav,336,157,341,0.0604,48.76,24.3,9343,NEU (Neutral)
1071_MTI_DIS_XX.wav,433,157,334,0.053,48.94,20.61,17673,DIS (Disgust)
1071_MTI_ANG_XX.wav,1723,177,336,0.0603,40.13,26.71,824820,ANG (Angry)
1071_IWW_ANG_XX.wav,671,172,335,0.0975,43.58,30.43,90642,ANG (Angry)
1071_IWW_SAD_XX.wav,269,153,337,0.0574,41.17,20.32,3743,SAD (Sadness)
1071_MTI_FEA_XX.wav,546,161,344,0.0626,39.37,23.77,25547,FEA (Fear)
1071_MTI_HAP_XX.wav,1140,194,342,0.0556,47.74,29.9,226481,HAP (Happy)
1071_MTI_SAD_XX.wav,504,175,329,0.0515,40.11,21.52,24917,SAD (Sadness)
1071_MTI_NEU_XX.wav,718,175,327,0.0536,40.57,22.82,68477,NEU (Neutral)
1071_TAI_FEA_XX.wav,402,175,345,0.0519,32.17,23.4,9280,FEA (Fear)
1071_TAI_ANG_XX.wav,567,168,344,0.0723,43.55,28.35,54395,ANG (Angry)
1071_TAI_NEU_XX.wav,420,151,343,0.0536,40.95,23.28,15108,NEU (Neutral)
1071_TAI_SAD_XX.wav,438,185,325,0.0518,47.78,23.21,16921,SAD (Sadness)
1071_TAI_DIS_XX.wav,370,160,339,0.0645,41.4,24.68,13528,DIS (Disgust)
1071_TAI_HAP_XX.wav,1199,151,318,0.0664,31.8,26.77,254862,HAP (Happy)
1071_TIE_FEA_XX.wav,433,159,345,0.0572,42.09,25.85,28271,FEA (Fear)
1071_TIE_ANG_XX.wav,953,176,344,0.0791,37.2,32.74,449500,ANG (Angry)
1071_TIE_HAP_XX.wav,679,160,343,0.067,39.72,27.36,138087,HAP (Happy)
1071_TIE_DIS_XX.wav,266,160,335,0.0646,41.76,22.27,10645,DIS (Disgust)
1071_TIE_NEU_XX.wav,609,167,333,0.0557,47.96,28.27,91933,NEU (Neutral)
1071_TIE_SAD_XX.wav,251,152,340,0.0514,43.48,21.0,4004,SAD (Sadness)
1071_TSI_HAP_XX.wav,742,184,345,0.1884,40.67,32.71,224128,HAP (Happy)
1071_TSI_DIS_XX.wav,351,188,333,0.1735,41.72,23.27,36918,DIS (Disgust)
1071_TSI_FEA_XX.wav,498,168,341,0.113,32.19,35.39,92114,FEA (Fear)
1071_TSI_ANG_XX.wav,1000,184,338,0.1926,32.47,31.35,572404,ANG (Angry)
1071_WSI_ANG_XX.wav,979,177,325,0.1199,36.83,31.1,276421,ANG (Angry)
1071_TSI_NEU_XX.wav,378,172,345,0.1216,44.07,26.1,28156,NEU (Neutral)
1071_TSI_SAD_XX.wav,322,164,335,0.1312,41.79,26.51,20124,SAD (Sadness)
1071_WSI_HAP_XX.wav,898,168,304,0.0844,39.11,35.96,210627,HAP (Happy)
1071_WSI_DIS_XX.wav,289,162,336,0.0726,49.37,26.54,10849,DIS (Disgust)
1071_WSI_FEA_XX.wav,1396,183,343,0.0864,28.55,30.63,669707,FEA (Fear)
1071_WSI_SAD_XX.wav,327,162,340,0.0689,53.19,27.87,14555,SAD (Sadness)
1071_WSI_NEU_XX.wav,579,165,335,0.0855,43.3,26.1,71731,NEU (Neutral)
1072_DFA_HAP_XX.wav,1852,230,323,0.0854,25.46,38.23,2273351,HAP (Happy)
1072_DFA_FEA_XX.wav,1316,236,344,0.0709,21.86,40.69,765421,FEA (Fear)
1072_DFA_DIS_XX.wav,432,173,337,0.0725,29.13,33.76,56040,DIS (Disgust)
1072_DFA_SAD_XX.wav,432,171,271,0.0549,27.96,33.21,35808,SAD (Sadness)
1072_DFA_NEU_XX.wav,503,188,334,0.0651,30.96,30.16,61820,NEU (Neutral)
1072_IEO_ANG_HI.wav,4389,242,342,0.0994,21.11,33.02,13801149,ANG (Angry)
1072_IEO_ANG_LO.wav,1089,196,256,0.0725,23.54,31.19,547430,ANG (Angry)
1072_DFA_ANG_XX.wav,932,177,340,0.0806,30.73,33.76,801372,ANG (Angry)
1072_IEO_ANG_MD.wav,2147,240,341,0.0974,19.9,37.51,4011973,ANG (Angry)
1072_IEO_DIS_HI.wav,641,181,341,0.075,32.98,29.39,208752,DIS (Disgust)
1072_IEO_DIS_LO.wav,362,160,337,0.0627,32.74,20.66,26828,DIS (Disgust)
1072_IEO_FEA_LO.wav,494,170,211,0.0647,29.18,28.71,62467,FEA (Fear)
1072_IEO_FEA_MD.wav,332,160,260,0.0782,27.88,21.85,15245,FEA (Fear)
1072_IEO_FEA_HI.wav,2375,205,311,0.0995,19.32,27.44,3208087,FEA (Fear)
1072_IEO_HAP_HI.wav,1648,231,343,0.0813,21.47,36.11,1645638,HAP (Happy)
1072_IEO_HAP_MD.wav,490,164,222,0.0764,28.3,27.51,75606,HAP (Happy)
1072_IEO_DIS_MD.wav,1714,230,346,0.0857,19.09,39.7,2485997,DIS (Disgust)
1072_IEO_HAP_LO.wav,580,180,248,0.0707,24.72,35.06,121494,HAP (Happy)
1072_IEO_SAD_HI.wav,357,183,342,0.0642,36.19,29.98,22351,SAD (Sadness)
1072_IEO_SAD_LO.wav,353,164,347,0.0676,34.98,25.8,29743,SAD (Sadness)
1072_IEO_NEU_XX.wav,410,162,342,0.0786,35.95,30.32,34477,NEU (Neutral)
1072_IEO_SAD_MD.wav,297,164,261,0.0583,34.58,26.95,11433,SAD (Sadness)
1072_IOM_ANG_XX.wav,3959,222,341,0.0773,22.63,29.95,12228023,ANG (Angry)
1072_IOM_FEA_XX.wav,796,186,341,0.0509,25.64,22.55,135713,FEA (Fear)
1072_IOM_HAP_XX.wav,1254,202,335,0.0753,21.94,27.69,676136,HAP (Happy)
1072_IOM_DIS_XX.wav,533,168,275,0.0537,24.71,24.17,35357,DIS (Disgust)
1072_IOM_NEU_XX.wav,677,176,336,0.059,24.45,22.15,103136,NEU (Neutral)
1072_IOM_SAD_XX.wav,453,171,299,0.0463,30.26,22.14,27340,SAD (Sadness)
1072_ITH_FEA_XX.wav,1090,248,340,0.0723,21.25,38.37,378530,FEA (Fear)
1072_ITH_HAP_XX.wav,1399,230,339,0.077,23.75,37.01,1276387,HAP (Happy)
1072_ITH_DIS_XX.wav,635,202,339,0.072,27.64,35.44,143456,DIS (Disgust)
1072_ITH_ANG_XX.wav,1036,194,323,0.0926,22.73,30.5,667125,ANG (Angry)
1072_ITH_NEU_XX.wav,447,168,336,0.0589,31.17,29.37,45714,NEU (Neutral)
1072_ITS_HAP_XX.wav,1452,232,327,0.1049,30.27,41.86,839196,HAP (Happy)
1072_ITS_FEA_XX.wav,2548,218,342,0.0863,36.17,44.65,1987981,FEA (Fear)
1072_ITH_SAD_XX.wav,505,176,338,0.0667,24.11,29.05,46719,SAD (Sadness)
1072_ITS_DIS_XX.wav,684,183,341,0.0974,27.49,31.29,144909,DIS (Disgust)
1072_ITS_NEU_XX.wav,547,175,341,0.0843,27.3,31.16,53495,NEU (Neutral)
1072_ITS_ANG_XX.wav,975,190,330,0.0889,28.82,35.17,1145075,ANG (Angry)
1072_ITS_SAD_XX.wav,527,196,320,0.0754,31.1,30.54,58055,SAD (Sadness)
1072_IWL_ANG_XX.wav,2963,233,332,0.0773,22.88,34.42,5521688,ANG (Angry)
1072_IWL_FEA_XX.wav,1331,225,278,0.0705,20.72,29.08,641210,FEA (Fear)
1072_IWL_HAP_XX.wav,1183,199,340,0.0747,28.34,30.42,771303,HAP (Happy)
1072_IWL_DIS_XX.wav,779,179,345,0.0625,27.26,23.8,168223,DIS (Disgust)
1072_IWW_ANG_XX.wav,2475,215,334,0.073,23.74,35.62,3982674,ANG (Angry)
1072_IWL_NEU_XX.wav,608,172,271,0.0615,29.77,19.92,165953,NEU (Neutral)
1072_IWL_SAD_XX.wav,547,179,326,0.0574,21.67,20.36,35336,SAD (Sadness)
1072_IWW_HAP_XX.wav,1480,223,344,0.0781,26.13,30.38,1415313,HAP (Happy)
1072_IWW_DIS_XX.wav,391,175,343,0.0768,33.56,27.88,23371,DIS (Disgust)
1072_IWW_NEU_XX.wav,439,170,342,0.0652,30.46,28.76,35609,NEU (Neutral)
1072_IWW_FEA_XX.wav,745,194,341,0.0711,30.95,29.56,171045,FEA (Fear)
1072_MTI_ANG_XX.wav,3147,251,326,0.0812,17.7,31.06,4775932,ANG (Angry)
1072_IWW_SAD_XX.wav,353,172,343,0.0609,34.12,30.04,14569,SAD (Sadness)
1072_MTI_HAP_XX.wav,1188,222,342,0.0809,23.64,30.11,506162,HAP (Happy)
1072_MTI_DIS_XX.wav,444,178,338,0.0556,27.81,21.22,23888,DIS (Disgust)
1072_MTI_NEU_XX.wav,570,193,335,0.0575,26.16,28.81,62773,NEU (Neutral)
1072_MTI_SAD_XX.wav,456,186,330,0.0539,25.91,22.34,26384,SAD (Sadness)
1072_TAI_HAP_XX.wav,1073,202,329,0.0867,24.83,31.68,555030,HAP (Happy)
1072_TAI_ANG_XX.wav,3313,247,342,0.0917,23.72,35.02,8323941,ANG (Angry)
1072_TAI_DIS_XX.wav,322,160,344,0.0593,45.19,25.75,17219,DIS (Disgust)
1072_MTI_FEA_XX.wav,733,203,345,0.0583,25.32,26.98,84423,FEA (Fear)
1072_TAI_FEA_XX.wav,548,195,289,0.0615,26.67,26.98,41178,FEA (Fear)
1072_TAI_NEU_XX.wav,540,185,343,0.0695,30.87,27.75,57529,NEU (Neutral)
1072_TAI_SAD_XX.wav,506,189,336,0.0669,25.45,25.18,37144,SAD (Sadness)
1072_TIE_ANG_XX.wav,1873,208,334,0.0827,30.02,32.79,6097030,ANG (Angry)
1072_TIE_DIS_XX.wav,582,169,268,0.077,32.08,34.55,136203,DIS (Disgust)
1072_TIE_HAP_XX.wav,1871,208,329,0.0979,19.94,26.55,3966767,HAP (Happy)
1072_TSI_ANG_XX.wav,1278,207,332,0.1459,27.8,43.92,1383010,ANG (Angry)
1072_TSI_HAP_XX.wav,1137,218,321,0.1111,24.72,39.84,612813,HAP (Happy)
1072_TIE_FEA_XX.wav,900,178,337,0.0737,30.71,33.56,845942,FEA (Fear)
1072_TSI_SAD_XX.wav,469,190,343,0.1103,34.29,29.46,49224,SAD (Sadness)
1072_TSI_FEA_XX.wav,1739,238,343,0.115,30.38,40.26,1479141,FEA (Fear)
1072_TSI_NEU_XX.wav,545,189,333,0.1328,30.46,31.57,67884,NEU (Neutral)
1072_TIE_SAD_XX.wav,304,156,318,0.0581,37.15,23.99,10574,SAD (Sadness)
1072_TIE_NEU_XX.wav,363,165,257,0.0609,32.18,27.65,31722,NEU (Neutral)
1072_TSI_DIS_XX.wav,546,193,340,0.124,32.47,30.69,78060,DIS (Disgust)
1072_WSI_ANG_XX.wav,1180,191,341,0.1021,30.59,36.0,946776,ANG (Angry)
1072_WSI_HAP_XX.wav,1382,203,317,0.0995,17.66,36.35,1258683,HAP (Happy)
1072_WSI_NEU_XX.wav,523,172,262,0.0921,20.35,27.94,42437,NEU (Neutral)
1072_WSI_FEA_XX.wav,2858,224,338,0.1526,26.28,34.81,3948824,FEA (Fear)
1073_DFA_ANG_XX.wav,1407,208,323,0.0969,26.63,32.9,2355094,ANG (Angry)
1073_DFA_SAD_XX.wav,521,174,328,0.0655,31.05,30.93,43803,SAD (Sadness)
1073_DFA_NEU_XX.wav,597,176,239,0.0666,27.22,30.03,96183,NEU (Neutral)
1072_WSI_SAD_XX.wav,423,176,293,0.0907,26.02,27.85,35711,SAD (Sadness)
1073_DFA_FEA_XX.wav,692,190,339,0.0632,29.66,29.92,123915,FEA (Fear)
1073_DFA_HAP_XX.wav,900,208,329,0.0721,25.06,37.41,327914,HAP (Happy)
1072_WSI_DIS_XX.wav,453,176,340,0.1005,28.9,26.1,44838,DIS (Disgust)
1073_DFA_DIS_XX.wav,527,183,344,0.0618,32.05,29.93,102861,DIS (Disgust)
1073_IEO_ANG_LO.wav,1160,206,345,0.0926,18.97,29.98,406667,ANG (Angry)
1073_IEO_ANG_HI.wav,3259,247,343,0.1061,23.37,29.82,12699862,ANG (Angry)
1073_IEO_ANG_MD.wav,1749,234,336,0.1002,22.73,30.91,1381054,ANG (Angry)
1073_IEO_DIS_LO.wav,607,186,339,0.076,38.18,25.11,114960,DIS (Disgust)
1073_IEO_FEA_MD.wav,383,170,276,0.0657,30.43,24.0,24250,FEA (Fear)
1073_IEO_FEA_LO.wav,346,161,335,0.0562,39.98,24.28,27627,FEA (Fear)
1073_IEO_HAP_LO.wav,861,194,323,0.0741,25.57,35.83,328101,HAP (Happy)
1073_IEO_DIS_HI.wav,1029,203,253,0.0811,21.81,30.45,354698,DIS (Disgust)
1073_IEO_DIS_MD.wav,780,190,328,0.0723,32.18,26.59,177728,DIS (Disgust)
1073_IEO_FEA_HI.wav,1515,213,331,0.0835,25.85,32.05,1547619,FEA (Fear)
1073_IEO_HAP_HI.wav,772,189,257,0.0677,28.5,32.62,214671,HAP (Happy)
1073_IEO_HAP_MD.wav,668,179,341,0.07,31.85,27.2,111425,HAP (Happy)
1073_IEO_NEU_XX.wav,431,175,344,0.0598,36.51,26.08,35391,NEU (Neutral)
1073_IEO_SAD_LO.wav,388,171,340,0.0632,31.35,27.69,29540,SAD (Sadness)
1073_IEO_SAD_HI.wav,402,169,347,0.0688,35.88,25.51,23813,SAD (Sadness)
1073_IEO_SAD_MD.wav,341,169,329,0.0608,35.55,22.71,13941,SAD (Sadness)
1073_IOM_ANG_XX.wav,1415,198,340,0.0673,27.01,27.13,739848,ANG (Angry)
1073_IOM_SAD_XX.wav,560,168,333,0.0524,22.49,17.38,28068,SAD (Sadness)
1073_IOM_NEU_XX.wav,533,170,325,0.0539,24.5,22.28,42213,NEU (Neutral)
1073_IOM_DIS_XX.wav,477,159,340,0.0554,29.95,20.15,38135,DIS (Disgust)
1073_ITH_ANG_XX.wav,1155,186,326,0.0853,21.59,35.39,1151320,ANG (Angry)
1073_IOM_FEA_XX.wav,599,167,323,0.0591,28.94,21.44,59611,FEA (Fear)
1073_IOM_HAP_XX.wav,671,177,341,0.0526,30.5,21.59,83193,HAP (Happy)
1073_ITH_DIS_XX.wav,537,165,345,0.0657,34.8,30.31,146826,DIS (Disgust)
1073_ITH_HAP_XX.wav,812,190,341,0.0624,23.14,36.37,268833,HAP (Happy)
1073_ITH_NEU_XX.wav,752,187,329,0.0648,25.26,34.63,247891,NEU (Neutral)
1073_ITH_SAD_XX.wav,495,168,340,0.0621,30.83,27.3,49576,SAD (Sadness)
1073_ITS_ANG_XX.wav,802,185,342,0.106,29.28,34.41,359442,ANG (Angry)
1073_ITH_FEA_XX.wav,575,178,343,0.0557,32.24,30.97,84376,FEA (Fear)
1073_ITS_HAP_XX.wav,865,211,337,0.0785,24.19,33.92,273227,HAP (Happy)
1073_ITS_DIS_XX.wav,419,164,340,0.0781,30.22,26.84,37107,DIS (Disgust)
1073_ITS_FEA_XX.wav,568,175,340,0.0834,31.63,30.23,52062,FEA (Fear)
1073_ITS_NEU_XX.wav,522,192,331,0.0896,35.57,34.04,70143,NEU (Neutral)
1073_IWL_ANG_XX.wav,2027,218,325,0.0798,22.81,25.92,2613636,ANG (Angry)
1073_ITS_SAD_XX.wav,465,157,212,0.0763,28.02,30.55,28887,SAD (Sadness)
1073_IWL_FEA_XX.wav,704,195,339,0.0543,26.58,19.84,75410,FEA (Fear)
1073_IWL_DIS_XX.wav,556,184,328,0.0587,34.03,25.15,91366,DIS (Disgust)
1073_IWW_ANG_XX.wav,1453,203,342,0.0852,26.35,40.38,875180,ANG (Angry)
1073_IWL_HAP_XX.wav,1068,191,345,0.0599,23.96,27.25,382424,HAP (Happy)
1073_IWL_SAD_XX.wav,729,181,347,0.0534,24.85,21.65,78663,SAD (Sadness)
1073_IWL_NEU_XX.wav,770,180,340,0.0578,31.21,25.14,154994,NEU (Neutral)
1073_IWW_DIS_XX.wav,512,187,342,0.0664,36.23,29.8,48554,DIS (Disgust)
1073_IWW_HAP_XX.wav,710,190,344,0.0577,27.8,28.65,124725,HAP (Happy)
1073_IWW_NEU_XX.wav,557,182,340,0.0692,33.17,29.12,53926,NEU (Neutral)
1073_IWW_FEA_XX.wav,519,183,342,0.0635,33.61,27.6,46597,FEA (Fear)
1073_IWW_SAD_XX.wav,402,171,345,0.0595,35.22,24.55,16886,SAD (Sadness)
1073_MTI_ANG_XX.wav,1296,195,338,0.0807,30.7,23.55,832944,ANG (Angry)
1073_MTI_DIS_XX.wav,705,184,337,0.0661,30.37,27.12,120794,DIS (Disgust)
1073_MTI_NEU_XX.wav,676,181,345,0.0665,32.01,29.81,102002,NEU (Neutral)
1073_MTI_SAD_XX.wav,587,177,339,0.0594,31.62,25.93,51921,SAD (Sadness)
1073_MTI_FEA_XX.wav,751,191,338,0.0626,33.35,21.55,89026,FEA (Fear)
1073_MTI_HAP_XX.wav,1185,200,336,0.0662,25.11,27.4,545742,HAP (Happy)
1073_TAI_ANG_XX.wav,1639,210,329,0.0929,21.7,32.09,1310732,ANG (Angry)
1073_TAI_DIS_XX.wav,545,172,336,0.0802,33.82,24.28,167198,DIS (Disgust)
1073_TIE_ANG_XX.wav,1921,236,337,0.0931,20.41,33.84,3091827,ANG (Angry)
1073_TAI_FEA_XX.wav,726,182,344,0.0736,25.84,24.47,106300,FEA (Fear)
1073_TAI_NEU_XX.wav,660,170,337,0.0732,29.03,29.29,98724,NEU (Neutral)
1073_TAI_HAP_XX.wav,691,183,344,0.0716,33.44,27.97,190720,HAP (Happy)
1073_TAI_SAD_XX.wav,562,176,335,0.0661,28.86,24.37,44046,SAD (Sadness)
1073_TIE_SAD_XX.wav,413,176,334,0.0604,30.67,27.52,23761,SAD (Sadness)
1073_TIE_NEU_XX.wav,518,169,266,0.0655,25.8,29.67,81789,NEU (Neutral)
1073_TIE_FEA_XX.wav,478,189,336,0.0603,34.95,23.93,36571,FEA (Fear)
1073_TSI_ANG_XX.wav,1119,193,340,0.162,25.35,31.53,1120782,ANG (Angry)
1073_TIE_HAP_XX.wav,700,174,343,0.079,27.64,29.98,226189,HAP (Happy)
1073_TIE_DIS_XX.wav,634,176,339,0.0667,33.43,27.91,177669,DIS (Disgust)
1073_TSI_HAP_XX.wav,937,204,283,0.1343,27.05,35.93,558390,HAP (Happy)
1073_TSI_FEA_XX.wav,549,177,344,0.127,34.38,33.52,82363,FEA (Fear)
1073_TSI_DIS_XX.wav,426,175,336,0.1157,38.66,30.11,50733,DIS (Disgust)
1073_TSI_SAD_XX.wav,444,176,315,0.1269,30.73,33.5,56211,SAD (Sadness)
1073_TSI_NEU_XX.wav,665,193,331,0.1319,31.82,34.09,144974,NEU (Neutral)
1073_WSI_ANG_XX.wav,1020,198,344,0.1257,27.84,30.67,1005944,ANG (Angry)
1073_WSI_NEU_XX.wav,590,181,336,0.0905,30.09,32.43,83663,NEU (Neutral)
1073_WSI_HAP_XX.wav,966,200,340,0.0917,20.75,29.67,354374,HAP (Happy)
1073_WSI_DIS_XX.wav,427,170,344,0.0796,32.31,24.05,55226,DIS (Disgust)
1073_WSI_SAD_XX.wav,408,158,255,0.0758,28.19,27.89,24714,SAD (Sadness)
1073_WSI_FEA_XX.wav,498,170,342,0.0809,32.99,32.34,43897,FEA (Fear)
1074_DFA_ANG_XX.wav,2164,210,341,0.0985,25.69,35.22,7344961,ANG (Angry)
1074_DFA_FEA_XX.wav,1396,212,345,0.0816,23.79,32.99,2482697,FEA (Fear)
1074_DFA_NEU_XX.wav,450,183,310,0.0636,27.28,28.27,47542,NEU (Neutral)
1074_IEO_ANG_LO.wav,947,211,341,0.0861,20.07,31.72,224797,ANG (Angry)
1074_DFA_HAP_XX.wav,1654,223,332,0.0883,18.24,28.36,2390795,HAP (Happy)
1074_DFA_SAD_XX.wav,736,213,340,0.0794,24.18,29.92,386587,SAD (Sadness)
1074_DFA_DIS_XX.wav,735,186,342,0.0742,34.2,33.02,628727,DIS (Disgust)
1074_IEO_DIS_MD.wav,2093,259,317,0.1271,17.25,31.18,3597482,DIS (Disgust)
1074_IEO_DIS_LO.wav,661,228,334,0.0797,27.63,31.44,122102,DIS (Disgust)
1074_IEO_ANG_MD.wav,1983,249,339,0.087,21.82,31.11,2408889,ANG (Angry)
1074_IEO_FEA_MD.wav,686,207,337,0.0806,22.19,28.86,164494,FEA (Fear)
1074_IEO_DIS_HI.wav,2602,249,338,0.0979,23.86,34.88,5119914,DIS (Disgust)
1074_IEO_ANG_HI.wav,4115,222,338,0.1301,29.07,31.02,24162467,ANG (Angry)
1074_IEO_HAP_HI.wav,2916,231,296,0.1321,12.91,26.74,7946314,HAP (Happy)
1074_IEO_FEA_HI.wav,2392,257,319,0.1258,17.38,27.65,8381701,FEA (Fear)
1074_IEO_FEA_LO.wav,382,183,343,0.0743,31.31,26.27,36187,FEA (Fear)
1074_IEO_HAP_LO.wav,1026,211,343,0.0782,23.56,27.46,571266,HAP (Happy)
1074_IEO_HAP_MD.wav,2587,287,332,0.1082,13.54,30.01,3895274,HAP (Happy)
1074_IEO_NEU_XX.wav,346,169,333,0.0649,41.43,21.18,23196,NEU (Neutral)
1074_IEO_SAD_HI.wav,308,199,345,0.0783,34.16,25.89,12617,SAD (Sadness)
1074_IEO_SAD_MD.wav,263,188,338,0.0696,35.82,20.51,8199,SAD (Sadness)
1074_IEO_SAD_LO.wav,303,166,345,0.063,41.63,23.14,12100,SAD (Sadness)
1074_IOM_ANG_XX.wav,3585,256,344,0.109,18.6,27.97,10103093,ANG (Angry)
1074_IOM_FEA_XX.wav,414,191,344,0.0622,23.6,25.2,31715,FEA (Fear)
1074_IOM_DIS_XX.wav,679,185,335,0.0824,31.0,23.88,217246,DIS (Disgust)
1074_IOM_HAP_XX.wav,1810,229,341,0.0824,17.76,28.01,1705602,HAP (Happy)
1074_IOM_SAD_XX.wav,530,207,318,0.0674,27.04,22.93,68909,SAD (Sadness)
1074_IOM_NEU_XX.wav,513,180,344,0.0696,29.77,21.54,71113,NEU (Neutral)
1074_ITH_ANG_XX.wav,2015,230,336,0.0958,20.73,34.17,5761489,ANG (Angry)
1074_ITH_HAP_XX.wav,1238,218,340,0.0855,22.94,35.71,1300609,HAP (Happy)
1074_ITH_FEA_XX.wav,463,211,341,0.0704,26.95,30.71,53790,FEA (Fear)
1074_ITH_DIS_XX.wav,862,203,340,0.0862,23.71,30.43,609501,DIS (Disgust)
1074_ITH_NEU_XX.wav,385,175,342,0.0724,32.48,26.45,51850,NEU (Neutral)
1074_ITH_SAD_XX.wav,425,180,302,0.0753,27.9,25.38,69774,SAD (Sadness)
1074_ITS_FEA_XX.wav,1551,245,344,0.0902,19.77,32.18,1328027,FEA (Fear)
1074_ITS_ANG_XX.wav,2245,228,327,0.1193,17.42,36.76,4633012,ANG (Angry)
1074_ITS_SAD_XX.wav,478,199,277,0.0756,21.05,30.6,45963,SAD (Sadness)
1074_ITS_HAP_XX.wav,1395,214,305,0.0948,17.03,36.5,914458,HAP (Happy)
1074_ITS_DIS_XX.wav,1065,194,340,0.0961,29.65,35.45,449197,DIS (Disgust)
1074_ITS_NEU_XX.wav,424,175,340,0.0854,25.65,30.52,64101,NEU (Neutral)
1074_IWL_FEA_XX.wav,713,205,248,0.072,21.25,25.18,167536,FEA (Fear)
1074_IWL_DIS_XX.wav,1207,208,339,0.0761,21.91,28.33,550057,DIS (Disgust)
1074_IWL_HAP_XX.wav,1769,208,335,0.0831,22.9,27.91,2162352,HAP (Happy)
1074_IWL_ANG_XX.wav,3188,242,295,0.0962,16.76,29.6,7712499,ANG (Angry)
1074_IWL_NEU_XX.wav,586,188,343,0.0629,33.8,25.97,109011,NEU (Neutral)
1074_IWL_SAD_XX.wav,418,193,338,0.0621,35.5,23.56,38801,SAD (Sadness)
1074_IWW_ANG_XX.wav,2662,227,345,0.0883,22.86,32.82,4920995,ANG (Angry)
1074_IWW_HAP_XX.wav,1324,208,345,0.0796,26.43,33.4,689071,HAP (Happy)
1074_IWW_FEA_XX.wav,449,188,344,0.0752,32.84,27.49,58541,FEA (Fear)
1074_IWW_DIS_XX.wav,1592,215,343,0.091,16.28,31.86,1652547,DIS (Disgust)
1074_IWW_NEU_XX.wav,485,173,337,0.0719,30.93,26.89,50128,NEU (Neutral)
1074_IWW_SAD_XX.wav,338,194,345,0.0649,33.11,26.74,15529,SAD (Sadness)
1074_MTI_NEU_XX.wav,588,193,325,0.0673,25.99,25.2,71229,NEU (Neutral)
1074_MTI_FEA_XX.wav,2204,245,333,0.0728,17.94,28.48,2127937,FEA (Fear)
1074_MTI_HAP_XX.wav,1697,251,346,0.0712,17.81,26.74,1143200,HAP (Happy)
1074_MTI_ANG_XX.wav,3318,233,332,0.0801,14.22,28.64,4969260,ANG (Angry)
1074_MTI_DIS_XX.wav,1897,231,341,0.0749,16.94,29.03,1313564,DIS (Disgust)
1074_MTI_SAD_XX.wav,650,199,338,0.0664,23.16,26.19,103152,SAD (Sadness)
1074_TAI_DIS_XX.wav,1345,212,347,0.1163,19.71,30.11,842493,DIS (Disgust)
1074_TAI_ANG_XX.wav,3225,258,332,0.1112,18.47,29.79,7279779,ANG (Angry)
1074_TAI_FEA_XX.wav,1222,226,340,0.0883,20.18,30.45,450299,FEA (Fear)
1074_TAI_HAP_XX.wav,1869,236,336,0.0909,21.94,31.19,2471504,HAP (Happy)
1074_TAI_SAD_XX.wav,483,189,330,0.0841,26.06,24.77,47099,SAD (Sadness)
1074_TAI_NEU_XX.wav,612,191,340,0.0844,36.91,27.17,128903,NEU (Neutral)
1074_TIE_HAP_XX.wav,2194,250,338,0.0862,20.53,32.57,3679355,HAP (Happy)
1074_TIE_ANG_XX.wav,2560,227,342,0.1067,18.21,28.48,10934975,ANG (Angry)
1074_TIE_NEU_XX.wav,341,173,316,0.0624,32.17,24.37,20184,NEU (Neutral)
1074_TIE_DIS_XX.wav,845,201,340,0.0892,23.22,28.14,563518,DIS (Disgust)
1074_TIE_FEA_XX.wav,234,184,345,0.0616,35.23,25.94,6445,FEA (Fear)
1074_TSI_ANG_XX.wav,2733,243,336,0.1509,17.8,37.25,7314510,ANG (Angry)
1074_TSI_HAP_XX.wav,1367,221,339,0.1153,29.36,43.68,1560747,HAP (Happy)
1074_TSI_SAD_XX.wav,507,195,250,0.1267,24.31,33.25,94212,SAD (Sadness)
1074_TSI_DIS_XX.wav,1189,212,340,0.1505,26.84,32.09,848327,DIS (Disgust)
1074_TIE_SAD_XX.wav,299,171,345,0.0648,31.48,23.31,24047,SAD (Sadness)
1074_TSI_NEU_XX.wav,407,190,331,0.1087,39.55,29.12,52417,NEU (Neutral)
1074_TSI_FEA_XX.wav,692,218,339,0.1119,31.18,40.81,354972,FEA (Fear)
1074_WSI_ANG_XX.wav,2546,222,323,0.1439,24.45,35.11,7011867,ANG (Angry)
1074_WSI_DIS_XX.wav,1926,212,336,0.1114,26.09,34.08,3564751,DIS (Disgust)
1074_WSI_HAP_XX.wav,1281,224,345,0.0977,26.73,38.47,863430,HAP (Happy)
1074_WSI_NEU_XX.wav,493,191,334,0.0843,29.64,29.7,94870,NEU (Neutral)
1074_WSI_FEA_XX.wav,824,219,321,0.1079,21.61,34.33,496088,FEA (Fear)
1075_DFA_DIS_XX.wav,203,164,343,0.0607,54.73,20.42,2739,DIS (Disgust)
1074_WSI_SAD_XX.wav,492,205,337,0.1017,26.43,29.95,101225,SAD (Sadness)
1075_DFA_FEA_XX.wav,211,163,338,0.057,42.89,20.8,2415,FEA (Fear)
1075_DFA_ANG_XX.wav,725,199,344,0.0904,32.55,29.33,437557,ANG (Angry)
1075_DFA_SAD_XX.wav,181,175,342,0.05,46.13,20.23,1130,SAD (Sadness)
1075_DFA_NEU_XX.wav,267,178,341,0.0615,43.89,21.89,13100,NEU (Neutral)
1075_DFA_HAP_XX.wav,431,204,343,0.0656,26.21,28.44,47588,HAP (Happy)
1075_IEO_ANG_HI.wav,1793,244,338,0.1136,25.66,33.64,3988390,ANG (Angry)
1075_IEO_DIS_LO.wav,254,181,344,0.0656,42.47,20.31,6386,DIS (Disgust)
1075_IEO_DIS_HI.wav,217,178,331,0.0616,44.0,23.82,5644,DIS (Disgust)
1075_IEO_ANG_MD.wav,742,210,323,0.0716,21.84,29.75,175297,ANG (Angry)
1075_IEO_DIS_MD.wav,212,159,343,0.0564,47.07,20.26,2539,DIS (Disgust)
1075_IEO_FEA_HI.wav,2630,218,340,0.1073,34.67,38.13,8459280,FEA (Fear)
1075_IEO_ANG_LO.wav,371,196,339,0.065,33.03,28.57,24914,ANG (Angry)
1075_IEO_HAP_HI.wav,1319,281,321,0.1247,20.03,28.66,1437154,HAP (Happy)
1075_IEO_FEA_LO.wav,218,164,289,0.0586,47.48,22.61,3222,FEA (Fear)
1075_IEO_HAP_MD.wav,239,167,282,0.053,35.46,20.67,4432,HAP (Happy)
1075_IEO_HAP_LO.wav,358,207,344,0.061,35.3,29.28,23568,HAP (Happy)
1075_IEO_NEU_XX.wav,323,174,342,0.0673,35.7,26.15,16750,NEU (Neutral)
1075_IEO_SAD_LO.wav,190,160,280,0.0489,42.34,18.95,1280,SAD (Sadness)
1075_IEO_FEA_MD.wav,260,169,342,0.0569,38.29,21.73,7588,FEA (Fear)
1075_IOM_ANG_XX.wav,904,207,327,0.0713,31.62,23.62,339586,ANG (Angry)
1075_IOM_DIS_XX.wav,247,178,346,0.0502,39.77,18.63,3225,DIS (Disgust)
1075_IEO_SAD_HI.wav,180,160,342,0.0536,51.24,20.64,1232,SAD (Sadness)
1075_IEO_SAD_MD.wav,192,161,345,0.0503,42.86,18.96,1512,SAD (Sadness)
1075_IOM_SAD_XX.wav,266,173,332,0.0562,31.24,17.6,5997,SAD (Sadness)
1075_IOM_FEA_XX.wav,267,181,342,0.0501,30.21,21.96,3529,FEA (Fear)
1075_IOM_NEU_XX.wav,419,173,343,0.0608,30.57,22.09,32333,NEU (Neutral)
1075_ITH_DIS_XX.wav,213,182,345,0.0568,46.36,24.2,2065,DIS (Disgust)
1075_IOM_HAP_XX.wav,469,221,333,0.0667,21.53,25.59,43253,HAP (Happy)
1075_ITH_HAP_XX.wav,592,210,343,0.0617,25.67,29.32,130606,HAP (Happy)
1075_ITH_ANG_XX.wav,518,191,343,0.0708,32.65,34.55,125745,ANG (Angry)
1075_ITH_SAD_XX.wav,211,164,339,0.0551,43.65,20.75,2091,SAD (Sadness)
1075_ITH_FEA_XX.wav,270,168,344,0.0575,37.85,20.03,5670,FEA (Fear)
1075_ITS_ANG_XX.wav,1082,233,338,0.1118,28.71,32.82,417250,ANG (Angry)
1075_ITH_NEU_XX.wav,307,165,343,0.0605,31.12,23.09,16134,NEU (Neutral)
1075_ITS_NEU_XX.wav,367,177,337,0.0814,36.02,24.32,18020,NEU (Neutral)
1075_ITS_FEA_XX.wav,312,179,346,0.0632,34.32,26.86,7298,FEA (Fear)
1075_ITS_SAD_XX.wav,205,176,343,0.0638,45.27,22.52,1766,SAD (Sadness)
1075_ITS_DIS_XX.wav,193,168,344,0.0629,45.83,25.36,2080,DIS (Disgust)
1075_ITS_HAP_XX.wav,617,218,339,0.0926,30.61,33.17,62839,HAP (Happy)
1075_IWL_DIS_XX.wav,210,174,342,0.0524,47.92,20.79,2129,DIS (Disgust)
1075_IWL_FEA_XX.wav,249,157,346,0.0482,35.21,21.25,2353,FEA (Fear)
1075_IWL_HAP_XX.wav,420,210,338,0.0636,32.93,26.83,42537,HAP (Happy)
1075_IWL_NEU_XX.wav,359,170,237,0.057,24.67,19.54,22967,NEU (Neutral)
1075_IWL_ANG_XX.wav,758,212,336,0.0676,28.62,26.61,225863,ANG (Angry)
1075_IWL_SAD_XX.wav,183,158,342,0.0504,54.79,20.0,1070,SAD (Sadness)
1075_IWW_ANG_XX.wav,810,212,340,0.0801,30.65,32.13,230076,ANG (Angry)
1075_IWW_HAP_XX.wav,495,201,336,0.061,45.64,25.71,33853,HAP (Happy)
1075_IWW_FEA_XX.wav,228,178,331,0.0618,40.22,25.49,3217,FEA (Fear)
1075_IWW_DIS_XX.wav,182,164,343,0.0612,51.68,20.12,1493,DIS (Disgust)
1075_IWW_NEU_XX.wav,343,177,338,0.0702,29.77,28.64,17174,NEU (Neutral)
1075_MTI_ANG_XX.wav,466,187,343,0.0624,29.81,28.93,36098,ANG (Angry)
1075_IWW_SAD_XX.wav,215,174,344,0.0508,45.51,21.81,1745,SAD (Sadness)
1075_MTI_FEA_XX.wav,288,186,340,0.0527,40.05,23.31,5411,FEA (Fear)
1075_MTI_NEU_XX.wav,433,197,342,0.0659,30.46,24.22,30218,NEU (Neutral)
1075_MTI_HAP_XX.wav,446,213,338,0.0554,33.2,30.26,42527,HAP (Happy)
1075_MTI_DIS_XX.wav,233,168,345,0.0579,50.91,18.94,2880,DIS (Disgust)
1075_MTI_SAD_XX.wav,240,184,343,0.0531,33.9,21.68,2798,SAD (Sadness)
1075_TAI_FEA_XX.wav,291,178,343,0.0586,30.87,26.04,6732,FEA (Fear)
1075_TAI_HAP_XX.wav,813,258,338,0.0684,20.39,22.67,133892,HAP (Happy)
1075_TAI_ANG_XX.wav,746,223,328,0.0739,27.55,26.31,132310,ANG (Angry)
1075_TAI_DIS_XX.wav,210,158,343,0.0566,49.22,21.53,1984,DIS (Disgust)
1075_TAI_NEU_XX.wav,362,190,341,0.0681,34.43,22.08,14469,NEU (Neutral)
1075_TAI_SAD_XX.wav,218,176,339,0.0534,39.06,18.9,2312,SAD (Sadness)
1075_TIE_FEA_XX.wav,294,177,345,0.0554,45.24,27.12,19956,FEA (Fear)
1075_TIE_NEU_XX.wav,252,182,339,0.0548,41.77,20.42,5551,NEU (Neutral)
1075_TIE_ANG_XX.wav,658,210,342,0.0946,29.83,31.55,368248,ANG (Angry)
1075_TIE_DIS_XX.wav,213,154,264,0.0526,37.23,22.39,2341,DIS (Disgust)
1075_TIE_HAP_XX.wav,294,191,333,0.0564,30.95,24.2,9556,HAP (Happy)
1075_TSI_FEA_XX.wav,306,185,328,0.1065,41.26,29.28,17699,FEA (Fear)
1075_TIE_SAD_XX.wav,190,185,339,0.0491,42.9,20.85,1289,SAD (Sadness)
1075_TSI_ANG_XX.wav,828,224,347,0.1822,32.53,31.8,636879,ANG (Angry)
1075_TSI_HAP_XX.wav,799,246,331,0.125,29.59,41.39,208838,HAP (Happy)
1075_TSI_DIS_XX.wav,197,186,342,0.0998,48.36,19.98,2770,DIS (Disgust)
1075_TSI_SAD_XX.wav,191,163,346,0.0734,49.33,20.86,1471,SAD (Sadness)
1075_TSI_NEU_XX.wav,337,200,334,0.1177,34.8,25.53,21185,NEU (Neutral)
1075_WSI_HAP_XX.wav,360,218,343,0.0915,31.85,29.35,25201,HAP (Happy)
1075_WSI_FEA_XX.wav,268,180,342,0.0593,35.0,24.43,5346,FEA (Fear)
1075_WSI_DIS_XX.wav,247,169,333,0.0712,39.89,21.13,6431,DIS (Disgust)
1075_WSI_ANG_XX.wav,1186,229,344,0.1427,23.39,32.88,1202182,ANG (Angry)
1075_WSI_SAD_XX.wav,206,163,340,0.0549,50.65,22.89,1185,SAD (Sadness)
1075_WSI_NEU_XX.wav,377,193,341,0.092,34.6,23.95,47875,NEU (Neutral)
1076_DFA_ANG_XX.wav,770,204,326,0.1038,28.09,34.37,469829,ANG (Angry)
1076_DFA_HAP_XX.wav,433,191,341,0.0868,37.15,31.57,187910,HAP (Happy)
1076_DFA_DIS_XX.wav,388,184,334,0.0869,28.18,30.52,50756,DIS (Disgust)
1076_DFA_NEU_XX.wav,391,186,316,0.0721,32.52,31.14,44324,NEU (Neutral)
1076_DFA_FEA_XX.wav,470,186,310,0.0699,25.33,30.23,47823,FEA (Fear)
1076_DFA_SAD_XX.wav,290,178,344,0.0612,34.85,22.36,13213,SAD (Sadness)
1076_IEO_ANG_LO.wav,724,188,287,0.0861,34.41,25.82,375280,ANG (Angry)
1076_IEO_ANG_HI.wav,1780,217,340,0.1144,23.79,35.88,2961395,ANG (Angry)
1076_IEO_DIS_LO.wav,204,168,331,0.0718,45.96,21.4,4395,DIS (Disgust)
1076_IEO_DIS_MD.wav,580,188,342,0.1049,40.06,28.9,156635,DIS (Disgust)
1076_IEO_ANG_MD.wav,1140,218,341,0.1057,23.07,29.23,794435,ANG (Angry)
1076_IEO_FEA_HI.wav,1340,232,312,0.1595,24.4,37.42,2031626,FEA (Fear)
1076_IEO_DIS_HI.wav,401,166,341,0.0791,32.95,24.34,42302,DIS (Disgust)
1076_IEO_FEA_LO.wav,296,174,303,0.0633,29.41,22.5,9222,FEA (Fear)
1076_IEO_FEA_MD.wav,270,173,345,0.0707,36.42,24.82,17192,FEA (Fear)
1076_IEO_HAP_HI.wav,1304,231,331,0.1313,21.83,33.55,1397778,HAP (Happy)
1076_IEO_HAP_LO.wav,373,177,345,0.075,28.26,28.83,42129,HAP (Happy)
1076_IEO_HAP_MD.wav,343,177,338,0.0785,36.79,24.47,42098,HAP (Happy)
1076_IEO_SAD_HI.wav,268,182,318,0.067,36.96,26.41,17757,SAD (Sadness)
1076_IEO_NEU_XX.wav,332,183,340,0.0794,33.79,27.95,17628,NEU (Neutral)
1076_IEO_SAD_MD.wav,229,182,344,0.059,40.64,21.42,7110,SAD (Sadness)
1076_IEO_SAD_LO.wav,208,168,340,0.0595,38.72,23.19,4310,SAD (Sadness)
1076_IOM_ANG_XX.wav,623,184,337,0.0835,25.08,20.82,180086,ANG (Angry)
1076_IOM_HAP_XX.wav,634,200,338,0.0693,21.49,23.04,126151,HAP (Happy)
1076_IOM_DIS_XX.wav,382,184,344,0.0755,28.77,20.65,32008,DIS (Disgust)
1076_IOM_NEU_XX.wav,398,190,325,0.0718,25.18,21.38,55683,NEU (Neutral)
1076_IOM_SAD_XX.wav,304,177,326,0.0572,35.21,21.55,12872,SAD (Sadness)
1076_ITH_ANG_XX.wav,679,193,331,0.0969,27.09,32.39,341394,ANG (Angry)
1076_IOM_FEA_XX.wav,388,174,345,0.0549,37.64,17.65,11405,FEA (Fear)
1076_ITH_DIS_XX.wav,313,184,343,0.0808,34.62,30.05,26273,DIS (Disgust)
1076_ITH_HAP_XX.wav,575,197,344,0.0942,29.34,35.66,247787,HAP (Happy)
1076_ITH_NEU_XX.wav,424,192,343,0.0783,27.51,28.71,70729,NEU (Neutral)
1076_ITH_FEA_XX.wav,549,191,324,0.0866,27.42,29.61,119538,FEA (Fear)
1076_ITH_SAD_XX.wav,300,175,336,0.0621,26.19,27.73,14981,SAD (Sadness)
1076_ITS_FEA_XX.wav,469,193,338,0.1049,31.85,26.69,45890,FEA (Fear)
1076_ITS_HAP_XX.wav,787,231,338,0.1024,23.55,32.5,191155,HAP (Happy)
1076_ITS_ANG_XX.wav,530,186,348,0.1152,26.06,29.12,160431,ANG (Angry)
1076_IWL_ANG_XX.wav,738,204,338,0.0762,27.1,27.98,166022,ANG (Angry)
1076_ITS_DIS_XX.wav,259,176,344,0.0985,41.01,24.85,20114,DIS (Disgust)
1076_ITS_SAD_XX.wav,304,169,342,0.0894,39.11,21.93,10688,SAD (Sadness)
1076_IWL_DIS_XX.wav,401,186,339,0.0644,30.71,23.11,32016,DIS (Disgust)
1076_IWL_FEA_XX.wav,474,189,332,0.0668,25.05,25.0,50118,FEA (Fear)
1076_IWL_HAP_XX.wav,949,211,323,0.0856,25.03,33.54,427086,HAP (Happy)
1076_IWW_HAP_XX.wav,696,197,338,0.1057,38.7,34.83,219436,HAP (Happy)
1076_IWL_SAD_XX.wav,421,176,336,0.0638,27.82,22.72,28142,SAD (Sadness)
1076_MTI_SAD_XX.wav,0,0,0,0,0,0,0,SAD (Sadness)
1076_IWW_FEA_XX.wav,334,184,336,0.0767,30.12,23.45,14485,FEA (Fear)
1076_IWW_DIS_XX.wav,339,181,342,0.0888,35.44,24.38,32685,DIS (Disgust)
1076_IWW_SAD_XX.wav,381,176,341,0.0784,30.72,24.85,38696,SAD (Sadness)
1076_MTI_ANG_XX.wav,746,202,346,0.0834,22.42,27.62,280910,ANG (Angry)
1076_IWL_NEU_XX.wav,448,190,337,0.0736,26.38,26.65,74103,NEU (Neutral)
1076_IWW_ANG_XX.wav,709,188,348,0.1171,28.97,32.2,203739,ANG (Angry)
1076_IWW_NEU_XX.wav,395,177,340,0.0806,32.54,23.76,33789,NEU (Neutral)
1076_MTI_HAP_XX.wav,645,221,331,0.0744,23.73,31.87,76921,HAP (Happy)
1076_MTI_FEA_XX.wav,498,189,303,0.0706,23.17,21.35,32467,FEA (Fear)
1076_MTI_DIS_XX.wav,351,182,343,0.067,37.68,22.91,26256,DIS (Disgust)
1076_MTI_NEU_XX.wav,464,188,310,0.0774,22.92,25.42,38331,NEU (Neutral)
1076_TAI_SAD_XX.wav,408,178,338,0.0863,32.84,26.74,32606,SAD (Sadness)
1076_TAI_FEA_XX.wav,904,212,267,0.1161,22.55,33.28,431878,FEA (Fear)
1076_TAI_NEU_XX.wav,311,189,337,0.0848,36.81,21.8,24816,NEU (Neutral)
1076_TAI_HAP_XX.wav,747,230,338,0.097,29.04,34.2,258577,HAP (Happy)
1076_TAI_DIS_XX.wav,342,187,326,0.0849,34.55,22.63,18802,DIS (Disgust)
1076_TIE_ANG_XX.wav,840,192,331,0.1006,24.8,32.02,995478,ANG (Angry)
1076_TAI_ANG_XX.wav,775,203,329,0.1099,26.25,24.3,318112,ANG (Angry)
1076_TIE_FEA_XX.wav,472,177,338,0.078,28.05,26.91,66269,FEA (Fear)
1076_TIE_DIS_XX.wav,402,188,332,0.0881,36.98,27.65,94253,DIS (Disgust)
1076_TSI_ANG_XX.wav,834,214,339,0.205,24.59,31.72,379426,ANG (Angry)
1076_TIE_NEU_XX.wav,391,184,343,0.0738,38.88,27.21,84877,NEU (Neutral)
1076_TIE_SAD_XX.wav,281,175,324,0.062,35.55,24.27,10907,SAD (Sadness)
1076_TSI_DIS_XX.wav,344,195,336,0.1691,29.17,25.73,29119,DIS (Disgust)
1076_TIE_HAP_XX.wav,495,168,305,0.0798,30.58,26.87,247500,HAP (Happy)
1076_TSI_FEA_XX.wav,930,249,308,0.1763,19.37,31.32,502035,FEA (Fear)
1076_TSI_SAD_XX.wav,310,174,345,0.1739,34.4,28.59,22682,SAD (Sadness)
1076_TSI_HAP_XX.wav,493,212,342,0.153,37.06,28.74,162267,HAP (Happy)
1076_TSI_NEU_XX.wav,361,193,329,0.1685,33.43,26.76,28830,NEU (Neutral)
1076_WSI_ANG_XX.wav,787,198,335,0.1483,32.93,28.72,614150,ANG (Angry)
1076_WSI_DIS_XX.wav,364,180,345,0.131,34.22,20.57,42234,DIS (Disgust)
1076_WSI_HAP_XX.wav,485,199,338,0.1497,29.36,33.33,99645,HAP (Happy)
1076_WSI_FEA_XX.wav,469,193,291,0.1147,28.72,29.93,63962,FEA (Fear)
1076_WSI_NEU_XX.wav,391,184,288,0.1077,29.59,28.08,56923,NEU (Neutral)
1077_DFA_DIS_XX.wav,717,166,342,0.0605,47.79,36.28,168981,DIS (Disgust)
1077_DFA_SAD_XX.wav,477,162,340,0.0579,45.36,31.14,38387,SAD (Sadness)
1077_DFA_ANG_XX.wav,1501,173,342,0.0752,47.26,37.87,1760868,ANG (Angry)
1077_DFA_FEA_XX.wav,368,162,347,0.0602,37.11,28.88,24528,FEA (Fear)
1076_WSI_SAD_XX.wav,259,182,341,0.0848,35.69,25.14,11800,SAD (Sadness)
1077_DFA_HAP_XX.wav,687,163,343,0.0551,42.35,27.97,206164,HAP (Happy)
1077_DFA_NEU_XX.wav,869,161,325,0.0695,45.17,34.32,237310,NEU (Neutral)
1077_IEO_ANG_HI.wav,5758,219,338,0.1183,22.96,31.36,24412466,ANG (Angry)
1077_IEO_ANG_MD.wav,2401,183,324,0.0856,26.99,42.32,2577084,ANG (Angry)
1077_IEO_ANG_LO.wav,1825,170,341,0.0812,41.01,39.92,1232657,ANG (Angry)
1077_IEO_DIS_MD.wav,699,173,333,0.0699,50.3,37.53,142204,DIS (Disgust)
1077_IEO_DIS_HI.wav,496,169,343,0.0581,44.06,28.06,59793,DIS (Disgust)
1077_IEO_DIS_LO.wav,337,157,341,0.0589,47.08,32.15,22454,DIS (Disgust)
1077_IEO_HAP_LO.wav,534,143,342,0.0604,44.52,30.48,59165,HAP (Happy)
1077_IEO_FEA_MD.wav,439,158,328,0.0612,45.45,28.49,37892,FEA (Fear)
1077_IEO_FEA_LO.wav,321,156,341,0.0572,52.41,27.28,13965,FEA (Fear)
1077_IEO_FEA_HI.wav,1587,188,326,0.0775,32.45,41.52,1268620,FEA (Fear)
1077_IEO_HAP_MD.wav,757,165,343,0.0654,41.14,37.89,252075,HAP (Happy)
1077_IEO_HAP_HI.wav,860,167,341,0.0687,46.38,35.99,360587,HAP (Happy)
1077_IEO_NEU_XX.wav,305,157,341,0.0576,41.83,25.07,10225,NEU (Neutral)
1077_IEO_SAD_LO.wav,303,150,331,0.0537,39.66,29.52,10921,SAD (Sadness)
1077_IEO_SAD_HI.wav,199,151,342,0.0581,49.09,25.3,3567,SAD (Sadness)
1077_IEO_SAD_MD.wav,308,146,316,0.0572,44.42,26.2,16464,SAD (Sadness)
1077_IOM_DIS_XX.wav,748,152,339,0.051,42.96,22.01,172042,DIS (Disgust)
1077_IOM_ANG_XX.wav,2527,176,340,0.07,34.8,28.33,4835718,ANG (Angry)
1077_IOM_HAP_XX.wav,625,172,344,0.0529,41.74,25.62,155869,HAP (Happy)
1077_IOM_FEA_XX.wav,1480,169,343,0.0595,39.76,23.04,1169149,FEA (Fear)
1077_IOM_SAD_XX.wav,524,154,338,0.0538,39.85,21.33,56436,SAD (Sadness)
1077_IOM_NEU_XX.wav,515,159,340,0.0496,49.16,18.12,56997,NEU (Neutral)
1077_ITH_FEA_XX.wav,656,172,338,0.0586,41.05,35.85,154466,FEA (Fear)
1077_ITH_ANG_XX.wav,2030,167,342,0.0862,45.73,40.7,2840403,ANG (Angry)
1077_ITH_NEU_XX.wav,880,174,335,0.0685,41.36,35.36,276600,NEU (Neutral)
1077_ITH_HAP_XX.wav,661,180,341,0.0656,43.08,36.37,117185,HAP (Happy)
1077_ITH_SAD_XX.wav,536,169,334,0.0544,44.48,31.57,64436,SAD (Sadness)
1077_ITS_ANG_XX.wav,1742,188,330,0.124,43.95,35.2,2012176,ANG (Angry)
1077_ITH_DIS_XX.wav,654,168,333,0.0695,42.22,34.32,214000,DIS (Disgust)
1077_ITS_FEA_XX.wav,573,159,343,0.0812,55.04,30.45,64185,FEA (Fear)
1077_ITS_HAP_XX.wav,1037,177,339,0.0826,50.83,39.24,434643,HAP (Happy)
1077_ITS_SAD_XX.wav,491,144,325,0.0777,45.57,28.66,53522,SAD (Sadness)
1077_ITS_DIS_XX.wav,340,167,343,0.083,42.41,24.52,20201,DIS (Disgust)
1077_ITS_NEU_XX.wav,728,145,328,0.0901,44.48,33.1,166763,NEU (Neutral)
1077_IWL_ANG_XX.wav,2784,177,336,0.0845,41.05,30.56,3246289,ANG (Angry)
1077_IWL_DIS_XX.wav,437,159,343,0.0479,41.92,22.45,24186,DIS (Disgust)
1077_IWL_HAP_XX.wav,1085,159,344,0.0584,43.7,25.73,344436,HAP (Happy)
1077_IWL_FEA_XX.wav,1107,168,331,0.0532,45.27,27.04,297473,FEA (Fear)
1077_IWW_FEA_XX.wav,1637,166,340,0.0776,53.21,33.15,745432,FEA (Fear)
1077_IWL_NEU_XX.wav,904,163,339,0.059,38.85,23.44,214923,NEU (Neutral)
1077_IWL_SAD_XX.wav,407,156,339,0.0539,43.46,24.81,24470,SAD (Sadness)
1077_IWW_NEU_XX.wav,430,158,341,0.0711,47.98,26.93,28878,NEU (Neutral)
1077_IWW_ANG_XX.wav,2711,195,343,0.0983,34.01,29.04,3205564,ANG (Angry)
1077_IWW_HAP_XX.wav,574,180,340,0.0627,45.69,35.44,72347,HAP (Happy)
1077_IWW_DIS_XX.wav,888,165,332,0.0711,36.24,25.74,219978,DIS (Disgust)
1077_IWW_SAD_XX.wav,414,163,341,0.0646,51.87,27.88,21682,SAD (Sadness)
1077_MTI_FEA_XX.wav,604,174,335,0.0543,42.78,26.06,63354,FEA (Fear)
1077_MTI_DIS_XX.wav,649,188,328,0.0568,42.14,27.11,86787,DIS (Disgust)
1077_MTI_ANG_XX.wav,1760,184,337,0.0631,38.51,27.33,1245627,ANG (Angry)
1077_MTI_NEU_XX.wav,1026,185,323,0.0614,48.35,25.45,253641,NEU (Neutral)
1077_MTI_HAP_XX.wav,1188,176,344,0.0589,49.31,25.12,397326,HAP (Happy)
1077_TAI_HAP_XX.wav,966,170,341,0.0756,45.97,26.65,236779,HAP (Happy)
1077_MTI_SAD_XX.wav,829,164,343,0.0534,45.21,26.64,272220,SAD (Sadness)
1077_TAI_NEU_XX.wav,505,157,342,0.06,41.7,24.86,28780,NEU (Neutral)
1077_TAI_DIS_XX.wav,468,160,343,0.064,40.67,25.97,49097,DIS (Disgust)
1077_TAI_SAD_XX.wav,368,149,344,0.0557,40.49,25.25,13865,SAD (Sadness)
1077_TAI_ANG_XX.wav,2587,175,340,0.0935,30.48,38.47,3163634,ANG (Angry)
1077_TAI_FEA_XX.wav,502,158,335,0.0618,43.08,25.55,50106,FEA (Fear)
1077_TIE_ANG_XX.wav,1378,151,343,0.084,35.93,33.5,1723759,ANG (Angry)
1077_TIE_NEU_XX.wav,449,170,325,0.0591,38.95,31.72,40950,NEU (Neutral)
1077_TIE_FEA_XX.wav,491,159,328,0.0745,42.52,30.62,65006,FEA (Fear)
1077_TSI_ANG_XX.wav,1185,195,339,0.1895,42.78,34.51,675985,ANG (Angry)
1077_TSI_FEA_XX.wav,734,177,340,0.1493,48.15,33.87,225725,FEA (Fear)
1077_TIE_HAP_XX.wav,573,171,340,0.0678,47.37,37.49,149557,HAP (Happy)
1077_TIE_SAD_XX.wav,438,157,345,0.0605,39.95,25.51,43754,SAD (Sadness)
1077_TSI_SAD_XX.wav,418,184,342,0.1059,43.86,30.41,57626,SAD (Sadness)
1077_TSI_NEU_XX.wav,512,174,342,0.1269,46.81,30.39,81357,NEU (Neutral)
1077_TSI_HAP_XX.wav,657,192,329,0.1219,39.83,42.15,170741,HAP (Happy)
1077_TSI_DIS_XX.wav,490,181,325,0.1374,42.51,30.5,84923,DIS (Disgust)
1077_TIE_DIS_XX.wav,427,168,342,0.0627,46.46,29.92,44936,DIS (Disgust)
1077_WSI_ANG_XX.wav,1843,187,342,0.1642,40.61,36.01,2274560,ANG (Angry)
1077_WSI_NEU_XX.wav,1020,155,341,0.1108,42.53,35.24,534683,NEU (Neutral)
1077_WSI_DIS_XX.wav,581,182,342,0.1023,47.92,34.06,235592,DIS (Disgust)
1077_WSI_FEA_XX.wav,498,164,342,0.0904,39.23,32.03,76618,FEA (Fear)
1077_WSI_HAP_XX.wav,1131,171,342,0.1056,50.88,37.61,915706,HAP (Happy)
1078_DFA_ANG_XX.wav,1508,214,330,0.1088,26.21,44.03,2436765,ANG (Angry)
1078_DFA_FEA_XX.wav,1479,251,339,0.0794,21.28,45.49,700444,FEA (Fear)
1077_WSI_SAD_XX.wav,502,180,342,0.0837,47.12,31.27,115618,SAD (Sadness)
1078_DFA_HAP_XX.wav,778,208,322,0.071,28.07,39.22,363044,HAP (Happy)
1078_DFA_DIS_XX.wav,472,199,340,0.0926,27.11,41.21,88659,DIS (Disgust)
1078_DFA_NEU_XX.wav,435,187,337,0.0693,32.06,36.09,71371,NEU (Neutral)
1078_DFA_SAD_XX.wav,265,176,340,0.0633,36.88,25.94,8263,SAD (Sadness)
1078_IEO_ANG_LO.wav,735,200,341,0.0836,31.28,33.86,272147,ANG (Angry)
1078_IEO_ANG_HI.wav,3288,223,342,0.1044,35.62,32.92,13331103,ANG (Angry)
1078_IEO_ANG_MD.wav,1928,226,341,0.0956,21.78,36.03,2460567,ANG (Angry)
1078_IEO_DIS_HI.wav,563,188,344,0.0693,38.7,38.21,236843,DIS (Disgust)
1078_IEO_DIS_LO.wav,308,193,339,0.062,35.54,28.01,14755,DIS (Disgust)
1078_IEO_FEA_MD.wav,638,203,343,0.0761,29.0,30.73,189653,FEA (Fear)
1078_IEO_FEA_LO.wav,370,175,332,0.0671,29.5,30.7,33631,FEA (Fear)
1078_IEO_FEA_HI.wav,3359,229,341,0.0793,27.67,41.57,4654677,FEA (Fear)
1078_IEO_DIS_MD.wav,988,234,338,0.0875,28.63,33.78,649037,DIS (Disgust)
1078_IEO_HAP_LO.wav,364,180,205,0.0646,21.95,24.22,15427,HAP (Happy)
1078_IEO_HAP_HI.wav,2246,246,321,0.0924,24.38,34.17,2363024,HAP (Happy)
1078_IEO_HAP_MD.wav,1052,216,342,0.0751,23.76,31.93,667607,HAP (Happy)
1078_IEO_SAD_LO.wav,281,183,340,0.049,34.51,21.68,5047,SAD (Sadness)
1078_IEO_SAD_HI.wav,353,181,302,0.0721,33.92,29.57,30384,SAD (Sadness)
1078_IOM_DIS_XX.wav,402,175,344,0.0617,29.51,22.9,26644,DIS (Disgust)
1078_IEO_SAD_MD.wav,352,179,339,0.0608,28.22,28.97,22608,SAD (Sadness)
1078_IOM_FEA_XX.wav,774,208,343,0.0577,17.62,31.91,111058,FEA (Fear)
1078_IOM_HAP_XX.wav,804,238,332,0.0702,24.68,32.67,178178,HAP (Happy)
1078_IEO_NEU_XX.wav,286,182,341,0.0573,25.85,26.25,14541,NEU (Neutral)
1078_IOM_SAD_XX.wav,388,178,311,0.0541,21.41,19.36,14917,SAD (Sadness)
1078_IOM_NEU_XX.wav,337,186,344,0.066,24.08,23.49,19839,NEU (Neutral)
1078_IOM_ANG_XX.wav,2021,236,330,0.1027,12.77,31.78,3733817,ANG (Angry)
1078_ITH_DIS_XX.wav,410,175,333,0.0715,36.87,33.89,80376,DIS (Disgust)
1078_ITH_ANG_XX.wav,1689,243,338,0.1012,23.02,42.32,1767343,ANG (Angry)
1078_ITH_HAP_XX.wav,853,232,330,0.0758,20.68,34.81,183883,HAP (Happy)
1078_ITH_NEU_XX.wav,520,200,301,0.0679,19.97,34.01,86289,NEU (Neutral)
1078_ITH_FEA_XX.wav,274,180,342,0.0627,33.26,27.11,8693,FEA (Fear)
1078_ITH_SAD_XX.wav,296,185,342,0.0622,24.19,25.91,11411,SAD (Sadness)
1078_ITS_ANG_XX.wav,1508,220,330,0.1278,24.66,38.92,1247846,ANG (Angry)
1078_ITS_HAP_XX.wav,867,227,333,0.0876,25.49,36.65,205203,HAP (Happy)
1078_ITS_DIS_XX.wav,704,205,339,0.1363,22.39,34.56,156000,DIS (Disgust)
1078_ITS_NEU_XX.wav,548,212,285,0.0876,18.9,34.92,80218,NEU (Neutral)
1078_ITS_SAD_XX.wav,371,186,342,0.0954,30.6,29.42,19415,SAD (Sadness)
1078_ITS_FEA_XX.wav,538,207,339,0.0725,28.98,38.52,63233,FEA (Fear)
1078_IWL_DIS_XX.wav,471,183,344,0.0615,31.41,29.44,43517,DIS (Disgust)
1078_IWL_ANG_XX.wav,2268,239,313,0.0798,19.7,33.63,2314441,ANG (Angry)
1078_IWL_FEA_XX.wav,921,240,276,0.0617,12.13,31.43,158510,FEA (Fear)
1078_IWL_HAP_XX.wav,1360,240,343,0.0722,24.3,27.28,509958,HAP (Happy)
1078_IWL_NEU_XX.wav,551,199,344,0.0617,24.51,26.61,69969,NEU (Neutral)
1078_IWL_SAD_XX.wav,583,203,251,0.0585,19.13,20.63,48714,SAD (Sadness)
1078_IWW_FEA_XX.wav,324,209,338,0.0737,28.04,27.62,11848,FEA (Fear)
1078_IWW_DIS_XX.wav,273,176,339,0.0854,43.61,28.52,11568,DIS (Disgust)
1078_IWW_HAP_XX.wav,501,238,341,0.0778,25.46,38.26,40457,HAP (Happy)
1078_IWW_ANG_XX.wav,1031,213,307,0.0932,24.95,34.71,604375,ANG (Angry)
1078_IWW_NEU_XX.wav,361,189,335,0.0711,26.73,30.83,16767,NEU (Neutral)
1078_IWW_SAD_XX.wav,289,182,340,0.0741,28.04,28.02,8952,SAD (Sadness)
1078_MTI_DIS_XX.wav,611,195,314,0.0708,21.99,24.5,85408,DIS (Disgust)
1078_MTI_FEA_XX.wav,1110,237,342,0.0718,19.86,33.38,385291,FEA (Fear)
1078_MTI_ANG_XX.wav,1422,227,336,0.0879,27.28,34.34,677438,ANG (Angry)
1078_MTI_NEU_XX.wav,467,199,340,0.0678,26.96,29.36,39743,NEU (Neutral)
1078_TAI_FEA_XX.wav,772,237,288,0.0964,14.38,32.73,109910,FEA (Fear)
1078_MTI_HAP_XX.wav,566,221,345,0.0666,32.07,26.14,56865,HAP (Happy)
1078_TAI_ANG_XX.wav,2641,246,342,0.0944,22.13,38.79,5291684,ANG (Angry)
1078_MTI_SAD_XX.wav,376,193,341,0.0615,24.92,23.42,16223,SAD (Sadness)
1078_TAI_DIS_XX.wav,776,202,342,0.0989,27.54,30.96,133152,DIS (Disgust)
1078_TAI_HAP_XX.wav,1131,247,342,0.0796,26.62,32.64,374008,HAP (Happy)
1078_TAI_SAD_XX.wav,298,196,336,0.0807,28.4,22.15,8664,SAD (Sadness)
1078_TAI_NEU_XX.wav,389,187,343,0.077,29.01,27.49,22761,NEU (Neutral)
1078_TIE_ANG_XX.wav,1317,206,347,0.105,28.21,41.37,2069665,ANG (Angry)
1078_TSI_DIS_XX.wav,838,221,337,0.1729,30.7,34.82,568416,DIS (Disgust)
1078_TSI_ANG_XX.wav,1237,227,326,0.1834,25.59,47.58,1491678,ANG (Angry)
1078_TIE_DIS_XX.wav,399,174,341,0.1077,35.73,35.59,57083,DIS (Disgust)
1078_TIE_FEA_XX.wav,413,200,345,0.0656,23.8,28.08,29826,FEA (Fear)
1078_TIE_NEU_XX.wav,333,160,346,0.06,31.33,23.83,14779,NEU (Neutral)
1078_TSI_FEA_XX.wav,1571,236,342,0.1209,23.59,48.39,1119045,FEA (Fear)
1078_TIE_HAP_XX.wav,1336,245,340,0.0842,21.24,35.81,1081696,HAP (Happy)
1078_TSI_NEU_XX.wav,571,199,342,0.1417,26.06,37.03,100774,NEU (Neutral)
1078_TIE_SAD_XX.wav,254,169,341,0.0553,36.64,23.2,7919,SAD (Sadness)
1078_TSI_HAP_XX.wav,1003,222,342,0.1392,30.38,41.53,414435,HAP (Happy)
1078_TSI_SAD_XX.wav,359,190,336,0.1581,28.13,32.64,29129,SAD (Sadness)
1079_DFA_DIS_XX.wav,504,197,330,0.0995,31.55,36.16,112751,DIS (Disgust)
1078_WSI_ANG_XX.wav,1887,230,342,0.1655,24.32,39.99,2256748,ANG (Angry)
1078_WSI_HAP_XX.wav,985,230,343,0.1168,22.84,37.87,358952,HAP (Happy)
1079_DFA_ANG_XX.wav,1512,221,338,0.0952,24.48,40.89,2510268,ANG (Angry)
1078_WSI_DIS_XX.wav,877,219,328,0.134,29.52,35.25,530593,DIS (Disgust)
1078_WSI_FEA_XX.wav,1159,260,343,0.1216,14.76,36.51,562541,FEA (Fear)
1078_WSI_NEU_XX.wav,372,183,288,0.0855,24.74,29.76,29854,NEU (Neutral)
1079_DFA_FEA_XX.wav,3917,250,343,0.1149,20.22,45.76,11861023,FEA (Fear)
1078_WSI_SAD_XX.wav,347,189,340,0.1017,30.22,25.01,34907,SAD (Sadness)
1079_DFA_HAP_XX.wav,1108,232,341,0.1066,25.59,37.96,790548,HAP (Happy)
1079_DFA_NEU_XX.wav,374,174,344,0.0724,34.23,33.86,39742,NEU (Neutral)
1079_DFA_SAD_XX.wav,338,186,346,0.061,26.06,31.49,27354,SAD (Sadness)
1079_IEO_ANG_LO.wav,1741,229,331,0.119,17.37,29.38,2396252,ANG (Angry)
1079_IEO_ANG_HI.wav,5781,245,322,0.1579,28.15,29.41,48830473,ANG (Angry)
1079_IEO_DIS_MD.wav,2337,236,345,0.1094,17.04,28.57,3137328,DIS (Disgust)
1079_IEO_DIS_HI.wav,2477,245,342,0.1255,21.66,29.15,5406575,DIS (Disgust)
1079_IEO_ANG_MD.wav,2511,206,305,0.1045,18.85,32.14,6420882,ANG (Angry)
1079_IEO_FEA_HI.wav,5176,257,323,0.1187,14.71,31.49,27710160,FEA (Fear)
1079_IEO_HAP_HI.wav,4236,225,322,0.0942,20.41,32.61,15287548,HAP (Happy)
1079_IEO_HAP_LO.wav,537,189,341,0.068,33.38,34.09,99419,HAP (Happy)
1079_IEO_FEA_LO.wav,573,197,315,0.1088,19.79,28.57,176383,FEA (Fear)
1079_IEO_FEA_MD.wav,364,202,340,0.0695,30.77,26.09,61692,FEA (Fear)
1079_IEO_DIS_LO.wav,932,194,340,0.0815,31.23,28.17,864419,DIS (Disgust)
1079_IEO_HAP_MD.wav,982,200,339,0.0829,21.6,32.06,922548,HAP (Happy)
1079_IEO_NEU_XX.wav,318,158,225,0.0677,36.95,27.88,36299,NEU (Neutral)
1079_IEO_SAD_LO.wav,231,162,236,0.0502,36.18,24.19,4289,SAD (Sadness)
1079_IEO_SAD_HI.wav,225,174,338,0.0626,37.33,26.19,7051,SAD (Sadness)
1079_IEO_SAD_MD.wav,268,177,206,0.0582,29.19,21.06,10228,SAD (Sadness)
1079_IOM_ANG_XX.wav,2062,222,341,0.08,12.17,28.41,1617494,ANG (Angry)
1079_IOM_NEU_XX.wav,413,186,342,0.0659,23.85,21.59,46699,NEU (Neutral)
1079_IOM_SAD_XX.wav,396,180,329,0.0621,23.1,20.58,38961,SAD (Sadness)
1079_IOM_HAP_XX.wav,1014,219,315,0.0772,17.15,26.05,884750,HAP (Happy)
1079_IOM_FEA_XX.wav,469,195,340,0.0648,19.88,22.72,37339,FEA (Fear)
1079_IOM_DIS_XX.wav,825,181,335,0.0731,17.66,22.78,283013,DIS (Disgust)
1079_ITH_ANG_XX.wav,897,182,344,0.08,25.71,40.35,548332,ANG (Angry)
1079_ITH_DIS_XX.wav,565,177,343,0.0819,22.89,31.79,117135,DIS (Disgust)
1079_ITH_FEA_XX.wav,2534,237,331,0.0875,18.91,41.58,3840496,FEA (Fear)
1079_ITH_HAP_XX.wav,1715,224,341,0.0953,21.17,33.44,2875882,HAP (Happy)
1079_ITH_NEU_XX.wav,413,194,332,0.0641,29.3,32.01,37621,NEU (Neutral)
1079_ITS_ANG_XX.wav,1062,207,343,0.1346,26.34,30.5,638894,ANG (Angry)
1079_ITH_SAD_XX.wav,375,179,343,0.0563,21.84,23.41,22778,SAD (Sadness)
1079_ITS_HAP_XX.wav,1499,247,342,0.1035,19.99,37.1,878502,HAP (Happy)
1079_ITS_NEU_XX.wav,483,197,310,0.0943,19.24,29.9,45919,NEU (Neutral)
1079_ITS_DIS_XX.wav,1196,211,343,0.1293,19.88,31.6,1125413,DIS (Disgust)
1079_ITS_FEA_XX.wav,2913,241,337,0.134,18.54,39.22,5390467,FEA (Fear)
1079_ITS_SAD_XX.wav,271,175,342,0.072,30.7,25.05,8129,SAD (Sadness)
1079_IWL_ANG_XX.wav,1864,223,333,0.0827,25.65,28.95,2058261,ANG (Angry)
1079_IWL_DIS_XX.wav,624,198,341,0.0701,28.63,33.81,168898,DIS (Disgust)
1079_IWL_FEA_XX.wav,1233,243,342,0.1053,24.14,29.13,890972,FEA (Fear)
1079_IWL_HAP_XX.wav,1395,222,341,0.0914,25.46,31.47,1324938,HAP (Happy)
1079_IWL_SAD_XX.wav,387,201,343,0.0638,23.65,24.66,31882,SAD (Sadness)
1079_IWW_ANG_XX.wav,899,194,309,0.1116,23.61,32.0,351783,ANG (Angry)
1079_IWL_NEU_XX.wav,550,183,340,0.0675,25.43,27.67,93758,NEU (Neutral)
1079_IWW_HAP_XX.wav,1495,221,343,0.1002,24.11,40.16,1238798,HAP (Happy)
1079_IWW_DIS_XX.wav,876,182,338,0.0763,26.34,25.73,244011,DIS (Disgust)
1079_IWW_SAD_XX.wav,372,201,327,0.0757,24.47,23.18,24220,SAD (Sadness)
1079_IWW_NEU_XX.wav,467,193,342,0.0792,22.62,28.02,43701,NEU (Neutral)
1079_IWW_FEA_XX.wav,590,230,333,0.085,27.03,27.06,85387,FEA (Fear)
1079_MTI_ANG_XX.wav,1336,206,320,0.0802,16.78,32.88,746076,ANG (Angry)
1079_MTI_FEA_XX.wav,1916,247,339,0.0843,25.7,38.57,1777780,FEA (Fear)
1079_MTI_NEU_XX.wav,482,199,342,0.0653,19.76,24.39,40126,NEU (Neutral)
1079_MTI_DIS_XX.wav,665,185,344,0.0737,34.01,26.27,151629,DIS (Disgust)
1079_MTI_HAP_XX.wav,1467,253,328,0.0865,20.73,36.11,836989,HAP (Happy)
1079_TAI_FEA_XX.wav,2007,253,340,0.0966,18.78,37.03,2292954,FEA (Fear)
1079_MTI_SAD_XX.wav,484,189,342,0.0632,18.68,24.57,74813,SAD (Sadness)
1079_TAI_HAP_XX.wav,1150,250,340,0.0989,21.45,32.73,897512,HAP (Happy)
1079_TAI_ANG_XX.wav,1588,200,343,0.1158,27.78,33.88,1280317,ANG (Angry)
1079_TAI_NEU_XX.wav,472,181,342,0.0937,25.59,29.21,62692,NEU (Neutral)
1079_TAI_SAD_XX.wav,318,179,297,0.0674,22.66,23.89,15237,SAD (Sadness)
1079_TAI_DIS_XX.wav,817,194,345,0.0908,25.21,28.59,270093,DIS (Disgust)
1079_TIE_HAP_XX.wav,1999,272,340,0.1229,14.94,39.42,3029998,HAP (Happy)
1079_TIE_FEA_XX.wav,978,193,343,0.0989,21.91,35.52,763776,FEA (Fear)
1079_TIE_NEU_XX.wav,298,178,342,0.0647,29.0,26.14,18549,NEU (Neutral)
1079_TSI_ANG_XX.wav,1269,216,334,0.2036,28.91,42.42,1363367,ANG (Angry)
1079_TSI_FEA_XX.wav,2411,250,336,0.1668,24.32,37.03,6479015,FEA (Fear)
1079_TIE_ANG_XX.wav,2151,221,335,0.139,21.33,31.85,8816305,ANG (Angry)
1079_TSI_HAP_XX.wav,772,210,340,0.1631,29.11,39.31,276272,HAP (Happy)
1079_TIE_SAD_XX.wav,279,175,224,0.0626,28.33,20.19,7177,SAD (Sadness)
1079_TIE_DIS_XX.wav,716,173,342,0.112,25.55,27.69,251908,DIS (Disgust)
1079_TSI_DIS_XX.wav,694,217,342,0.1946,30.04,31.41,245049,DIS (Disgust)
1079_TSI_NEU_XX.wav,372,181,346,0.146,39.34,32.87,32170,NEU (Neutral)
1079_TSI_SAD_XX.wav,367,204,343,0.1269,31.95,30.01,36276,SAD (Sadness)
1079_WSI_ANG_XX.wav,1467,212,288,0.1399,18.78,33.27,1997959,ANG (Angry)
1079_WSI_HAP_XX.wav,1607,223,345,0.1617,27.43,41.36,2337832,HAP (Happy)
1080_DFA_HAP_XX.wav,814,175,343,0.0704,34.8,39.29,247192,HAP (Happy)
1079_WSI_FEA_XX.wav,3326,239,328,0.162,17.35,40.44,9186698,FEA (Fear)
1079_WSI_DIS_XX.wav,711,201,338,0.1013,24.95,40.78,259624,DIS (Disgust)
1079_WSI_SAD_XX.wav,358,188,342,0.097,28.71,28.81,29622,SAD (Sadness)
1079_WSI_NEU_XX.wav,412,193,337,0.1106,24.96,28.96,52954,NEU (Neutral)
1080_DFA_ANG_XX.wav,2210,191,343,0.1253,22.35,34.89,3705291,ANG (Angry)
1080_DFA_FEA_XX.wav,308,151,334,0.0926,41.36,23.77,34261,FEA (Fear)
1080_DFA_NEU_XX.wav,419,150,343,0.0814,40.68,32.0,56217,NEU (Neutral)
1080_DFA_DIS_XX.wav,306,158,342,0.0978,46.67,24.59,32548,DIS (Disgust)
1080_DFA_SAD_XX.wav,274,155,341,0.0704,40.54,24.77,17036,SAD (Sadness)
1080_IEO_ANG_HI.wav,5219,217,288,0.1236,22.41,27.1,16385911,ANG (Angry)
1080_IEO_ANG_LO.wav,509,158,256,0.0933,38.88,28.31,94612,ANG (Angry)
1080_IEO_ANG_MD.wav,1618,187,310,0.0944,25.95,35.65,1042040,ANG (Angry)
1080_IEO_FEA_HI.wav,3332,233,341,0.1183,26.21,35.02,6318025,FEA (Fear)
1080_IEO_FEA_MD.wav,296,149,235,0.0641,41.94,23.45,12780,FEA (Fear)
1080_IEO_DIS_LO.wav,416,154,346,0.0788,42.73,25.41,63020,DIS (Disgust)
1080_IEO_HAP_HI.wav,1546,181,333,0.1008,23.86,37.39,1421353,HAP (Happy)
1080_IEO_DIS_MD.wav,742,173,325,0.0984,31.14,20.93,204198,DIS (Disgust)
1080_IEO_DIS_HI.wav,732,176,315,0.1053,36.0,23.41,170589,DIS (Disgust)
1080_IEO_HAP_LO.wav,404,170,300,0.0704,35.76,30.17,59238,HAP (Happy)
1080_IEO_FEA_LO.wav,303,167,334,0.0814,39.85,32.51,27591,FEA (Fear)
1080_IEO_HAP_MD.wav,791,141,293,0.0863,34.79,27.98,312310,HAP (Happy)
1080_IEO_NEU_XX.wav,350,152,342,0.073,42.5,26.3,20044,NEU (Neutral)
1080_IEO_SAD_HI.wav,837,174,345,0.0797,33.4,27.63,268982,SAD (Sadness)
1080_IOM_ANG_XX.wav,2477,180,330,0.082,21.37,28.05,3904901,ANG (Angry)
1080_IEO_SAD_LO.wav,271,147,346,0.0546,46.95,25.21,9527,SAD (Sadness)
1080_IOM_HAP_XX.wav,1108,157,308,0.0695,28.28,31.12,333268,HAP (Happy)
1080_IEO_SAD_MD.wav,247,149,336,0.0691,42.66,21.57,6952,SAD (Sadness)
1080_IOM_FEA_XX.wav,560,148,258,0.0632,36.89,21.91,69718,FEA (Fear)
1080_IOM_DIS_XX.wav,457,150,337,0.0602,31.09,20.31,32534,DIS (Disgust)
1080_IOM_NEU_XX.wav,663,149,343,0.0656,38.12,20.76,128201,NEU (Neutral)
1080_ITH_DIS_XX.wav,441,156,343,0.0799,43.48,21.27,93042,DIS (Disgust)
1080_IOM_SAD_XX.wav,519,147,338,0.0577,36.91,20.78,57232,SAD (Sadness)
1080_ITH_ANG_XX.wav,1503,171,335,0.1088,31.11,34.83,2664255,ANG (Angry)
1080_ITH_HAP_XX.wav,711,174,322,0.0689,29.89,34.25,192584,HAP (Happy)
1080_ITS_ANG_XX.wav,2000,183,331,0.1547,33.93,27.91,3084277,ANG (Angry)
1080_ITH_NEU_XX.wav,374,149,341,0.0672,41.66,25.58,30706,NEU (Neutral)
1080_ITS_FEA_XX.wav,402,152,341,0.1269,38.21,22.01,80421,FEA (Fear)
1080_ITS_DIS_XX.wav,495,160,344,0.1427,42.41,26.62,101303,DIS (Disgust)
1080_ITH_FEA_XX.wav,307,152,342,0.0672,42.37,25.63,17583,FEA (Fear)
1080_ITS_HAP_XX.wav,574,180,341,0.1124,46.14,33.74,87472,HAP (Happy)
1080_ITH_SAD_XX.wav,309,164,343,0.0639,40.6,25.07,15494,SAD (Sadness)
1080_ITS_NEU_XX.wav,482,148,338,0.1072,36.25,31.9,96706,NEU (Neutral)
1080_IWL_HAP_XX.wav,996,165,345,0.0661,39.42,27.57,262392,HAP (Happy)
1080_ITS_SAD_XX.wav,417,157,341,0.1178,36.56,23.33,50422,SAD (Sadness)
1080_IWL_ANG_XX.wav,4243,216,345,0.1055,18.92,28.04,12587063,ANG (Angry)
1080_IWL_DIS_XX.wav,792,162,342,0.0682,35.37,22.88,210008,DIS (Disgust)
1080_IWW_HAP_XX.wav,681,189,329,0.1069,29.19,35.37,82526,HAP (Happy)
1080_IWL_FEA_XX.wav,610,180,342,0.0539,34.87,27.84,79229,FEA (Fear)
1080_IWW_ANG_XX.wav,1749,192,343,0.1358,35.2,35.89,1383579,ANG (Angry)
1080_IWL_NEU_XX.wav,512,155,342,0.0597,41.94,22.87,53925,NEU (Neutral)
1080_IWW_FEA_XX.wav,380,152,306,0.1092,35.48,23.61,43374,FEA (Fear)
1080_IWL_SAD_XX.wav,324,155,338,0.0557,42.3,21.92,17168,SAD (Sadness)
1080_IWW_NEU_XX.wav,467,173,336,0.1047,47.97,25.74,50092,NEU (Neutral)
1080_IWW_SAD_XX.wav,313,138,342,0.0984,31.81,23.98,29058,SAD (Sadness)
1080_MTI_ANG_XX.wav,2997,202,340,0.0967,28.04,24.91,5259062,ANG (Angry)
1080_IWW_DIS_XX.wav,464,167,338,0.1036,45.55,25.88,97602,DIS (Disgust)
1080_MTI_HAP_XX.wav,1026,193,314,0.0657,26.94,30.58,291429,HAP (Happy)
1080_MTI_FEA_XX.wav,424,154,331,0.061,43.05,23.41,36886,FEA (Fear)
1080_MTI_DIS_XX.wav,499,162,343,0.068,38.88,21.59,60809,DIS (Disgust)
1080_TAI_FEA_XX.wav,795,163,340,0.1111,35.59,26.75,152024,FEA (Fear)
1080_MTI_NEU_XX.wav,602,165,341,0.0609,43.21,24.31,95034,NEU (Neutral)
1080_MTI_SAD_XX.wav,430,174,343,0.0594,44.28,22.19,28973,SAD (Sadness)
1080_TAI_HAP_XX.wav,1320,174,336,0.0816,28.32,32.33,470726,HAP (Happy)
1080_TAI_ANG_XX.wav,3076,200,327,0.1235,28.84,29.3,5231853,ANG (Angry)
1080_TAI_DIS_XX.wav,537,171,342,0.0989,38.88,23.99,69805,DIS (Disgust)
1080_TAI_NEU_XX.wav,511,166,341,0.0683,40.29,28.72,66006,NEU (Neutral)
1080_TAI_SAD_XX.wav,639,169,338,0.0965,33.88,22.92,79775,SAD (Sadness)
1080_TIE_ANG_XX.wav,1249,175,334,0.1398,33.29,28.8,1084771,ANG (Angry)
1080_TIE_DIS_XX.wav,341,168,338,0.1192,44.93,23.04,35557,DIS (Disgust)
1080_TIE_FEA_XX.wav,363,137,342,0.1166,39.52,23.75,35697,FEA (Fear)
1080_TIE_NEU_XX.wav,399,142,345,0.0886,45.1,26.65,40202,NEU (Neutral)
1080_TSI_ANG_XX.wav,1532,184,342,0.1818,32.65,43.96,1661807,ANG (Angry)
1080_TSI_DIS_XX.wav,331,177,342,0.2869,43.27,18.38,91172,DIS (Disgust)
1080_TSI_FEA_XX.wav,669,182,342,0.1561,28.59,28.13,236830,FEA (Fear)
1080_TIE_SAD_XX.wav,284,147,343,0.0943,46.93,22.39,15053,SAD (Sadness)
1080_TSI_HAP_XX.wav,668,182,342,0.179,41.68,32.28,237466,HAP (Happy)
1080_TIE_HAP_XX.wav,790,166,330,0.0874,33.99,31.08,325781,HAP (Happy)
1080_TSI_NEU_XX.wav,471,159,345,0.1568,44.03,31.66,91847,NEU (Neutral)
1080_WSI_HAP_XX.wav,656,170,332,0.1072,35.64,37.35,126080,HAP (Happy)
1080_TSI_SAD_XX.wav,260,171,341,0.1595,44.72,20.61,39835,SAD (Sadness)
1081_DFA_DIS_XX.wav,407,176,303,0.0632,36.44,27.58,26379,DIS (Disgust)
1080_WSI_DIS_XX.wav,461,150,314,0.1209,40.75,25.52,126904,DIS (Disgust)
1080_WSI_ANG_XX.wav,3081,214,322,0.1883,23.54,37.33,9329654,ANG (Angry)
1080_WSI_FEA_XX.wav,576,170,295,0.1167,37.14,29.99,161937,FEA (Fear)
1081_DFA_ANG_XX.wav,1980,170,342,0.093,34.21,38.52,2352467,ANG (Angry)
1080_WSI_NEU_XX.wav,463,156,331,0.1064,38.87,23.9,67805,NEU (Neutral)
1081_DFA_HAP_XX.wav,1151,194,298,0.069,27.15,35.5,488382,HAP (Happy)
1081_DFA_FEA_XX.wav,213,160,321,0.0593,39.23,25.16,3444,FEA (Fear)
1080_WSI_SAD_XX.wav,310,154,347,0.1173,34.12,23.46,31168,SAD (Sadness)
1081_DFA_NEU_XX.wav,294,175,343,0.0645,39.84,28.06,17154,NEU (Neutral)
1081_DFA_SAD_XX.wav,234,161,342,0.0574,50.72,27.82,6241,SAD (Sadness)
1081_IEO_ANG_LO.wav,619,181,333,0.0739,46.49,29.89,123625,ANG (Angry)
1081_IEO_DIS_LO.wav,263,155,222,0.07,47.36,22.19,11932,DIS (Disgust)
1081_IEO_ANG_MD.wav,981,189,344,0.0801,38.86,30.6,610060,ANG (Angry)
1081_IEO_DIS_HI.wav,687,171,324,0.0938,31.95,26.16,118131,DIS (Disgust)
1081_IEO_ANG_HI.wav,2105,179,343,0.1029,32.96,27.3,3158506,ANG (Angry)
1081_IEO_FEA_HI.wav,852,176,340,0.0768,30.42,32.46,391055,FEA (Fear)
1081_IEO_DIS_MD.wav,518,181,339,0.082,36.94,25.44,84626,DIS (Disgust)
1081_IEO_FEA_LO.wav,284,165,347,0.0621,52.11,22.77,12024,FEA (Fear)
1081_IEO_FEA_MD.wav,240,169,262,0.0646,42.69,23.44,8114,FEA (Fear)
1081_IEO_HAP_LO.wav,389,154,340,0.0813,43.01,30.67,62408,HAP (Happy)
1081_IEO_HAP_HI.wav,2613,222,327,0.1295,28.11,34.05,9751291,HAP (Happy)
1081_IEO_SAD_HI.wav,216,169,344,0.0551,35.57,22.32,3997,SAD (Sadness)
1081_IEO_NEU_XX.wav,264,159,328,0.0646,48.03,24.64,7637,NEU (Neutral)
1081_IEO_HAP_MD.wav,555,158,345,0.0876,39.96,28.44,97719,HAP (Happy)
1081_IEO_SAD_LO.wav,230,153,345,0.0663,51.76,20.33,5425,SAD (Sadness)
1081_IOM_ANG_XX.wav,1545,187,337,0.0754,38.93,31.4,960871,ANG (Angry)
1081_IOM_FEA_XX.wav,281,156,309,0.0511,42.79,22.8,5727,FEA (Fear)
1081_IOM_DIS_XX.wav,943,193,330,0.0555,35.44,17.89,128264,DIS (Disgust)
1081_IOM_HAP_XX.wav,712,159,343,0.0546,29.34,23.69,90599,HAP (Happy)
1081_IOM_NEU_XX.wav,325,159,323,0.0551,35.55,15.12,8808,NEU (Neutral)
1081_IEO_SAD_MD.wav,185,170,342,0.0598,38.88,23.62,2167,SAD (Sadness)
1081_IOM_SAD_XX.wav,253,155,342,0.0479,47.64,19.34,3431,SAD (Sadness)
1081_ITH_HAP_XX.wav,1268,188,324,0.0944,31.99,36.47,824869,HAP (Happy)
1081_ITH_ANG_XX.wav,2329,183,346,0.0977,34.08,40.28,4037910,ANG (Angry)
1081_ITH_FEA_XX.wav,303,166,339,0.0563,34.94,23.38,9951,FEA (Fear)
1081_ITH_SAD_XX.wav,254,143,344,0.0583,37.47,23.13,7488,SAD (Sadness)
1081_ITH_DIS_XX.wav,273,158,343,0.0618,41.35,25.4,10198,DIS (Disgust)
1081_ITS_ANG_XX.wav,1311,182,284,0.1311,34.48,32.93,872653,ANG (Angry)
1081_ITH_NEU_XX.wav,330,162,336,0.0668,47.53,29.08,22080,NEU (Neutral)
1081_ITS_HAP_XX.wav,3094,221,275,0.092,17.74,32.29,4234341,HAP (Happy)
1081_ITS_NEU_XX.wav,299,172,338,0.0755,29.26,26.14,11459,NEU (Neutral)
1081_ITS_FEA_XX.wav,322,163,341,0.067,32.48,23.56,13125,FEA (Fear)
1081_ITS_DIS_XX.wav,378,168,341,0.0739,40.53,25.68,23419,DIS (Disgust)
1081_ITS_SAD_XX.wav,229,152,343,0.0773,37.36,21.25,5138,SAD (Sadness)
1081_IWL_DIS_XX.wav,592,166,343,0.0653,40.38,23.03,67816,DIS (Disgust)
1081_IWL_ANG_XX.wav,1743,199,335,0.075,36.37,27.73,998365,ANG (Angry)
1081_IWL_HAP_XX.wav,1361,176,343,0.0713,30.48,26.41,576854,HAP (Happy)
1081_IWL_FEA_XX.wav,279,160,329,0.0552,38.26,22.3,8009,FEA (Fear)
1081_IWL_SAD_XX.wav,266,153,339,0.052,35.63,19.38,4752,SAD (Sadness)
1081_IWW_ANG_XX.wav,992,187,318,0.0883,33.24,38.9,664652,ANG (Angry)
1081_IWL_NEU_XX.wav,353,159,341,0.0559,36.89,21.02,17146,NEU (Neutral)
1081_IWW_HAP_XX.wav,775,204,321,0.0747,42.92,34.88,122419,HAP (Happy)
1081_IWW_FEA_XX.wav,243,160,339,0.0757,45.11,22.78,6109,FEA (Fear)
1081_IWW_NEU_XX.wav,323,160,344,0.0684,41.33,22.87,12594,NEU (Neutral)
1081_IWW_SAD_XX.wav,224,157,342,0.0628,49.1,22.45,2931,SAD (Sadness)
1081_MTI_ANG_XX.wav,2340,194,342,0.0797,35.93,27.22,2561454,ANG (Angry)
1081_IWW_DIS_XX.wav,352,168,331,0.0651,37.94,23.51,19984,DIS (Disgust)
1081_MTI_DIS_XX.wav,470,169,342,0.0625,38.67,22.04,30537,DIS (Disgust)
1081_TAI_ANG_XX.wav,2007,190,337,0.0984,25.05,33.1,1552173,ANG (Angry)
1081_MTI_NEU_XX.wav,373,170,338,0.061,39.98,23.28,17446,NEU (Neutral)
1081_MTI_FEA_XX.wav,399,174,342,0.0565,36.99,22.55,23237,FEA (Fear)
1081_MTI_HAP_XX.wav,1026,198,341,0.0602,29.14,29.84,198318,HAP (Happy)
1081_MTI_SAD_XX.wav,340,149,327,0.0566,38.63,21.61,10265,SAD (Sadness)
1081_TAI_FEA_XX.wav,456,159,342,0.0648,33.0,25.78,31146,FEA (Fear)
1081_TAI_HAP_XX.wav,2460,240,317,0.0815,15.01,35.68,1610431,HAP (Happy)
1081_TAI_NEU_XX.wav,368,163,342,0.0683,41.34,23.46,20084,NEU (Neutral)
1081_TAI_DIS_XX.wav,292,154,335,0.0695,37.8,21.96,9729,DIS (Disgust)
1081_TAI_SAD_XX.wav,321,152,334,0.0635,36.53,21.91,10958,SAD (Sadness)
1081_TIE_ANG_XX.wav,1372,177,332,0.0824,29.72,33.29,1110996,ANG (Angry)
1081_TIE_NEU_XX.wav,372,173,342,0.0679,51.06,25.25,20317,NEU (Neutral)
1081_TIE_HAP_XX.wav,547,175,344,0.0651,34.16,30.93,119106,HAP (Happy)
1081_TSI_ANG_XX.wav,2243,202,297,0.1395,21.68,44.58,3758029,ANG (Angry)
1081_TIE_DIS_XX.wav,437,181,336,0.0744,47.27,24.99,53045,DIS (Disgust)
1081_TIE_FEA_XX.wav,248,160,324,0.0635,36.62,22.55,6947,FEA (Fear)
1081_TSI_FEA_XX.wav,366,172,292,0.1103,36.28,28.72,46745,FEA (Fear)
1081_TIE_SAD_XX.wav,211,156,343,0.0633,51.9,18.61,5071,SAD (Sadness)
1081_TSI_HAP_XX.wav,830,181,342,0.147,38.67,42.66,317427,HAP (Happy)
1081_TSI_SAD_XX.wav,197,159,333,0.0955,46.23,20.59,4878,SAD (Sadness)
1081_TSI_NEU_XX.wav,339,172,340,0.126,41.07,33.21,23406,NEU (Neutral)
1081_TSI_DIS_XX.wav,323,179,340,0.1147,44.49,27.45,25519,DIS (Disgust)
1081_WSI_ANG_XX.wav,342,162,343,0.0652,30.69,27.83,12916,ANG (Angry)
1081_WSI_DIS_XX.wav,304,162,344,0.0748,43.57,25.6,11837,DIS (Disgust)
1082_DFA_DIS_XX.wav,619,163,332,0.1238,45.32,34.87,267633,DIS (Disgust)
1082_DFA_ANG_XX.wav,1203,225,339,0.1544,27.34,39.03,1753057,ANG (Angry)
1081_WSI_FEA_XX.wav,478,166,324,0.0714,34.29,31.09,35258,FEA (Fear)
1082_DFA_FEA_XX.wav,899,211,341,0.1128,25.24,35.3,636036,FEA (Fear)
1081_WSI_HAP_XX.wav,1205,191,335,0.0902,34.7,37.03,581815,HAP (Happy)
1081_WSI_SAD_XX.wav,249,154,341,0.0645,37.2,24.26,6458,SAD (Sadness)
1082_DFA_NEU_XX.wav,421,173,345,0.1056,36.54,36.51,154561,NEU (Neutral)
1081_WSI_NEU_XX.wav,306,162,343,0.0791,43.02,25.63,14299,NEU (Neutral)
1082_DFA_HAP_XX.wav,780,212,341,0.1134,27.31,35.1,807565,HAP (Happy)
1082_DFA_SAD_XX.wav,395,183,341,0.0936,35.01,33.68,79120,SAD (Sadness)
1082_IEO_ANG_LO.wav,1039,192,340,0.1109,23.5,33.95,1040797,ANG (Angry)
1082_IEO_DIS_HI.wav,657,174,342,0.1029,36.97,34.88,220667,DIS (Disgust)
1082_IEO_ANG_MD.wav,907,194,343,0.1177,34.55,38.85,1328967,ANG (Angry)
1082_IEO_ANG_HI.wav,2698,225,342,0.1659,28.62,28.84,10645204,ANG (Angry)
1082_IEO_DIS_LO.wav,368,163,342,0.0829,31.11,28.67,66476,DIS (Disgust)
1082_IEO_DIS_MD.wav,597,161,346,0.1065,39.46,25.56,216291,DIS (Disgust)
1082_IEO_FEA_HI.wav,608,178,342,0.0876,34.66,31.07,205696,FEA (Fear)
1082_IEO_FEA_LO.wav,341,160,341,0.0764,28.69,28.76,27331,FEA (Fear)
1082_IEO_HAP_HI.wav,1175,203,340,0.0905,35.85,37.92,981618,HAP (Happy)
1082_IEO_FEA_MD.wav,430,175,342,0.0869,35.14,28.94,49283,FEA (Fear)
1082_IEO_HAP_LO.wav,478,193,344,0.088,44.45,40.22,135593,HAP (Happy)
1082_IEO_HAP_MD.wav,649,201,342,0.0865,29.71,27.73,247919,HAP (Happy)
1082_IEO_NEU_XX.wav,295,151,343,0.0757,32.93,30.04,33180,NEU (Neutral)
1082_IEO_SAD_HI.wav,207,137,343,0.0747,42.11,26.53,8937,SAD (Sadness)
1082_IEO_SAD_LO.wav,251,149,345,0.0846,32.65,24.91,22194,SAD (Sadness)
1082_IOM_FEA_XX.wav,889,187,343,0.0701,35.02,24.69,260686,FEA (Fear)
1082_IOM_HAP_XX.wav,1167,220,339,0.0849,18.59,27.32,869519,HAP (Happy)
1082_IOM_ANG_XX.wav,1582,203,338,0.1016,21.65,23.18,2309880,ANG (Angry)
1082_IEO_SAD_MD.wav,178,157,342,0.0788,53.78,26.57,8284,SAD (Sadness)
1082_IOM_DIS_XX.wav,532,159,342,0.0598,35.75,21.76,73342,DIS (Disgust)
1082_IOM_NEU_XX.wav,731,177,342,0.0913,22.94,27.91,381265,NEU (Neutral)
1082_IOM_SAD_XX.wav,500,166,344,0.0697,36.88,20.1,71967,SAD (Sadness)
1082_ITH_ANG_XX.wav,872,191,339,0.1333,24.36,36.15,695269,ANG (Angry)
1082_ITH_HAP_XX.wav,1156,226,342,0.1185,21.57,40.63,1167909,HAP (Happy)
1082_ITH_FEA_XX.wav,735,191,343,0.1045,22.34,32.56,235022,FEA (Fear)
1082_ITH_DIS_XX.wav,546,165,340,0.1091,37.67,31.62,192143,DIS (Disgust)
1082_ITH_NEU_XX.wav,648,180,262,0.1127,22.33,32.96,286530,NEU (Neutral)
1082_ITS_ANG_XX.wav,1462,200,339,0.2113,26.73,31.16,1925697,ANG (Angry)
1082_ITH_SAD_XX.wav,548,180,344,0.0949,32.4,30.01,98424,SAD (Sadness)
1082_ITS_DIS_XX.wav,755,165,343,0.1653,34.95,34.06,325730,DIS (Disgust)
1082_ITS_HAP_XX.wav,998,218,340,0.1558,22.89,40.48,583947,HAP (Happy)
1082_ITS_FEA_XX.wav,1085,202,293,0.1504,18.33,32.86,557384,FEA (Fear)
1082_ITS_SAD_XX.wav,546,173,343,0.137,28.76,32.83,116601,SAD (Sadness)
1082_ITS_NEU_XX.wav,563,169,336,0.1312,28.53,34.71,143872,NEU (Neutral)
1082_IWL_HAP_XX.wav,1242,215,343,0.0954,21.33,33.25,1475554,HAP (Happy)
1082_IWL_ANG_XX.wav,1820,222,335,0.1041,21.85,27.67,2681983,ANG (Angry)
1082_IWL_DIS_XX.wav,705,183,341,0.079,32.14,22.94,201001,DIS (Disgust)
1082_IWL_NEU_XX.wav,804,219,337,0.0877,24.16,24.15,227401,NEU (Neutral)
1082_IWW_ANG_XX.wav,1702,208,340,0.1687,21.23,29.67,2050235,ANG (Angry)
1082_IWL_FEA_XX.wav,977,192,343,0.0707,23.02,25.59,456090,FEA (Fear)
1082_IWW_FEA_XX.wav,726,185,338,0.1239,26.78,26.33,236073,FEA (Fear)
1082_IWL_SAD_XX.wav,537,199,345,0.0792,29.06,26.42,130089,SAD (Sadness)
1082_IWW_HAP_XX.wav,997,212,345,0.1063,26.81,30.05,503625,HAP (Happy)
1082_IWW_DIS_XX.wav,678,161,341,0.1222,33.69,27.69,190305,DIS (Disgust)
1082_IWW_NEU_XX.wav,638,171,346,0.0897,44.68,27.48,216663,NEU (Neutral)
1082_IWW_SAD_XX.wav,501,159,345,0.1209,29.52,29.03,101939,SAD (Sadness)
1082_MTI_HAP_XX.wav,1185,225,343,0.1166,21.39,26.7,720697,HAP (Happy)
1082_MTI_NEU_XX.wav,812,192,339,0.0894,26.1,24.67,272909,NEU (Neutral)
1082_TAI_ANG_XX.wav,1949,231,342,0.1595,29.64,29.17,2687685,ANG (Angry)
1082_MTI_FEA_XX.wav,786,180,343,0.0881,28.28,26.57,290888,FEA (Fear)
1082_MTI_ANG_XX.wav,1559,230,341,0.112,22.65,31.38,1636890,ANG (Angry)
1082_MTI_SAD_XX.wav,645,191,344,0.0964,29.04,23.77,189853,SAD (Sadness)
1082_MTI_DIS_XX.wav,655,185,341,0.0918,31.18,27.39,219141,DIS (Disgust)
1082_TAI_HAP_XX.wav,1039,216,342,0.1624,29.09,32.72,635214,HAP (Happy)
1082_TAI_FEA_XX.wav,920,188,344,0.129,26.92,30.91,507206,FEA (Fear)
1082_TAI_DIS_XX.wav,603,175,345,0.1296,32.77,26.11,127064,DIS (Disgust)
1082_TAI_NEU_XX.wav,702,193,346,0.1466,29.0,29.8,255999,NEU (Neutral)
1082_TAI_SAD_XX.wav,596,191,341,0.142,34.42,27.0,168914,SAD (Sadness)
1082_TIE_ANG_XX.wav,1528,219,341,0.1715,26.84,32.58,3119737,ANG (Angry)
1082_TSI_ANG_XX.wav,1712,225,341,0.2859,24.97,26.93,2343897,ANG (Angry)
1082_TIE_HAP_XX.wav,997,234,341,0.111,26.53,32.49,947281,HAP (Happy)
1082_TSI_HAP_XX.wav,967,225,343,0.2697,34.59,30.6,803437,HAP (Happy)
1082_TSI_FEA_XX.wav,911,214,342,0.2388,44.21,30.94,714006,FEA (Fear)
1082_TIE_NEU_XX.wav,384,169,343,0.0876,35.01,31.35,82221,NEU (Neutral)
1082_TSI_DIS_XX.wav,633,155,332,0.214,35.14,31.09,359766,DIS (Disgust)
1082_TIE_FEA_XX.wav,934,199,344,0.13,26.33,34.21,966098,FEA (Fear)
1082_TSI_NEU_XX.wav,778,188,343,0.2238,39.86,32.38,401062,NEU (Neutral)
1082_TSI_SAD_XX.wav,518,175,346,0.242,43.3,30.6,197664,SAD (Sadness)
1082_TIE_SAD_XX.wav,467,176,342,0.0968,33.83,29.77,115214,SAD (Sadness)
1082_TIE_DIS_XX.wav,623,154,344,0.1024,30.38,30.84,427355,DIS (Disgust)
1082_WSI_FEA_XX.wav,1177,219,335,0.1764,21.24,38.99,745973,FEA (Fear)
1082_WSI_HAP_XX.wav,974,218,331,0.1799,21.72,37.43,728176,HAP (Happy)
1082_WSI_ANG_XX.wav,1541,222,298,0.2399,20.76,32.0,1821550,ANG (Angry)
1082_WSI_NEU_XX.wav,723,194,346,0.1995,29.57,33.63,347411,NEU (Neutral)
1082_WSI_DIS_XX.wav,893,174,344,0.1786,31.68,30.29,429731,DIS (Disgust)
1082_WSI_SAD_XX.wav,528,186,343,0.1618,28.27,27.36,154551,SAD (Sadness)
1083_DFA_NEU_XX.wav,294,148,344,0.0815,64.97,34.12,21373,NEU (Neutral)
1083_DFA_FEA_XX.wav,133,138,342,0.0758,54.99,25.1,2862,FEA (Fear)
1083_DFA_HAP_XX.wav,285,145,344,0.0631,55.65,30.58,16094,HAP (Happy)
1083_DFA_SAD_XX.wav,158,142,342,0.0744,54.27,29.3,2628,SAD (Sadness)
1083_DFA_ANG_XX.wav,558,146,342,0.1145,44.72,28.49,408771,ANG (Angry)
1083_DFA_DIS_XX.wav,159,121,345,0.0904,56.05,25.08,7611,DIS (Disgust)
1083_IEO_ANG_LO.wav,956,161,343,0.1279,42.71,28.75,336741,ANG (Angry)
1083_IEO_ANG_MD.wav,1445,186,341,0.126,36.35,34.27,699563,ANG (Angry)
1083_IEO_HAP_HI.wav,2432,176,337,0.1302,38.38,35.93,3348041,HAP (Happy)
1083_IEO_HAP_LO.wav,462,121,260,0.0792,38.8,31.91,56002,HAP (Happy)
1083_IEO_FEA_HI.wav,841,146,344,0.09,49.41,32.37,335725,FEA (Fear)
1083_IEO_DIS_MD.wav,145,126,345,0.0639,62.86,25.35,3624,DIS (Disgust)
1083_IEO_DIS_HI.wav,170,137,342,0.0671,55.21,27.69,4507,DIS (Disgust)
1083_IEO_FEA_LO.wav,148,126,345,0.0736,46.75,27.49,3164,FEA (Fear)
1083_IEO_DIS_LO.wav,193,119,343,0.0808,57.23,26.91,6518,DIS (Disgust)
1083_IEO_FEA_MD.wav,160,128,344,0.0573,60.84,26.32,2963,FEA (Fear)
1083_IEO_ANG_HI.wav,964,170,342,0.1456,40.14,23.43,565352,ANG (Angry)
1083_IEO_NEU_XX.wav,168,136,342,0.0704,70.68,27.62,4421,NEU (Neutral)
1083_IEO_HAP_MD.wav,606,170,339,0.1397,44.61,26.76,101574,HAP (Happy)
1083_IEO_SAD_LO.wav,135,136,343,0.0624,58.27,25.53,1496,SAD (Sadness)
1083_IEO_SAD_HI.wav,121,132,341,0.0581,60.52,26.14,1416,SAD (Sadness)
1083_IOM_HAP_XX.wav,732,174,341,0.0579,55.21,25.25,66672,HAP (Happy)
1083_IEO_SAD_MD.wav,120,141,340,0.0602,62.6,28.5,1116,SAD (Sadness)
1083_IOM_NEU_XX.wav,332,150,344,0.0689,58.22,16.99,13403,NEU (Neutral)
1083_IOM_DIS_XX.wav,208,121,346,0.056,51.81,21.51,2497,DIS (Disgust)
1083_IOM_FEA_XX.wav,240,137,344,0.0471,45.54,24.26,3641,FEA (Fear)
1083_IOM_ANG_XX.wav,774,153,340,0.0612,44.48,22.08,91324,ANG (Angry)
1083_IOM_SAD_XX.wav,265,139,344,0.0497,55.25,16.58,4748,SAD (Sadness)
1083_ITH_DIS_XX.wav,252,156,345,0.1204,59.63,27.12,19478,DIS (Disgust)
1083_ITH_ANG_XX.wav,701,152,341,0.1064,50.36,31.34,232451,ANG (Angry)
1083_ITH_HAP_XX.wav,519,148,344,0.0824,53.12,40.86,100509,HAP (Happy)
1083_ITH_FEA_XX.wav,133,127,345,0.0779,59.45,26.2,2947,FEA (Fear)
1083_ITH_NEU_XX.wav,229,146,342,0.083,66.61,30.05,9485,NEU (Neutral)
1083_ITS_HAP_XX.wav,701,156,341,0.1278,55.56,34.16,240251,HAP (Happy)
1083_ITS_ANG_XX.wav,1282,180,341,0.1839,37.68,26.42,483345,ANG (Angry)
1083_ITH_SAD_XX.wav,139,137,343,0.0736,61.24,26.78,3017,SAD (Sadness)
1083_ITS_FEA_XX.wav,196,130,342,0.1139,46.06,30.28,17308,FEA (Fear)
1083_ITS_NEU_XX.wav,395,146,341,0.1259,47.23,30.4,48798,NEU (Neutral)
1083_ITS_SAD_XX.wav,219,144,342,0.1194,56.45,28.71,11544,SAD (Sadness)
1083_ITS_DIS_XX.wav,234,139,344,0.1541,43.75,22.79,29086,DIS (Disgust)
1083_IWL_FEA_XX.wav,159,134,344,0.0557,58.02,24.27,1939,FEA (Fear)
1083_IWL_HAP_XX.wav,576,138,343,0.0724,55.26,21.62,82650,HAP (Happy)
1083_IWL_NEU_XX.wav,400,155,340,0.065,61.33,26.59,27586,NEU (Neutral)
1083_IWW_HAP_XX.wav,964,166,342,0.0889,37.79,28.77,189146,HAP (Happy)
1083_IWL_ANG_XX.wav,745,162,343,0.0738,50.75,20.43,146280,ANG (Angry)
1083_IWW_FEA_XX.wav,153,138,343,0.1116,60.51,21.58,11755,FEA (Fear)
1083_IWW_ANG_XX.wav,333,140,344,0.1062,53.56,21.73,60940,ANG (Angry)
1083_IWL_SAD_XX.wav,183,131,345,0.052,57.69,27.25,3003,SAD (Sadness)
1083_IWL_DIS_XX.wav,168,137,344,0.0684,60.06,23.19,3167,DIS (Disgust)
1083_IWW_NEU_XX.wav,266,145,342,0.0732,55.83,29.17,9687,NEU (Neutral)
1083_IWW_DIS_XX.wav,201,148,344,0.0876,64.59,22.81,9492,DIS (Disgust)
1083_IWW_SAD_XX.wav,220,158,345,0.0584,55.22,25.96,4963,SAD (Sadness)
1083_MTI_HAP_XX.wav,564,162,347,0.0728,42.14,30.47,34139,HAP (Happy)
1083_MTI_SAD_XX.wav,225,144,342,0.0671,60.34,28.53,5103,SAD (Sadness)
1083_MTI_FEA_XX.wav,216,137,341,0.0549,58.0,26.39,4049,FEA (Fear)
1083_MTI_NEU_XX.wav,404,162,341,0.0648,59.11,25.57,20938,NEU (Neutral)
1083_MTI_ANG_XX.wav,737,153,344,0.0814,41.91,24.17,131774,ANG (Angry)
1083_TAI_NEU_XX.wav,384,160,343,0.0904,51.09,26.46,14492,NEU (Neutral)
1083_TAI_FEA_XX.wav,276,139,344,0.09,42.69,22.84,7102,FEA (Fear)
1083_TAI_HAP_XX.wav,710,143,338,0.1085,47.31,22.2,92216,HAP (Happy)
1083_TAI_DIS_XX.wav,302,164,340,0.1243,55.12,26.04,17395,DIS (Disgust)
1083_TAI_ANG_XX.wav,685,172,341,0.1287,46.4,29.36,193751,ANG (Angry)
1083_MTI_DIS_XX.wav,252,159,344,0.0717,57.5,25.36,14292,DIS (Disgust)
1083_TAI_SAD_XX.wav,205,149,344,0.0671,71.0,23.28,3394,SAD (Sadness)
1083_TSI_ANG_XX.wav,683,172,344,0.288,50.33,21.7,381707,ANG (Angry)
1083_TIE_HAP_XX.wav,369,157,342,0.0919,60.67,29.22,38060,HAP (Happy)
1083_TIE_NEU_XX.wav,322,136,343,0.1144,51.18,22.48,33606,NEU (Neutral)
1083_TIE_FEA_XX.wav,125,127,342,0.0802,53.87,23.1,2413,FEA (Fear)
1083_TSI_FEA_XX.wav,207,138,345,0.189,51.61,23.18,40046,FEA (Fear)
1083_TIE_ANG_XX.wav,316,145,343,0.1013,53.38,25.2,53655,ANG (Angry)
1083_TIE_SAD_XX.wav,115,126,344,0.0892,61.58,27.21,2133,SAD (Sadness)
1083_TSI_HAP_XX.wav,531,157,342,0.1866,49.83,26.85,144435,HAP (Happy)
1083_TSI_NEU_XX.wav,406,148,344,0.1636,45.14,29.13,145774,NEU (Neutral)
1083_TSI_SAD_XX.wav,181,154,345,0.1896,60.96,24.48,14966,SAD (Sadness)
1083_TIE_DIS_XX.wav,158,141,342,0.1072,63.56,21.79,5987,DIS (Disgust)
1083_TSI_DIS_XX.wav,235,162,343,0.2064,58.19,21.69,44708,DIS (Disgust)
1083_WSI_ANG_XX.wav,1163,157,344,0.188,41.13,31.98,634402,ANG (Angry)
1083_WSI_NEU_XX.wav,360,143,345,0.1429,49.24,28.08,57676,NEU (Neutral)
1083_WSI_HAP_XX.wav,593,166,339,0.1323,55.24,32.2,179473,HAP (Happy)
1084_DFA_ANG_XX.wav,518,157,276,0.0949,38.25,31.03,114164,ANG (Angry)
1083_WSI_SAD_XX.wav,156,128,346,0.0892,54.44,26.4,4203,SAD (Sadness)
1084_DFA_NEU_XX.wav,405,150,323,0.0651,32.55,30.88,39188,NEU (Neutral)
1084_DFA_FEA_XX.wav,252,150,343,0.0678,28.75,26.48,11610,FEA (Fear)
1084_DFA_DIS_XX.wav,235,131,344,0.0756,36.26,25.76,18127,DIS (Disgust)
1083_WSI_FEA_XX.wav,132,121,345,0.0819,54.57,27.02,2832,FEA (Fear)
1084_DFA_HAP_XX.wav,450,148,332,0.067,29.63,31.5,143208,HAP (Happy)
1083_WSI_DIS_XX.wav,195,138,342,0.1213,51.98,26.46,19973,DIS (Disgust)
1084_DFA_SAD_XX.wav,247,141,343,0.0571,41.53,26.43,6444,SAD (Sadness)
1084_IEO_ANG_LO.wav,652,165,344,0.0832,34.32,27.86,134103,ANG (Angry)
1084_IEO_ANG_HI.wav,2406,208,318,0.1127,24.53,31.16,5773475,ANG (Angry)
1084_IEO_DIS_LO.wav,250,143,340,0.0653,47.92,24.85,12591,DIS (Disgust)
1084_IEO_DIS_HI.wav,490,160,343,0.0804,38.21,28.04,111809,DIS (Disgust)
1084_IEO_FEA_LO.wav,180,136,342,0.0594,40.31,21.25,2516,FEA (Fear)
1084_IEO_ANG_MD.wav,778,216,342,0.0926,25.86,30.55,205934,ANG (Angry)
1084_IEO_FEA_HI.wav,287,169,343,0.0971,30.29,28.89,22787,FEA (Fear)
1084_IEO_FEA_MD.wav,151,123,344,0.0566,42.63,24.97,1298,FEA (Fear)
1084_IEO_HAP_HI.wav,725,171,342,0.1387,34.25,32.08,362248,HAP (Happy)
1084_IEO_HAP_LO.wav,534,145,241,0.0736,35.19,28.38,153392,HAP (Happy)
1084_IEO_DIS_MD.wav,399,158,332,0.0824,25.02,24.64,59989,DIS (Disgust)
1084_IEO_NEU_XX.wav,393,161,342,0.0829,46.9,29.53,33701,NEU (Neutral)
1084_IEO_HAP_MD.wav,315,168,305,0.0597,28.87,22.71,20390,HAP (Happy)
1084_IEO_SAD_HI.wav,146,114,344,0.0509,39.25,24.05,772,SAD (Sadness)
1084_IEO_SAD_MD.wav,169,136,261,0.0556,49.39,21.58,1998,SAD (Sadness)
1084_IOM_ANG_XX.wav,746,179,340,0.0848,27.09,26.53,273664,ANG (Angry)
1084_IEO_SAD_LO.wav,182,133,342,0.0492,46.86,24.19,3188,SAD (Sadness)
1084_IOM_NEU_XX.wav,672,161,286,0.0684,25.9,21.06,116144,NEU (Neutral)
1084_IOM_HAP_XX.wav,516,164,334,0.0573,21.6,21.68,52608,HAP (Happy)
1084_IOM_SAD_XX.wav,241,140,342,0.0536,39.41,20.08,5988,SAD (Sadness)
1084_IOM_DIS_XX.wav,321,153,345,0.0462,30.37,18.48,11442,DIS (Disgust)
1084_IOM_FEA_XX.wav,304,155,343,0.044,36.9,17.89,10415,FEA (Fear)
1084_ITH_ANG_XX.wav,363,155,340,0.0916,43.63,33.12,44882,ANG (Angry)
1084_ITH_HAP_XX.wav,345,156,345,0.0727,42.55,35.33,30275,HAP (Happy)
1084_ITH_DIS_XX.wav,238,149,343,0.0664,45.6,25.68,12878,DIS (Disgust)
1084_ITH_FEA_XX.wav,222,151,344,0.0639,30.07,23.71,5537,FEA (Fear)
1084_ITH_NEU_XX.wav,369,149,344,0.083,44.83,30.58,43467,NEU (Neutral)
1084_ITS_DIS_XX.wav,299,162,332,0.147,34.62,24.63,25272,DIS (Disgust)
1084_ITH_SAD_XX.wav,212,141,257,0.0584,29.89,22.3,4293,SAD (Sadness)
1084_ITS_HAP_XX.wav,568,171,346,0.0962,23.24,27.19,47500,HAP (Happy)
1084_ITS_SAD_XX.wav,264,161,341,0.0979,43.62,23.65,8777,SAD (Sadness)
1084_ITS_NEU_XX.wav,512,154,343,0.1068,34.56,32.36,70503,NEU (Neutral)
1084_ITS_ANG_XX.wav,510,165,342,0.1604,41.78,26.99,53685,ANG (Angry)
1084_ITS_FEA_XX.wav,211,145,344,0.0881,40.94,26.78,6737,FEA (Fear)
1084_IWL_NEU_XX.wav,576,148,294,0.0624,32.66,18.56,89246,NEU (Neutral)
1084_IWL_ANG_XX.wav,959,178,344,0.0685,32.06,24.35,280332,ANG (Angry)
1084_IWL_DIS_XX.wav,370,157,334,0.0594,32.29,19.32,18942,DIS (Disgust)
1084_IWW_NEU_XX.wav,493,165,323,0.0914,31.27,25.56,48058,NEU (Neutral)
1084_IWL_HAP_XX.wav,742,159,343,0.0729,28.9,26.27,299356,HAP (Happy)
1084_IWW_ANG_XX.wav,618,158,340,0.1122,27.24,32.43,125521,ANG (Angry)
1084_IWL_FEA_XX.wav,318,153,342,0.0544,28.5,17.68,12225,FEA (Fear)
1084_IWW_DIS_XX.wav,308,162,343,0.0825,43.52,23.89,16012,DIS (Disgust)
1084_IWL_SAD_XX.wav,290,159,347,0.0533,34.42,19.63,6648,SAD (Sadness)
1084_IWW_HAP_XX.wav,269,152,346,0.0709,34.39,29.36,9381,HAP (Happy)
1084_IWW_FEA_XX.wav,231,150,345,0.0723,34.76,25.04,8901,FEA (Fear)
1084_IWW_SAD_XX.wav,207,136,331,0.0759,39.34,25.33,4560,SAD (Sadness)
1084_MTI_DIS_XX.wav,357,161,345,0.0702,36.72,22.0,14000,DIS (Disgust)
1084_MTI_NEU_XX.wav,511,151,343,0.0655,32.2,24.28,52420,NEU (Neutral)
1084_TAI_FEA_XX.wav,305,160,344,0.0501,34.42,24.52,10104,FEA (Fear)
1084_MTI_ANG_XX.wav,566,159,341,0.0746,37.03,24.84,107011,ANG (Angry)
1084_TAI_ANG_XX.wav,719,180,342,0.1231,37.09,28.73,178236,ANG (Angry)
1084_MTI_HAP_XX.wav,296,141,344,0.058,44.5,21.36,12986,HAP (Happy)
1084_MTI_SAD_XX.wav,245,151,343,0.0497,39.7,23.0,4888,SAD (Sadness)
1084_TAI_HAP_XX.wav,295,152,341,0.0843,42.64,24.92,15164,HAP (Happy)
1084_MTI_FEA_XX.wav,247,151,345,0.0565,31.91,23.66,5443,FEA (Fear)
1084_TAI_NEU_XX.wav,561,169,343,0.1011,30.97,23.42,71910,NEU (Neutral)
1084_TAI_DIS_XX.wav,254,147,291,0.0838,37.05,21.21,8170,DIS (Disgust)
1084_TAI_SAD_XX.wav,239,144,315,0.0812,37.82,22.29,6790,SAD (Sadness)
1084_TIE_ANG_XX.wav,723,172,339,0.1087,36.83,34.53,421542,ANG (Angry)
1084_TIE_FEA_XX.wav,283,144,344,0.0709,38.05,28.34,9819,FEA (Fear)
1084_TIE_HAP_XX.wav,587,164,342,0.0904,34.18,33.56,325118,HAP (Happy)
1084_TIE_SAD_XX.wav,227,129,341,0.0629,40.71,24.76,11047,SAD (Sadness)
1084_TIE_NEU_XX.wav,389,145,344,0.0815,35.65,25.08,39247,NEU (Neutral)
1084_TSI_FEA_XX.wav,201,164,343,0.1712,43.46,22.27,11362,FEA (Fear)
1084_TSI_ANG_XX.wav,425,159,342,0.1937,37.59,27.1,71441,ANG (Angry)
1084_TSI_DIS_XX.wav,201,144,344,0.1592,42.53,23.81,7576,DIS (Disgust)
1084_TSI_NEU_XX.wav,352,146,333,0.1701,39.1,29.18,50631,NEU (Neutral)
1084_TIE_DIS_XX.wav,275,149,345,0.0686,35.1,27.55,24331,DIS (Disgust)
1084_TSI_HAP_XX.wav,351,148,346,0.151,49.42,28.67,59358,HAP (Happy)
1084_TSI_SAD_XX.wav,210,151,341,0.13,48.86,27.98,10267,SAD (Sadness)
1084_WSI_NEU_XX.wav,567,173,344,0.1508,34.42,32.22,107091,NEU (Neutral)
1085_DFA_HAP_XX.wav,1150,154,344,0.0879,25.38,33.18,1356503,HAP (Happy)
1085_DFA_ANG_XX.wav,1693,172,323,0.1556,27.22,37.0,3790989,ANG (Angry)
1084_WSI_HAP_XX.wav,656,170,341,0.1381,33.76,34.17,274115,HAP (Happy)
1084_WSI_ANG_XX.wav,541,166,323,0.1562,33.04,25.73,108353,ANG (Angry)
1084_WSI_SAD_XX.wav,261,141,261,0.1015,43.7,24.64,13053,SAD (Sadness)
1085_DFA_NEU_XX.wav,325,138,331,0.0884,49.49,30.12,40758,NEU (Neutral)
1084_WSI_FEA_XX.wav,261,146,346,0.1025,35.55,26.32,13607,FEA (Fear)
1085_DFA_FEA_XX.wav,301,139,344,0.0718,47.74,29.16,38786,FEA (Fear)
1085_DFA_DIS_XX.wav,388,133,342,0.1071,42.2,26.33,110444,DIS (Disgust)
1084_WSI_DIS_XX.wav,251,144,325,0.1378,44.18,22.64,15860,DIS (Disgust)
1085_DFA_SAD_XX.wav,206,113,335,0.0505,33.32,25.81,4169,SAD (Sadness)
1085_IEO_ANG_HI.wav,3725,231,301,0.168,14.69,31.46,10785162,ANG (Angry)
1085_IEO_ANG_LO.wav,770,160,341,0.1048,35.91,30.96,403176,ANG (Angry)
1085_IEO_ANG_MD.wav,953,154,342,0.1065,32.75,30.71,973790,ANG (Angry)
1085_IEO_FEA_HI.wav,939,147,344,0.0976,25.77,34.03,672145,FEA (Fear)
1085_IEO_DIS_MD.wav,440,138,342,0.1126,37.0,24.12,64210,DIS (Disgust)
1085_IEO_HAP_LO.wav,364,131,329,0.0756,44.24,27.22,40778,HAP (Happy)
1085_IEO_DIS_HI.wav,867,162,338,0.1381,35.36,24.27,467054,DIS (Disgust)
1085_IEO_DIS_LO.wav,218,144,345,0.0827,55.01,22.24,11862,DIS (Disgust)
1085_IEO_FEA_LO.wav,224,126,342,0.0624,51.82,26.92,7120,FEA (Fear)
1085_IEO_FEA_MD.wav,210,124,342,0.0558,42.64,27.29,5799,FEA (Fear)
1085_IEO_HAP_HI.wav,927,142,345,0.104,37.92,32.94,748607,HAP (Happy)
1085_IEO_HAP_MD.wav,332,120,342,0.0919,36.03,24.86,56135,HAP (Happy)
1085_IEO_NEU_XX.wav,272,117,344,0.065,41.91,25.11,14689,NEU (Neutral)
1085_IEO_SAD_HI.wav,167,108,202,0.0558,32.84,22.95,2058,SAD (Sadness)
1085_IOM_ANG_XX.wav,2432,167,343,0.0913,20.71,24.18,5427249,ANG (Angry)
1085_IEO_SAD_MD.wav,210,120,342,0.0629,41.96,25.24,5584,SAD (Sadness)
1085_IOM_NEU_XX.wav,547,155,333,0.059,41.17,20.03,64714,NEU (Neutral)
1085_IEO_SAD_LO.wav,182,121,341,0.0604,49.36,23.37,4062,SAD (Sadness)
1085_IOM_HAP_XX.wav,657,137,345,0.0705,33.61,24.28,210659,HAP (Happy)
1085_IOM_FEA_XX.wav,229,119,344,0.0406,29.18,22.05,3078,FEA (Fear)
1085_IOM_DIS_XX.wav,368,124,343,0.0576,39.96,24.47,37842,DIS (Disgust)
1085_ITH_ANG_XX.wav,1408,164,341,0.1486,30.19,31.57,2306676,ANG (Angry)
1085_IOM_SAD_XX.wav,286,110,220,0.0399,28.49,19.16,7563,SAD (Sadness)
1085_ITH_FEA_XX.wav,241,113,325,0.0619,33.62,28.48,7808,FEA (Fear)
1085_ITH_SAD_XX.wav,249,131,346,0.0727,43.7,29.16,14290,SAD (Sadness)
1085_ITS_ANG_XX.wav,2150,179,327,0.1763,32.66,32.02,4746578,ANG (Angry)
1085_ITH_HAP_XX.wav,551,146,343,0.0864,37.42,31.14,167054,HAP (Happy)
1085_ITH_NEU_XX.wav,338,129,343,0.0769,43.23,31.27,64891,NEU (Neutral)
1085_ITH_DIS_XX.wav,365,142,341,0.1087,40.31,28.27,57292,DIS (Disgust)
1085_ITS_HAP_XX.wav,772,140,341,0.1236,26.29,25.36,288662,HAP (Happy)
1085_ITS_NEU_XX.wav,419,139,344,0.1421,42.03,33.54,136655,NEU (Neutral)
1085_ITS_FEA_XX.wav,252,132,343,0.1081,46.6,28.14,23198,FEA (Fear)
1085_ITS_DIS_XX.wav,269,122,343,0.0994,38.51,21.56,22950,DIS (Disgust)
1085_ITS_SAD_XX.wav,246,126,343,0.1104,40.08,25.42,18113,SAD (Sadness)
1085_IWL_DIS_XX.wav,509,163,345,0.0694,36.87,22.57,47762,DIS (Disgust)
1085_IWL_NEU_XX.wav,431,145,346,0.0805,49.56,24.58,46107,NEU (Neutral)
1085_IWL_ANG_XX.wav,1824,175,326,0.1105,23.5,23.45,2590894,ANG (Angry)
1085_IWL_HAP_XX.wav,967,151,344,0.0914,40.91,25.91,641661,HAP (Happy)
1085_IWW_ANG_XX.wav,666,165,343,0.1289,45.6,26.69,205615,ANG (Angry)
1085_IWL_SAD_XX.wav,268,126,345,0.0516,40.83,21.17,7095,SAD (Sadness)
1085_IWW_FEA_XX.wav,283,136,343,0.0897,42.82,24.29,41107,FEA (Fear)
1085_IWW_DIS_XX.wav,359,140,343,0.1219,45.4,20.48,73132,DIS (Disgust)
1085_IWL_FEA_XX.wav,357,139,345,0.0595,39.29,22.93,23993,FEA (Fear)
1085_IWW_NEU_XX.wav,295,140,343,0.0945,40.29,25.83,22834,NEU (Neutral)
1085_MTI_ANG_XX.wav,1126,159,344,0.1011,29.17,25.84,529771,ANG (Angry)
1085_IWW_HAP_XX.wav,282,130,318,0.08,40.72,21.68,23446,HAP (Happy)
1085_IWW_SAD_XX.wav,215,132,345,0.067,42.84,24.31,7709,SAD (Sadness)
1085_MTI_HAP_XX.wav,790,154,341,0.0752,28.47,26.47,141741,HAP (Happy)
1085_MTI_NEU_XX.wav,444,138,340,0.0811,36.49,29.37,47644,NEU (Neutral)
1085_MTI_FEA_XX.wav,255,134,342,0.0616,44.86,26.43,15909,FEA (Fear)
1085_TAI_ANG_XX.wav,1090,147,341,0.1412,30.6,27.49,840588,ANG (Angry)
1085_MTI_SAD_XX.wav,250,123,344,0.053,42.51,20.63,5421,SAD (Sadness)
1085_TAI_HAP_XX.wav,491,136,342,0.0986,36.23,23.55,68289,HAP (Happy)
1085_MTI_DIS_XX.wav,390,133,342,0.0675,34.23,24.38,32032,DIS (Disgust)
1085_TAI_NEU_XX.wav,309,130,343,0.096,42.28,26.12,26758,NEU (Neutral)
1085_TAI_DIS_XX.wav,442,141,345,0.1093,39.18,22.77,77953,DIS (Disgust)
1085_TAI_FEA_XX.wav,250,136,344,0.0861,44.23,24.76,13397,FEA (Fear)
1085_TAI_SAD_XX.wav,231,142,342,0.0711,41.22,26.67,9071,SAD (Sadness)
1085_TIE_ANG_XX.wav,1373,154,311,0.1096,25.38,31.62,2124080,ANG (Angry)
1085_TIE_HAP_XX.wav,342,125,344,0.0696,29.38,25.44,35933,HAP (Happy)
1085_TIE_NEU_XX.wav,395,141,343,0.075,42.94,30.76,65301,NEU (Neutral)
1085_TIE_DIS_XX.wav,390,131,345,0.1025,37.9,23.37,90996,DIS (Disgust)
1085_TSI_HAP_XX.wav,486,142,341,0.1749,30.86,29.95,215019,HAP (Happy)
1085_TSI_ANG_XX.wav,1226,158,337,0.2049,40.01,27.36,1825493,ANG (Angry)
1085_TSI_NEU_XX.wav,337,130,331,0.2017,39.92,26.23,80471,NEU (Neutral)
1085_TIE_SAD_XX.wav,188,118,344,0.0566,38.87,24.45,3831,SAD (Sadness)
1085_TSI_FEA_XX.wav,330,138,330,0.1865,39.96,24.53,57076,FEA (Fear)
1085_TIE_FEA_XX.wav,168,123,342,0.0554,44.14,24.63,3148,FEA (Fear)
1085_TSI_SAD_XX.wav,249,131,344,0.1555,44.3,25.25,33940,SAD (Sadness)
1085_TSI_DIS_XX.wav,306,141,333,0.1737,46.63,23.09,58164,DIS (Disgust)
1085_WSI_ANG_XX.wav,2155,176,331,0.2004,23.27,29.34,5955516,ANG (Angry)
1086_DFA_DIS_XX.wav,396,145,334,0.1084,42.16,31.4,90103,DIS (Disgust)
1085_WSI_NEU_XX.wav,401,136,343,0.1427,36.16,27.34,87986,NEU (Neutral)
1085_WSI_HAP_XX.wav,842,156,344,0.1717,24.37,28.71,316974,HAP (Happy)
1085_WSI_FEA_XX.wav,272,137,343,0.1001,41.73,30.39,23549,FEA (Fear)
1086_DFA_ANG_XX.wav,1821,175,339,0.1153,30.06,33.49,3603415,ANG (Angry)
1086_DFA_NEU_XX.wav,397,148,342,0.0795,50.9,38.75,43621,NEU (Neutral)
1086_DFA_FEA_XX.wav,840,148,344,0.065,40.63,38.65,728906,FEA (Fear)
1085_WSI_DIS_XX.wav,439,138,343,0.1635,40.06,20.89,173059,DIS (Disgust)
1086_DFA_HAP_XX.wav,508,137,343,0.0693,40.99,32.14,495395,HAP (Happy)
1086_DFA_SAD_XX.wav,328,139,341,0.0589,55.38,30.57,24458,SAD (Sadness)
1085_WSI_SAD_XX.wav,220,115,344,0.078,34.53,22.95,6377,SAD (Sadness)
1086_IEO_DIS_LO.wav,272,139,334,0.0695,53.37,26.34,16140,DIS (Disgust)
1086_IEO_ANG_HI.wav,2835,221,343,0.1294,27.84,34.25,8862386,ANG (Angry)
1086_IEO_FEA_LO.wav,290,125,343,0.0621,38.84,25.66,14995,FEA (Fear)
1086_IEO_ANG_LO.wav,521,146,331,0.0952,47.16,27.55,132483,ANG (Angry)
1086_IEO_FEA_HI.wav,1737,181,343,0.1018,25.66,30.61,2799195,FEA (Fear)
1086_IEO_DIS_MD.wav,433,137,342,0.1044,44.08,23.02,87274,DIS (Disgust)
1086_IEO_ANG_MD.wav,1311,188,343,0.1191,37.74,35.71,1304144,ANG (Angry)
1086_IEO_HAP_HI.wav,1622,183,340,0.1157,21.71,36.11,4134102,HAP (Happy)
1086_IEO_FEA_MD.wav,416,123,293,0.0753,32.5,25.7,50345,FEA (Fear)
1086_IEO_DIS_HI.wav,318,139,342,0.0819,46.92,26.7,24346,DIS (Disgust)
1086_IEO_HAP_LO.wav,330,148,342,0.0675,48.06,28.33,39691,HAP (Happy)
1086_IEO_SAD_HI.wav,191,130,344,0.0546,53.99,21.3,4066,SAD (Sadness)
1086_IEO_HAP_MD.wav,462,156,344,0.0851,37.87,27.67,84523,HAP (Happy)
1086_IEO_SAD_LO.wav,218,134,342,0.0583,52.5,24.93,9392,SAD (Sadness)
1086_IOM_NEU_XX.wav,847,163,340,0.0579,30.95,21.46,162612,NEU (Neutral)
1086_IEO_NEU_XX.wav,390,140,342,0.0531,47.1,33.05,55634,NEU (Neutral)
1086_IOM_HAP_XX.wav,457,151,338,0.0603,38.72,26.74,61767,HAP (Happy)
1086_IEO_SAD_MD.wav,253,116,263,0.0637,34.09,21.74,11212,SAD (Sadness)
1086_IOM_ANG_XX.wav,1439,171,343,0.087,37.57,26.09,1235493,ANG (Angry)
1086_IOM_FEA_XX.wav,443,139,342,0.0447,38.41,20.49,39471,FEA (Fear)
1086_IOM_DIS_XX.wav,309,141,343,0.0508,37.96,22.98,12752,DIS (Disgust)
1086_ITH_ANG_XX.wav,955,170,346,0.1042,42.73,35.99,576860,ANG (Angry)
1086_IOM_SAD_XX.wav,317,138,343,0.052,37.85,23.47,15602,SAD (Sadness)
1086_ITH_FEA_XX.wav,711,145,337,0.0757,41.13,34.14,265561,FEA (Fear)
1086_ITH_DIS_XX.wav,274,129,346,0.0745,46.6,23.37,18363,DIS (Disgust)
1086_ITH_SAD_XX.wav,196,117,343,0.0616,39.64,24.53,4789,SAD (Sadness)
1086_ITS_DIS_XX.wav,231,170,342,0.0978,56.16,27.78,18893,DIS (Disgust)
1086_ITH_HAP_XX.wav,372,149,345,0.0638,44.61,33.24,31020,HAP (Happy)
1086_ITS_FEA_XX.wav,605,172,344,0.0978,47.78,31.64,120947,FEA (Fear)
1086_ITS_ANG_XX.wav,1426,179,341,0.14,45.11,31.2,1023155,ANG (Angry)
1086_ITS_HAP_XX.wav,1259,162,341,0.0978,27.73,28.36,511931,HAP (Happy)
1086_ITH_NEU_XX.wav,378,147,344,0.0789,49.01,29.77,51087,NEU (Neutral)
1086_ITS_NEU_XX.wav,485,146,340,0.0889,43.9,29.52,126560,NEU (Neutral)
1086_ITS_SAD_XX.wav,272,162,340,0.0857,54.47,25.6,13787,SAD (Sadness)
1086_IWL_HAP_XX.wav,531,191,339,0.0729,52.73,26.03,59178,HAP (Happy)
1086_IWL_ANG_XX.wav,1303,198,338,0.0769,34.77,23.49,345927,ANG (Angry)
1086_IWL_FEA_XX.wav,770,149,344,0.0533,36.94,25.61,134107,FEA (Fear)
1086_IWL_DIS_XX.wav,237,145,342,0.0502,45.16,21.91,7468,DIS (Disgust)
1086_IWL_NEU_XX.wav,659,175,340,0.0606,40.1,25.35,81617,NEU (Neutral)
1086_IWL_SAD_XX.wav,447,171,343,0.0611,42.6,26.72,28367,SAD (Sadness)
1086_IWW_HAP_XX.wav,396,170,341,0.0942,39.31,33.38,41633,HAP (Happy)
1086_IWW_FEA_XX.wav,344,147,346,0.0608,44.66,29.34,22834,FEA (Fear)
1086_IWW_NEU_XX.wav,685,163,342,0.0843,52.29,31.75,105963,NEU (Neutral)
1086_IWW_DIS_XX.wav,254,121,342,0.1017,40.45,23.4,18725,DIS (Disgust)
1086_IWW_ANG_XX.wav,800,167,342,0.1086,35.06,32.33,253486,ANG (Angry)
1086_IWW_SAD_XX.wav,275,137,344,0.0652,45.24,22.05,11389,SAD (Sadness)
1086_MTI_ANG_XX.wav,948,175,341,0.072,34.95,24.34,294789,ANG (Angry)
1086_MTI_NEU_XX.wav,580,185,331,0.0589,46.57,28.25,76051,NEU (Neutral)
1086_MTI_DIS_XX.wav,427,175,344,0.0575,54.49,31.84,31539,DIS (Disgust)
1086_MTI_FEA_XX.wav,811,169,344,0.0615,35.47,26.33,141590,FEA (Fear)
1086_MTI_SAD_XX.wav,388,155,341,0.0477,38.55,21.53,13461,SAD (Sadness)
1086_MTI_HAP_XX.wav,635,165,342,0.0576,42.76,30.9,96803,HAP (Happy)
1086_TAI_DIS_XX.wav,376,154,342,0.0918,50.18,23.81,20409,DIS (Disgust)
1086_TAI_HAP_XX.wav,986,160,344,0.0789,28.22,25.62,283129,HAP (Happy)
1086_TAI_FEA_XX.wav,569,158,340,0.0994,38.79,27.53,64370,FEA (Fear)
1086_TAI_NEU_XX.wav,600,172,344,0.1017,41.56,25.67,92832,NEU (Neutral)
1086_TAI_ANG_XX.wav,1361,169,338,0.1311,31.48,25.55,705265,ANG (Angry)
1086_TAI_SAD_XX.wav,460,164,343,0.0851,43.1,24.8,33224,SAD (Sadness)
1086_TIE_FEA_XX.wav,1183,169,342,0.0925,27.99,35.67,890921,FEA (Fear)
1086_TIE_NEU_XX.wav,397,124,340,0.0689,38.15,23.42,47820,NEU (Neutral)
1086_TIE_HAP_XX.wav,427,154,332,0.1156,45.17,31.48,204852,HAP (Happy)
1086_TIE_ANG_XX.wav,1337,189,341,0.162,43.09,34.13,2329541,ANG (Angry)
1086_TSI_FEA_XX.wav,1216,188,343,0.1978,32.0,29.9,2692214,FEA (Fear)
1086_TIE_DIS_XX.wav,322,153,340,0.0876,57.63,28.37,33877,DIS (Disgust)
1086_TIE_SAD_XX.wav,201,138,343,0.0746,47.51,24.73,7019,SAD (Sadness)
1086_TSI_NEU_XX.wav,607,168,340,0.1891,37.09,31.54,258008,NEU (Neutral)
1086_TSI_ANG_XX.wav,1736,185,344,0.2652,42.16,25.5,2486100,ANG (Angry)
1086_TSI_HAP_XX.wav,403,174,341,0.2133,47.76,28.9,148461,HAP (Happy)
1086_WSI_NEU_XX.wav,726,146,345,0.1252,44.39,30.82,280497,NEU (Neutral)
1086_TSI_DIS_XX.wav,278,147,344,0.1519,57.22,25.15,65960,DIS (Disgust)
1086_WSI_HAP_XX.wav,1220,189,345,0.1259,35.34,33.07,949180,HAP (Happy)
1086_WSI_FEA_XX.wav,818,153,343,0.1145,35.09,37.07,587689,FEA (Fear)
1087_DFA_ANG_XX.wav,762,171,340,0.1092,45.54,33.11,169033,ANG (Angry)
1086_WSI_ANG_XX.wav,2055,205,345,0.1981,31.43,35.63,3776639,ANG (Angry)
1086_TSI_SAD_XX.wav,382,150,344,0.1932,47.44,24.13,118489,SAD (Sadness)
1087_DFA_FEA_XX.wav,237,126,340,0.0748,51.31,27.88,12077,FEA (Fear)
1086_WSI_DIS_XX.wav,334,150,343,0.1076,54.56,30.05,73078,DIS (Disgust)
1086_WSI_SAD_XX.wav,455,163,341,0.1419,45.61,30.23,134659,SAD (Sadness)
1087_DFA_DIS_XX.wav,241,144,343,0.0932,54.71,21.28,9533,DIS (Disgust)
1087_DFA_HAP_XX.wav,743,147,345,0.0618,39.55,34.53,191934,HAP (Happy)
1087_DFA_SAD_XX.wav,311,141,344,0.0514,58.88,25.19,8757,SAD (Sadness)
1087_DFA_NEU_XX.wav,227,138,341,0.0496,60.71,24.66,4707,NEU (Neutral)
1087_IEO_DIS_LO.wav,222,141,343,0.0583,54.02,20.38,4398,DIS (Disgust)
1087_IEO_ANG_MD.wav,606,144,285,0.0766,38.98,30.5,115021,ANG (Angry)
1087_IEO_ANG_LO.wav,290,135,345,0.0553,51.04,23.16,8138,ANG (Angry)
1087_IEO_DIS_HI.wav,322,160,342,0.0874,43.17,21.87,18033,DIS (Disgust)
1087_IEO_ANG_HI.wav,2409,183,339,0.1243,29.27,22.64,4175639,ANG (Angry)
1087_IEO_DIS_MD.wav,300,149,343,0.0677,48.48,22.31,12401,DIS (Disgust)
1087_IEO_FEA_LO.wav,318,116,345,0.0615,37.74,25.84,13324,FEA (Fear)
1087_IEO_FEA_MD.wav,403,136,343,0.0838,56.11,31.31,54775,FEA (Fear)
1087_IEO_FEA_HI.wav,1435,169,342,0.0887,33.38,35.13,882672,FEA (Fear)
1087_IEO_HAP_LO.wav,268,140,342,0.0491,50.49,29.39,6792,HAP (Happy)
1087_IEO_SAD_LO.wav,204,119,341,0.0446,46.01,24.39,2243,SAD (Sadness)
1087_IEO_NEU_XX.wav,269,154,343,0.0469,51.5,23.41,6757,NEU (Neutral)
1087_IEO_HAP_MD.wav,280,140,341,0.059,45.25,22.66,9409,HAP (Happy)
1087_IOM_FEA_XX.wav,401,143,344,0.042,45.86,21.48,9409,FEA (Fear)
1087_IEO_SAD_MD.wav,306,125,342,0.051,31.7,27.11,11033,SAD (Sadness)
1087_IOM_DIS_XX.wav,256,141,342,0.042,57.65,20.41,3790,DIS (Disgust)
1087_IOM_ANG_XX.wav,488,171,346,0.0614,42.25,22.07,38069,ANG (Angry)
1087_IEO_HAP_HI.wav,730,151,344,0.0873,42.0,30.02,248227,HAP (Happy)
1087_IEO_SAD_HI.wav,548,173,345,0.078,30.0,32.04,62671,SAD (Sadness)
1087_IOM_HAP_XX.wav,697,167,330,0.0469,35.69,24.23,56922,HAP (Happy)
1087_IOM_SAD_XX.wav,465,158,345,0.0503,56.25,20.13,14720,SAD (Sadness)
1087_IOM_NEU_XX.wav,332,152,338,0.0494,43.85,19.8,9018,NEU (Neutral)
1087_ITH_HAP_XX.wav,558,163,342,0.0665,42.92,36.58,53010,HAP (Happy)
1087_ITH_DIS_XX.wav,208,137,344,0.0679,63.38,19.68,4114,DIS (Disgust)
1087_ITH_FEA_XX.wav,218,133,343,0.0727,61.01,23.21,4704,FEA (Fear)
1087_ITH_ANG_XX.wav,335,156,341,0.0828,56.42,27.5,21128,ANG (Angry)
1087_ITH_SAD_XX.wav,250,141,343,0.0559,63.17,25.72,4411,SAD (Sadness)
1087_ITS_FEA_XX.wav,284,146,341,0.1007,60.74,25.47,24194,FEA (Fear)
1087_ITS_ANG_XX.wav,935,174,344,0.1382,41.78,32.83,223662,ANG (Angry)
1087_ITS_HAP_XX.wav,624,165,338,0.0932,35.19,31.74,87125,HAP (Happy)
1087_ITH_NEU_XX.wav,288,150,344,0.0553,52.53,29.77,8825,NEU (Neutral)
1087_ITS_DIS_XX.wav,221,136,344,0.0966,51.11,20.33,12191,DIS (Disgust)
1087_ITS_NEU_XX.wav,440,170,345,0.0841,50.9,28.5,30599,NEU (Neutral)
1087_IWL_FEA_XX.wav,218,154,341,0.0574,44.76,19.56,2998,FEA (Fear)
1087_IWL_HAP_XX.wav,472,160,344,0.0565,33.96,28.02,31174,HAP (Happy)
1087_IWL_ANG_XX.wav,422,151,343,0.0532,46.15,20.98,14955,ANG (Angry)
1087_IWL_SAD_XX.wav,338,146,343,0.0457,46.2,23.39,8500,SAD (Sadness)
1087_ITS_SAD_XX.wav,260,140,341,0.0656,52.03,25.29,10314,SAD (Sadness)
1087_IWW_DIS_XX.wav,228,143,342,0.0681,46.89,26.33,5025,DIS (Disgust)
1087_IWW_HAP_XX.wav,497,167,334,0.0707,42.19,33.53,29841,HAP (Happy)
1087_IWW_FEA_XX.wav,268,171,342,0.061,64.67,24.99,5794,FEA (Fear)
1087_IWL_DIS_XX.wav,257,142,345,0.0529,47.85,21.8,3958,DIS (Disgust)
1087_IWW_ANG_XX.wav,574,182,342,0.0773,46.33,28.19,72283,ANG (Angry)
1087_IWL_NEU_XX.wav,343,155,342,0.0513,58.73,20.01,14699,NEU (Neutral)
1087_IWW_SAD_XX.wav,256,141,344,0.0606,58.87,23.09,6090,SAD (Sadness)
1087_IWW_NEU_XX.wav,364,170,342,0.0642,54.73,24.61,12170,NEU (Neutral)
1087_MTI_ANG_XX.wav,767,195,344,0.0609,44.46,23.3,107171,ANG (Angry)
1087_MTI_FEA_XX.wav,329,158,342,0.0536,54.41,25.71,12268,FEA (Fear)
1087_MTI_HAP_XX.wav,672,176,342,0.0569,45.67,23.13,72316,HAP (Happy)
1087_MTI_DIS_XX.wav,405,168,344,0.0595,52.92,22.21,19205,DIS (Disgust)
1087_MTI_SAD_XX.wav,358,169,340,0.054,40.95,21.28,11712,SAD (Sadness)
1087_TAI_DIS_XX.wav,351,177,343,0.0652,54.57,23.66,12414,DIS (Disgust)
1087_TAI_FEA_XX.wav,446,167,341,0.0813,40.44,25.02,20047,FEA (Fear)
1087_TAI_HAP_XX.wav,727,169,342,0.0752,42.94,28.89,62652,HAP (Happy)
1087_MTI_NEU_XX.wav,361,156,342,0.0468,54.51,24.09,12956,NEU (Neutral)
1087_TAI_ANG_XX.wav,442,152,342,0.0975,57.22,24.24,46453,ANG (Angry)
1087_TAI_NEU_XX.wav,418,159,339,0.055,41.01,20.46,16610,NEU (Neutral)
1087_TAI_SAD_XX.wav,298,127,342,0.072,45.51,20.99,6735,SAD (Sadness)
1087_TIE_ANG_XX.wav,1713,154,295,0.1037,34.0,33.04,1427737,ANG (Angry)
1087_TIE_DIS_XX.wav,236,141,342,0.072,55.62,19.39,7433,DIS (Disgust)
1087_TIE_SAD_XX.wav,289,143,322,0.0561,37.85,27.3,8421,SAD (Sadness)
1087_TIE_FEA_XX.wav,676,140,343,0.0775,53.28,25.98,152415,FEA (Fear)
1087_TIE_NEU_XX.wav,306,157,340,0.05,49.94,25.19,14020,NEU (Neutral)
1087_TSI_FEA_XX.wav,279,139,340,0.1444,61.19,26.02,90766,FEA (Fear)
1087_TSI_ANG_XX.wav,670,171,341,0.161,43.91,24.69,814950,ANG (Angry)
1087_TSI_NEU_XX.wav,391,177,331,0.1354,50.54,26.76,57456,NEU (Neutral)
1087_TSI_DIS_XX.wav,324,147,323,0.1713,39.48,26.91,75928,DIS (Disgust)
1087_TIE_HAP_XX.wav,408,162,344,0.0705,46.19,25.68,60999,HAP (Happy)
1087_TSI_HAP_XX.wav,643,174,341,0.1493,44.23,31.54,193556,HAP (Happy)
1087_WSI_FEA_XX.wav,291,150,342,0.0897,57.0,27.92,19769,FEA (Fear)
1087_WSI_HAP_XX.wav,750,185,339,0.1114,50.9,28.26,95608,HAP (Happy)
1087_TSI_SAD_XX.wav,278,167,343,0.134,50.86,24.58,32065,SAD (Sadness)
1087_WSI_ANG_XX.wav,1071,180,344,0.143,43.06,26.37,416702,ANG (Angry)
1087_WSI_NEU_XX.wav,299,149,343,0.0682,41.77,25.67,10596,NEU (Neutral)
1087_WSI_DIS_XX.wav,231,141,346,0.1058,52.51,23.6,23144,DIS (Disgust)
1088_DFA_ANG_XX.wav,974,175,337,0.1244,58.05,35.94,331643,ANG (Angry)
1088_DFA_DIS_XX.wav,201,150,343,0.0517,52.72,28.67,6660,DIS (Disgust)
1088_DFA_FEA_XX.wav,393,139,340,0.0863,62.88,29.43,54079,FEA (Fear)
1087_WSI_SAD_XX.wav,224,140,343,0.0726,48.56,24.69,9261,SAD (Sadness)
1088_DFA_HAP_XX.wav,459,139,342,0.0635,53.3,33.58,73928,HAP (Happy)
1088_DFA_NEU_XX.wav,302,155,343,0.0658,55.26,33.49,14513,NEU (Neutral)
1088_DFA_SAD_XX.wav,166,136,344,0.0402,49.2,26.01,1270,SAD (Sadness)
1088_IEO_ANG_LO.wav,1146,159,342,0.0861,39.82,28.41,599726,ANG (Angry)
1088_IEO_ANG_MD.wav,2057,177,341,0.1041,38.57,31.49,2343884,ANG (Angry)
1088_IEO_DIS_HI.wav,178,143,343,0.0717,58.87,28.75,8240,DIS (Disgust)
1088_IEO_ANG_HI.wav,3240,213,345,0.144,30.52,33.94,8133584,ANG (Angry)
1088_IEO_FEA_LO.wav,143,129,344,0.0405,54.27,24.37,572,FEA (Fear)
1088_IEO_DIS_LO.wav,190,136,346,0.0441,60.72,22.24,2476,DIS (Disgust)
1088_IEO_DIS_MD.wav,483,183,347,0.1054,46.3,31.04,51584,DIS (Disgust)
1088_IEO_HAP_LO.wav,209,136,341,0.059,56.15,25.48,4841,HAP (Happy)
1088_IEO_FEA_MD.wav,156,113,194,0.0482,44.42,25.07,1088,FEA (Fear)
1088_IEO_HAP_HI.wav,644,151,342,0.0938,52.04,29.62,227442,HAP (Happy)
1088_IEO_FEA_HI.wav,617,138,344,0.1174,42.6,27.96,143863,FEA (Fear)
1088_IEO_HAP_MD.wav,291,148,345,0.0784,54.88,27.59,12643,HAP (Happy)
1088_IEO_NEU_XX.wav,193,133,341,0.0632,55.11,25.18,5244,NEU (Neutral)
1088_IEO_SAD_HI.wav,143,126,343,0.0379,49.08,25.81,481,SAD (Sadness)
1088_IEO_SAD_LO.wav,149,121,344,0.0437,56.07,25.19,701,SAD (Sadness)
1088_IEO_SAD_MD.wav,168,106,345,0.0402,40.36,23.54,900,SAD (Sadness)
1088_IOM_HAP_XX.wav,537,156,340,0.0694,56.82,29.23,40581,HAP (Happy)
1088_IOM_NEU_XX.wav,453,160,342,0.0671,48.14,23.37,30333,NEU (Neutral)
1088_IOM_FEA_XX.wav,1024,152,325,0.0891,39.47,26.96,208914,FEA (Fear)
1088_IOM_DIS_XX.wav,348,141,342,0.0498,44.61,21.4,13058,DIS (Disgust)
1088_IOM_ANG_XX.wav,2528,166,311,0.0995,32.81,29.78,3389016,ANG (Angry)
1088_IOM_SAD_XX.wav,234,127,345,0.0395,49.65,19.4,2526,SAD (Sadness)
1088_ITH_ANG_XX.wav,431,143,344,0.0867,57.89,37.25,60127,ANG (Angry)
1088_ITH_HAP_XX.wav,239,127,342,0.074,57.65,25.1,13374,HAP (Happy)
1088_ITH_FEA_XX.wav,167,129,346,0.0532,53.48,26.56,2567,FEA (Fear)
1088_ITS_DIS_XX.wav,248,152,344,0.0846,54.52,33.55,15992,DIS (Disgust)
1088_ITH_DIS_XX.wav,217,136,343,0.0545,52.35,27.19,8810,DIS (Disgust)
1088_ITH_NEU_XX.wav,280,149,345,0.0672,62.86,29.29,14512,NEU (Neutral)
1088_ITS_HAP_XX.wav,390,135,345,0.1263,45.85,33.46,59963,HAP (Happy)
1088_ITS_ANG_XX.wav,1315,201,343,0.1367,43.29,37.07,1141401,ANG (Angry)
1088_ITS_FEA_XX.wav,341,136,340,0.1437,52.59,28.71,91006,FEA (Fear)
1088_ITS_NEU_XX.wav,272,141,340,0.1015,55.5,31.07,28367,NEU (Neutral)
1088_ITH_SAD_XX.wav,144,122,344,0.0467,42.16,21.88,975,SAD (Sadness)
1088_IWL_ANG_XX.wav,1775,174,343,0.071,38.74,30.17,1220257,ANG (Angry)
1088_ITS_SAD_XX.wav,193,128,343,0.0568,50.32,24.43,4484,SAD (Sadness)
1088_IWL_HAP_XX.wav,520,157,342,0.0496,32.99,24.05,35332,HAP (Happy)
1088_IWL_DIS_XX.wav,172,129,343,0.0449,62.81,24.69,1728,DIS (Disgust)
1088_IWL_NEU_XX.wav,474,153,343,0.0545,54.59,23.23,50262,NEU (Neutral)
1088_IWW_ANG_XX.wav,2034,173,344,0.1021,43.25,30.59,1639822,ANG (Angry)
1088_IWW_HAP_XX.wav,289,128,344,0.069,55.97,26.38,11270,HAP (Happy)
1088_IWL_SAD_XX.wav,177,138,345,0.0432,50.31,23.96,2164,SAD (Sadness)
1088_IWW_DIS_XX.wav,333,152,344,0.0656,49.61,29.82,18131,DIS (Disgust)
1088_IWL_FEA_XX.wav,173,119,346,0.0401,44.67,21.74,1267,FEA (Fear)
1088_IWW_NEU_XX.wav,366,156,344,0.0614,51.31,28.39,15649,NEU (Neutral)
1088_IWW_FEA_XX.wav,214,140,342,0.0553,53.36,25.67,5244,FEA (Fear)
1088_IWW_SAD_XX.wav,184,136,343,0.0533,60.82,21.86,2303,SAD (Sadness)
1088_MTI_ANG_XX.wav,1159,168,339,0.0847,49.03,28.99,415586,ANG (Angry)
1088_MTI_NEU_XX.wav,400,165,342,0.0642,46.86,25.22,23313,NEU (Neutral)
1088_MTI_DIS_XX.wav,324,155,345,0.0629,52.22,24.61,13274,DIS (Disgust)
1088_MTI_FEA_XX.wav,275,127,342,0.0612,41.81,25.77,8624,FEA (Fear)
1088_MTI_HAP_XX.wav,309,141,346,0.0574,55.32,22.48,14450,HAP (Happy)
1088_MTI_SAD_XX.wav,255,135,346,0.0478,48.76,21.83,4954,SAD (Sadness)
1088_TAI_HAP_XX.wav,277,145,345,0.0934,55.16,28.1,15123,HAP (Happy)
1088_TAI_DIS_XX.wav,353,153,345,0.0755,47.98,26.08,21532,DIS (Disgust)
1088_TAI_ANG_XX.wav,364,148,346,0.1322,49.97,25.53,39692,ANG (Angry)
1088_TAI_SAD_XX.wav,195,130,338,0.0554,44.73,22.74,3017,SAD (Sadness)
1088_TAI_NEU_XX.wav,500,155,341,0.0835,43.72,24.21,39479,NEU (Neutral)
1088_TAI_FEA_XX.wav,174,130,344,0.0654,47.26,23.0,2671,FEA (Fear)
1088_TIE_ANG_XX.wav,1093,178,341,0.1239,48.36,27.08,1277136,ANG (Angry)
1088_TIE_FEA_XX.wav,787,151,340,0.1098,49.1,36.73,279197,FEA (Fear)
1088_TSI_ANG_XX.wav,2668,186,340,0.2336,44.27,38.29,4058748,ANG (Angry)
1088_TIE_NEU_XX.wav,252,132,345,0.0687,61.18,23.53,12878,NEU (Neutral)
1088_TIE_SAD_XX.wav,169,127,341,0.0618,53.12,24.7,2520,SAD (Sadness)
1088_TIE_HAP_XX.wav,262,139,342,0.0592,53.86,23.7,13669,HAP (Happy)
1088_TIE_DIS_XX.wav,218,129,347,0.0731,50.88,28.18,8423,DIS (Disgust)
1088_TSI_NEU_XX.wav,393,170,340,0.1672,54.43,29.66,65517,NEU (Neutral)
1088_TSI_DIS_XX.wav,396,163,341,0.1695,54.92,25.47,50266,DIS (Disgust)
1088_TSI_SAD_XX.wav,177,126,345,0.095,49.61,25.56,6729,SAD (Sadness)
1088_TSI_HAP_XX.wav,520,146,343,0.1554,51.95,30.95,238387,HAP (Happy)
1088_TSI_FEA_XX.wav,222,134,341,0.1295,52.53,28.83,31688,FEA (Fear)
1088_WSI_DIS_XX.wav,560,143,339,0.134,53.4,34.34,132508,DIS (Disgust)
1089_DFA_ANG_XX.wav,1980,235,312,0.1471,20.01,37.94,6800897,ANG (Angry)
1088_WSI_HAP_XX.wav,484,145,341,0.1349,47.28,32.19,140915,HAP (Happy)
1088_WSI_ANG_XX.wav,2500,195,342,0.1794,35.38,34.25,3422123,ANG (Angry)
1088_WSI_SAD_XX.wav,166,130,344,0.0599,51.73,23.88,1950,SAD (Sadness)
1088_WSI_FEA_XX.wav,205,123,343,0.0906,49.78,31.0,11725,FEA (Fear)
1088_WSI_NEU_XX.wav,339,147,344,0.0958,50.06,31.42,24190,NEU (Neutral)
1089_DFA_DIS_XX.wav,402,178,342,0.1396,33.42,29.16,111031,DIS (Disgust)
1089_DFA_FEA_XX.wav,273,171,336,0.0863,34.24,25.33,23754,FEA (Fear)
1089_DFA_NEU_XX.wav,405,166,343,0.0986,37.23,34.82,117236,NEU (Neutral)
1089_DFA_SAD_XX.wav,180,145,344,0.087,43.56,23.35,10117,SAD (Sadness)
1089_DFA_HAP_XX.wav,475,184,344,0.0787,35.93,35.55,290685,HAP (Happy)
1089_IEO_ANG_HI.wav,2234,233,344,0.1358,26.89,28.07,6646775,ANG (Angry)
1089_IEO_ANG_MD.wav,1268,198,344,0.1006,29.37,30.45,1864807,ANG (Angry)
1089_IEO_ANG_LO.wav,1176,198,245,0.1013,21.33,31.14,832472,ANG (Angry)
1089_IEO_DIS_LO.wav,357,161,342,0.137,42.74,28.33,102743,DIS (Disgust)
1089_IEO_FEA_HI.wav,1369,183,345,0.1082,32.66,29.85,1486415,FEA (Fear)
1089_IEO_HAP_MD.wav,391,169,343,0.0933,34.74,26.99,65886,HAP (Happy)
1089_IEO_DIS_MD.wav,664,202,344,0.1158,25.53,25.76,435178,DIS (Disgust)
1089_IEO_FEA_LO.wav,187,137,332,0.0963,43.2,23.37,9030,FEA (Fear)
1089_IEO_DIS_HI.wav,773,183,342,0.1101,34.56,24.78,551988,DIS (Disgust)
1089_IEO_HAP_LO.wav,578,220,341,0.1013,27.9,34.05,382148,HAP (Happy)
1089_IEO_SAD_HI.wav,159,137,236,0.0633,47.17,21.82,4194,SAD (Sadness)
1089_IEO_NEU_XX.wav,345,168,342,0.0754,37.16,31.47,74012,NEU (Neutral)
1089_IEO_HAP_HI.wav,800,181,343,0.1022,29.24,35.01,893892,HAP (Happy)
1089_IEO_FEA_MD.wav,180,147,347,0.0685,47.86,24.05,6740,FEA (Fear)
1089_IEO_SAD_LO.wav,159,145,344,0.0645,47.96,23.86,7184,SAD (Sadness)
1089_IEO_SAD_MD.wav,146,126,344,0.0587,45.76,22.45,2546,SAD (Sadness)
1089_IOM_SAD_XX.wav,398,162,218,0.0631,19.79,14.45,32053,SAD (Sadness)
1089_IOM_FEA_XX.wav,393,194,343,0.0558,23.01,19.83,18373,FEA (Fear)
1089_IOM_ANG_XX.wav,3363,250,339,0.137,15.6,23.91,7670430,ANG (Angry)
1089_IOM_NEU_XX.wav,443,172,343,0.0661,23.39,15.35,54034,NEU (Neutral)
1089_ITH_HAP_XX.wav,573,195,344,0.1058,28.09,43.23,227668,HAP (Happy)
1089_ITH_ANG_XX.wav,1447,253,345,0.1515,18.18,34.24,2704016,ANG (Angry)
1089_ITH_FEA_XX.wav,372,162,344,0.0893,28.48,30.27,66926,FEA (Fear)
1089_IOM_DIS_XX.wav,611,194,342,0.0826,19.9,23.57,205816,DIS (Disgust)
1089_ITH_NEU_XX.wav,439,194,346,0.0845,29.44,29.8,118366,NEU (Neutral)
1089_IOM_HAP_XX.wav,944,221,348,0.0932,19.79,32.74,657032,HAP (Happy)
1089_ITS_NEU_XX.wav,435,186,343,0.1438,28.22,30.89,80376,NEU (Neutral)
1089_ITS_ANG_XX.wav,2009,207,346,0.172,19.19,29.9,3215776,ANG (Angry)
1089_ITS_DIS_XX.wav,494,196,339,0.229,43.31,27.0,169012,DIS (Disgust)
1089_ITS_HAP_XX.wav,619,173,344,0.1129,31.15,33.62,185742,HAP (Happy)
1089_ITS_SAD_XX.wav,244,155,340,0.1266,38.41,26.27,12814,SAD (Sadness)
1089_ITH_DIS_XX.wav,251,160,343,0.116,43.6,30.69,36665,DIS (Disgust)
1089_IWL_HAP_XX.wav,930,206,270,0.0825,15.73,27.03,311470,HAP (Happy)
1089_IWL_FEA_XX.wav,292,201,344,0.0809,34.5,24.85,21475,FEA (Fear)
1089_ITH_SAD_XX.wav,203,157,340,0.0812,36.95,28.86,7377,SAD (Sadness)
1089_ITS_FEA_XX.wav,335,165,345,0.1471,36.91,31.36,43367,FEA (Fear)
1089_IWL_ANG_XX.wav,3432,250,342,0.1289,14.37,27.4,7453600,ANG (Angry)
1089_IWL_NEU_XX.wav,430,171,342,0.0728,26.97,23.46,91228,NEU (Neutral)
1089_IWW_ANG_XX.wav,2156,248,343,0.1292,20.47,26.28,4843251,ANG (Angry)
1089_IWL_DIS_XX.wav,415,182,342,0.1043,37.53,24.78,76707,DIS (Disgust)
1089_IWW_FEA_XX.wav,259,153,345,0.1017,34.78,20.01,12023,FEA (Fear)
1089_IWW_SAD_XX.wav,205,167,346,0.0906,41.71,24.64,7021,SAD (Sadness)
1089_IWW_HAP_XX.wav,762,211,339,0.0972,29.0,41.05,219251,HAP (Happy)
1089_MTI_HAP_XX.wav,1388,247,344,0.0888,22.18,27.67,902556,HAP (Happy)
1089_MTI_ANG_XX.wav,2391,245,341,0.1342,20.86,27.32,5048808,ANG (Angry)
1089_IWL_SAD_XX.wav,235,158,342,0.0573,34.36,18.81,4755,SAD (Sadness)
1089_IWW_NEU_XX.wav,258,153,344,0.0742,44.93,27.31,21150,NEU (Neutral)
1089_IWW_DIS_XX.wav,423,160,307,0.0884,26.83,26.83,65474,DIS (Disgust)
1089_MTI_DIS_XX.wav,297,174,343,0.0739,38.21,20.98,20363,DIS (Disgust)
1089_MTI_FEA_XX.wav,294,183,296,0.0662,32.55,24.81,16243,FEA (Fear)
1089_MTI_NEU_XX.wav,473,177,255,0.0692,23.7,26.01,71357,NEU (Neutral)
1089_MTI_SAD_XX.wav,323,170,271,0.0728,28.95,21.36,44312,SAD (Sadness)
1089_TAI_HAP_XX.wav,2029,255,343,0.1326,15.69,32.24,2734532,HAP (Happy)
1089_TAI_NEU_XX.wav,393,165,343,0.1127,28.47,26.26,73718,NEU (Neutral)
1089_TAI_ANG_XX.wav,2750,247,340,0.1678,21.18,32.27,8207601,ANG (Angry)
1089_TAI_SAD_XX.wav,266,165,342,0.0887,37.06,24.65,12003,SAD (Sadness)
1089_TAI_FEA_XX.wav,551,219,342,0.1082,29.88,23.58,99148,FEA (Fear)
1089_TIE_ANG_XX.wav,1885,228,345,0.1556,21.73,33.41,5660644,ANG (Angry)
1089_TIE_FEA_XX.wav,513,188,343,0.1561,31.8,29.68,197721,FEA (Fear)
1089_TIE_NEU_XX.wav,303,150,308,0.0907,31.91,26.19,55105,NEU (Neutral)
1089_TIE_DIS_XX.wav,465,169,344,0.1552,28.46,25.16,200513,DIS (Disgust)
1089_TSI_FEA_XX.wav,455,191,342,0.1563,33.68,37.43,129487,FEA (Fear)
1089_TSI_ANG_XX.wav,1192,205,344,0.268,37.95,30.91,1272676,ANG (Angry)
1089_TIE_SAD_XX.wav,222,178,342,0.1161,43.54,26.68,17021,SAD (Sadness)
1089_TAI_DIS_XX.wav,600,213,341,0.1147,25.17,26.42,291045,DIS (Disgust)
1089_TIE_HAP_XX.wav,1195,227,340,0.1049,21.07,33.49,1729480,HAP (Happy)
1089_TSI_HAP_XX.wav,456,195,343,0.215,40.49,28.04,186835,HAP (Happy)
1089_TSI_SAD_XX.wav,222,165,282,0.1809,43.63,23.62,19828,SAD (Sadness)
1089_TSI_NEU_XX.wav,294,153,335,0.1597,34.61,26.78,42252,NEU (Neutral)
1089_TSI_DIS_XX.wav,338,176,343,0.3162,53.68,22.6,78679,DIS (Disgust)
1089_WSI_FEA_XX.wav,424,192,347,0.1456,29.98,36.58,58580,FEA (Fear)
1089_WSI_HAP_XX.wav,968,225,329,0.1932,22.64,39.49,1208450,HAP (Happy)
1089_WSI_NEU_XX.wav,417,158,291,0.1321,31.04,31.03,158777,NEU (Neutral)
1089_WSI_SAD_XX.wav,203,148,341,0.1188,33.07,25.23,10455,SAD (Sadness)
1089_WSI_ANG_XX.wav,1925,237,338,0.2137,19.73,30.53,4033502,ANG (Angry)
1090_DFA_ANG_XX.wav,1382,157,341,0.0943,43.87,31.03,1754150,ANG (Angry)
1090_DFA_DIS_XX.wav,651,158,340,0.0829,38.07,34.45,355045,DIS (Disgust)
1090_DFA_HAP_XX.wav,596,152,341,0.0701,34.64,33.24,86756,HAP (Happy)
1090_DFA_SAD_XX.wav,242,131,341,0.0582,42.0,28.88,7522,SAD (Sadness)
1089_WSI_DIS_XX.wav,346,169,342,0.1729,44.72,21.82,103192,DIS (Disgust)
1090_DFA_NEU_XX.wav,504,148,321,0.0676,43.81,38.95,75310,NEU (Neutral)
1090_DFA_FEA_XX.wav,264,130,342,0.0702,44.3,29.57,12604,FEA (Fear)
1090_IEO_FEA_LO.wav,317,131,226,0.066,38.79,28.66,17652,FEA (Fear)
1090_IEO_DIS_LO.wav,323,131,348,0.0891,48.08,32.46,32342,DIS (Disgust)
1090_IEO_FEA_HI.wav,317,154,340,0.0791,54.32,29.77,19640,FEA (Fear)
1090_IEO_ANG_LO.wav,1006,168,294,0.1247,37.12,24.8,820237,ANG (Angry)
1090_IEO_ANG_HI.wav,2093,204,345,0.1666,23.15,38.39,6400182,ANG (Angry)
1090_IEO_DIS_HI.wav,527,143,345,0.1078,44.21,32.78,88860,DIS (Disgust)
1090_IEO_ANG_MD.wav,1334,194,330,0.1364,28.06,32.52,1536778,ANG (Angry)
1090_IEO_FEA_MD.wav,240,124,346,0.0802,49.19,28.5,9092,FEA (Fear)
1090_IEO_HAP_HI.wav,656,161,343,0.0943,48.35,31.19,122001,HAP (Happy)
1090_IEO_HAP_MD.wav,418,154,342,0.0984,43.48,33.5,50911,HAP (Happy)
1090_IEO_DIS_MD.wav,339,157,340,0.0998,49.15,29.28,37679,DIS (Disgust)
1090_IEO_SAD_HI.wav,173,143,344,0.0622,56.7,24.58,2522,SAD (Sadness)
1090_IEO_NEU_XX.wav,191,137,333,0.0633,47.0,25.37,4240,NEU (Neutral)
1090_IEO_HAP_LO.wav,328,164,341,0.0694,45.9,35.33,26300,HAP (Happy)
1090_IEO_SAD_LO.wav,172,131,342,0.0594,62.55,23.58,2393,SAD (Sadness)
1090_IEO_SAD_MD.wav,193,138,345,0.0581,49.14,27.84,2705,SAD (Sadness)
1090_IOM_HAP_XX.wav,398,130,223,0.0504,32.73,22.12,22530,HAP (Happy)
1090_IOM_NEU_XX.wav,302,134,337,0.0453,37.89,18.68,8208,NEU (Neutral)
1090_IOM_DIS_XX.wav,786,144,304,0.0673,31.42,26.46,220752,DIS (Disgust)
1090_IOM_FEA_XX.wav,445,134,340,0.0461,42.96,19.95,26544,FEA (Fear)
1090_IOM_ANG_XX.wav,2246,172,332,0.089,19.86,22.45,2106232,ANG (Angry)
1090_ITH_NEU_XX.wav,369,138,342,0.0745,43.16,38.21,39953,NEU (Neutral)
1090_ITH_ANG_XX.wav,966,169,343,0.1012,43.07,32.79,569970,ANG (Angry)
1090_ITH_SAD_XX.wav,230,127,344,0.055,46.37,24.44,4747,SAD (Sadness)
1090_IOM_SAD_XX.wav,192,123,224,0.0438,43.61,19.44,1748,SAD (Sadness)
1090_ITH_DIS_XX.wav,409,134,342,0.0727,39.0,28.89,42648,DIS (Disgust)
1090_ITH_FEA_XX.wav,260,136,345,0.0551,46.05,32.46,11649,FEA (Fear)
1090_ITS_FEA_XX.wav,243,126,342,0.1011,42.81,27.58,11864,FEA (Fear)
1090_ITH_HAP_XX.wav,483,152,340,0.0588,37.95,39.67,53855,HAP (Happy)
1090_ITS_DIS_XX.wav,379,146,342,0.1254,42.44,27.77,34632,DIS (Disgust)
1090_ITS_NEU_XX.wav,337,145,343,0.1137,43.16,30.39,26612,NEU (Neutral)
1090_ITS_ANG_XX.wav,656,150,343,0.1285,38.69,37.13,235563,ANG (Angry)
1090_ITS_HAP_XX.wav,231,128,345,0.0866,41.19,26.44,5959,HAP (Happy)
1090_IWL_ANG_XX.wav,1338,164,337,0.0807,36.98,26.29,1367727,ANG (Angry)
1090_ITS_SAD_XX.wav,174,131,344,0.0755,51.6,23.78,2679,SAD (Sadness)
1090_IWL_HAP_XX.wav,419,131,344,0.0531,38.92,23.69,17079,HAP (Happy)
1090_IWL_NEU_XX.wav,365,134,341,0.0522,51.11,19.51,19000,NEU (Neutral)
1090_IWW_DIS_XX.wav,843,156,332,0.1045,44.84,32.94,265096,DIS (Disgust)
1090_IWW_FEA_XX.wav,235,120,228,0.071,41.45,23.08,6673,FEA (Fear)
1090_IWW_ANG_XX.wav,1108,153,343,0.1269,35.27,30.99,667880,ANG (Angry)
1090_IWW_HAP_XX.wav,497,147,343,0.0711,36.1,32.93,58018,HAP (Happy)
1090_IWL_FEA_XX.wav,462,130,343,0.0575,42.63,27.01,26656,FEA (Fear)
1090_IWL_SAD_XX.wav,307,130,346,0.0478,42.02,19.14,7400,SAD (Sadness)
1090_IWW_NEU_XX.wav,345,143,345,0.069,51.96,32.48,16154,NEU (Neutral)
1090_IWL_DIS_XX.wav,804,151,340,0.0718,42.28,25.95,314763,DIS (Disgust)
1090_MTI_ANG_XX.wav,1893,172,340,0.0823,27.67,25.91,1164974,ANG (Angry)
1090_MTI_NEU_XX.wav,496,138,343,0.055,37.61,28.61,32045,NEU (Neutral)
1090_IWW_SAD_XX.wav,249,131,343,0.0485,47.67,25.09,6398,SAD (Sadness)
1090_MTI_HAP_XX.wav,761,169,321,0.0683,26.99,27.95,175850,HAP (Happy)
1090_MTI_SAD_XX.wav,355,140,344,0.0517,41.93,25.42,11426,SAD (Sadness)
1090_MTI_FEA_XX.wav,363,130,285,0.049,29.12,26.29,11033,FEA (Fear)
1090_TAI_HAP_XX.wav,708,149,342,0.0953,40.61,31.47,195948,HAP (Happy)
1090_TAI_FEA_XX.wav,497,142,322,0.1032,36.66,30.85,56784,FEA (Fear)
1090_TAI_ANG_XX.wav,1213,178,341,0.1313,32.33,30.41,1104303,ANG (Angry)
1090_TAI_DIS_XX.wav,823,169,342,0.1226,38.33,30.06,220165,DIS (Disgust)
1090_TAI_SAD_XX.wav,283,139,343,0.0821,58.37,28.39,19194,SAD (Sadness)
1090_TAI_NEU_XX.wav,435,141,342,0.1087,45.22,30.17,83957,NEU (Neutral)
1090_TIE_ANG_XX.wav,1761,173,344,0.1326,27.45,33.36,3813479,ANG (Angry)
1090_TIE_HAP_XX.wav,575,157,340,0.0802,37.22,32.09,98364,HAP (Happy)
1090_TIE_FEA_XX.wav,291,138,306,0.0599,39.27,26.63,16027,FEA (Fear)
1090_MTI_DIS_XX.wav,466,153,343,0.0618,49.88,24.32,31079,DIS (Disgust)
1090_TIE_NEU_XX.wav,195,135,335,0.0616,50.72,25.39,3238,NEU (Neutral)
1090_TSI_ANG_XX.wav,1162,173,341,0.223,45.89,31.22,1161017,ANG (Angry)
1090_TSI_HAP_XX.wav,418,151,347,0.1834,42.99,30.95,91077,HAP (Happy)
1090_TSI_NEU_XX.wav,338,155,343,0.1637,48.92,38.43,51672,NEU (Neutral)
1090_TIE_DIS_XX.wav,374,142,343,0.0721,47.71,26.97,59329,DIS (Disgust)
1090_TIE_SAD_XX.wav,199,131,335,0.0679,48.0,24.17,3338,SAD (Sadness)
1090_TSI_DIS_XX.wav,333,153,336,0.1936,47.11,26.61,51991,DIS (Disgust)
1090_WSI_FEA_XX.wav,276,138,307,0.1295,41.77,27.12,27140,FEA (Fear)
1090_WSI_ANG_XX.wav,796,166,335,0.1616,44.99,29.83,514490,ANG (Angry)
1090_WSI_HAP_XX.wav,413,156,346,0.1184,41.96,33.81,44910,HAP (Happy)
1090_TSI_FEA_XX.wav,416,143,341,0.1761,44.15,24.44,144727,FEA (Fear)
1090_WSI_DIS_XX.wav,347,149,343,0.1728,51.33,29.47,59669,DIS (Disgust)
1090_TSI_SAD_XX.wav,221,143,346,0.1975,44.57,23.66,26727,SAD (Sadness)
1091_DFA_ANG_XX.wav,1379,209,342,0.1408,27.98,38.85,2196794,ANG (Angry)
1090_WSI_NEU_XX.wav,242,129,342,0.09,45.98,27.25,11763,NEU (Neutral)
1091_DFA_HAP_XX.wav,329,167,341,0.1069,33.47,31.53,34322,HAP (Happy)
1091_DFA_NEU_XX.wav,303,152,345,0.0694,41.49,32.6,19173,NEU (Neutral)
1090_WSI_SAD_XX.wav,234,129,342,0.1112,46.99,26.3,14128,SAD (Sadness)
1091_DFA_DIS_XX.wav,242,150,344,0.08,40.66,29.67,16452,DIS (Disgust)
1091_DFA_SAD_XX.wav,202,145,340,0.0627,48.73,26.88,5262,SAD (Sadness)
1091_DFA_FEA_XX.wav,288,159,342,0.0911,38.6,31.94,33766,FEA (Fear)
1091_IEO_ANG_MD.wav,462,188,345,0.0819,41.2,27.22,70484,ANG (Angry)
1091_IEO_ANG_LO.wav,709,177,342,0.0904,31.51,26.43,171435,ANG (Angry)
1091_IEO_ANG_HI.wav,2317,205,343,0.1373,30.08,33.41,9097206,ANG (Angry)
1091_IEO_DIS_MD.wav,833,219,341,0.0975,23.77,27.81,528095,DIS (Disgust)
1091_IEO_FEA_HI.wav,1094,197,341,0.1119,32.35,33.0,961210,FEA (Fear)
1091_IEO_DIS_LO.wav,180,161,342,0.0578,47.17,26.15,2723,DIS (Disgust)
1091_IEO_NEU_XX.wav,281,167,342,0.0634,43.13,26.35,11837,NEU (Neutral)
1091_IEO_HAP_LO.wav,264,134,265,0.0788,38.25,25.39,13773,HAP (Happy)
1091_IEO_FEA_LO.wav,203,151,344,0.079,42.45,22.52,7053,FEA (Fear)
1091_IEO_DIS_HI.wav,1195,215,344,0.1157,28.36,31.38,1642300,DIS (Disgust)
1091_IEO_FEA_MD.wav,200,141,345,0.0669,42.36,29.65,5777,FEA (Fear)
1091_IEO_SAD_LO.wav,196,150,344,0.0603,45.24,22.7,2757,SAD (Sadness)
1091_IEO_HAP_HI.wav,936,164,342,0.091,25.14,31.85,1007078,HAP (Happy)
1091_IEO_SAD_HI.wav,173,142,342,0.0528,48.03,25.83,2868,SAD (Sadness)
1091_IEO_HAP_MD.wav,202,143,340,0.0835,42.96,25.75,4482,HAP (Happy)
1091_IEO_SAD_MD.wav,210,142,202,0.0528,32.73,22.59,6677,SAD (Sadness)
1091_IOM_ANG_XX.wav,1294,193,344,0.0778,29.39,31.94,854378,ANG (Angry)
1091_IOM_NEU_XX.wav,582,167,337,0.0483,32.18,20.62,72545,NEU (Neutral)
1091_IOM_DIS_XX.wav,345,152,346,0.0453,33.72,19.38,10399,DIS (Disgust)
1091_IOM_SAD_XX.wav,285,135,210,0.0384,25.22,18.16,3691,SAD (Sadness)
1091_IOM_HAP_XX.wav,356,170,314,0.0413,18.98,26.9,9551,HAP (Happy)
1091_IOM_FEA_XX.wav,456,159,345,0.0511,38.2,25.66,31671,FEA (Fear)
1091_ITH_ANG_XX.wav,635,175,344,0.0949,30.42,39.36,223887,ANG (Angry)
1091_ITH_NEU_XX.wav,250,153,344,0.0603,46.63,31.13,8260,NEU (Neutral)
1091_ITH_FEA_XX.wav,217,149,345,0.0828,38.23,29.17,10989,FEA (Fear)
1091_ITH_HAP_XX.wav,246,147,344,0.058,38.32,27.93,7522,HAP (Happy)
1091_ITS_ANG_XX.wav,809,163,345,0.1245,35.42,29.63,394937,ANG (Angry)
1091_ITS_FEA_XX.wav,247,154,344,0.085,39.97,26.66,14191,FEA (Fear)
1091_ITH_DIS_XX.wav,208,161,344,0.0719,46.89,26.19,6418,DIS (Disgust)
1091_ITS_DIS_XX.wav,307,151,347,0.065,37.69,24.8,14038,DIS (Disgust)
1091_ITH_SAD_XX.wav,181,134,344,0.0504,42.45,25.33,2231,SAD (Sadness)
1091_ITS_NEU_XX.wav,243,144,343,0.0914,39.22,30.86,12867,NEU (Neutral)
1091_ITS_SAD_XX.wav,204,147,340,0.0865,42.04,26.45,4458,SAD (Sadness)
1091_ITS_HAP_XX.wav,559,175,341,0.0973,26.76,30.28,59483,HAP (Happy)
1091_IWL_ANG_XX.wav,629,158,343,0.0629,26.2,22.92,134394,ANG (Angry)
1091_IWL_FEA_XX.wav,289,146,208,0.0519,33.14,25.53,9303,FEA (Fear)
1091_IWL_DIS_XX.wav,281,165,341,0.0502,30.8,23.49,10680,DIS (Disgust)
1091_IWL_NEU_XX.wav,368,141,343,0.0568,29.97,24.57,37548,NEU (Neutral)
1091_IWL_HAP_XX.wav,411,150,340,0.0571,31.07,26.14,29444,HAP (Happy)
1091_IWL_SAD_XX.wav,213,147,342,0.0449,38.28,24.71,2895,SAD (Sadness)
1091_IWW_ANG_XX.wav,872,173,344,0.1068,31.72,29.11,304031,ANG (Angry)
1091_IWW_FEA_XX.wav,325,147,334,0.0853,27.8,24.83,22901,FEA (Fear)
1091_IWW_HAP_XX.wav,248,146,343,0.0889,34.94,25.71,7765,HAP (Happy)
1091_IWW_DIS_XX.wav,481,182,342,0.0864,32.09,29.02,104429,DIS (Disgust)
1091_IWW_SAD_XX.wav,263,168,340,0.0617,38.01,29.59,7119,SAD (Sadness)
1091_MTI_ANG_XX.wav,976,182,344,0.0857,31.68,28.12,369481,ANG (Angry)
1091_IWW_NEU_XX.wav,311,143,345,0.0667,35.67,26.68,16682,NEU (Neutral)
1091_MTI_NEU_XX.wav,494,172,345,0.0748,35.28,27.86,36267,NEU (Neutral)
1091_MTI_SAD_XX.wav,357,164,346,0.0722,29.45,25.94,17649,SAD (Sadness)
1091_MTI_HAP_XX.wav,358,170,342,0.0651,35.05,28.45,10428,HAP (Happy)
1091_TAI_ANG_XX.wav,927,190,347,0.1285,27.2,28.35,627906,ANG (Angry)
1091_MTI_FEA_XX.wav,861,191,341,0.0766,25.79,31.86,168264,FEA (Fear)
1091_MTI_DIS_XX.wav,313,167,336,0.0619,29.38,24.32,12862,DIS (Disgust)
1091_TAI_FEA_XX.wav,293,139,346,0.0911,34.38,24.18,19402,FEA (Fear)
1091_TAI_NEU_XX.wav,500,169,343,0.0915,37.91,28.73,55946,NEU (Neutral)
1091_TAI_HAP_XX.wav,371,139,325,0.0767,29.42,21.89,16403,HAP (Happy)
1091_TAI_DIS_XX.wav,209,160,342,0.0942,50.65,20.91,6301,DIS (Disgust)
1091_TIE_ANG_XX.wav,1401,190,341,0.1297,22.22,38.31,2950373,ANG (Angry)
1091_TIE_FEA_XX.wav,585,159,347,0.1011,31.8,35.74,164676,FEA (Fear)
1091_TIE_NEU_XX.wav,313,157,340,0.0642,31.0,24.01,19494,NEU (Neutral)
1091_TIE_SAD_XX.wav,288,154,342,0.0828,32.35,23.39,20561,SAD (Sadness)
1091_TAI_SAD_XX.wav,243,160,347,0.0741,42.09,22.57,5903,SAD (Sadness)
1091_TIE_HAP_XX.wav,317,157,343,0.0772,36.39,29.38,54270,HAP (Happy)
1091_TSI_ANG_XX.wav,784,197,345,0.2144,35.31,31.7,502788,ANG (Angry)
1091_TIE_DIS_XX.wav,439,164,343,0.0742,37.33,29.5,80684,DIS (Disgust)
1091_TSI_DIS_XX.wav,212,154,341,0.1752,41.43,23.58,20054,DIS (Disgust)
1091_TSI_FEA_XX.wav,321,164,347,0.1638,47.31,29.37,87582,FEA (Fear)
1091_TSI_HAP_XX.wav,362,162,343,0.1598,39.47,31.27,71206,HAP (Happy)
1091_TSI_NEU_XX.wav,339,160,341,0.1701,48.44,27.15,48723,NEU (Neutral)
1091_TSI_SAD_XX.wav,232,144,345,0.1476,39.71,25.13,17177,SAD (Sadness)
1091_WSI_ANG_XX.wav,559,170,343,0.1384,32.31,30.4,143914,ANG (Angry)
1091_WSI_HAP_XX.wav,465,161,345,0.1393,29.44,33.27,56121,HAP (Happy)
1091_WSI_DIS_XX.wav,270,155,343,0.1201,43.51,25.84,20334,DIS (Disgust)
1091_WSI_NEU_XX.wav,346,167,344,0.113,42.58,26.76,69906,NEU (Neutral)
1091_WSI_FEA_XX.wav,265,146,343,0.0975,31.01,26.87,31200,FEA (Fear)
1091_WSI_SAD_XX.wav,229,136,343,0.1004,38.5,22.93,13671,SAD (Sadness)
